"SYMBOL","COMPANY NAME","SERIES","PURPOSE","FACE VALUE","EX-DATE","RECORD DATE","BOOK CLOSURE START DATE","BOOK CLOSURE END DATE"
"LITL","Lanco Infratech Limited","EQ","Fv Split Rs.10 To Re.1","1","04-Jan-2010","05-Jan-2010","-","-"
"RECLTD","REC Limited","EQ","Int Div-Rs.3/- Per Share Purpose Revised","10","04-Jan-2010","05-Jan-2010","-","-"
"BBOX","Black Box Limited","EQ","Agm/Div-Rs.3.50 Per Share","2","04-Jan-2010","-","06-Jan-2010","29-Jan-2010"
"POWERGRID","Power Grid Corporation of India Limited","EQ","Int Div-Re.0.50 Per Sharepurpose Revised","10","11-Jan-2010","12-Jan-2010","-","-"
"AUTOAXLES","Automotive Axles Limited","EQ","Fin Div-Rs.2.70 Per Share","10","11-Jan-2010","-","13-Jan-2010","15-Jan-2010"
"BALRAMCHIN","Balrampur Chini Mills Limited","EQ","Agm/Div-Rs.3/- Per Share","1","12-Jan-2010","-","14-Jan-2010","29-Jan-2010"
"WALCHANNAG","Walchandnagar Industries Limited","EQ","Dividend-Re.1/- Per Share","2","12-Jan-2010","-","14-Jan-2010","20-Jan-2010"
"BANSWRAS","Banswara Syntex Limited","EQ","Int Div-Rs.1.50 Per Share","5","14-Jan-2010","15-Jan-2010","-","-"
"RELIGARE","Religare Enterprises Limited","EQ","Rights 2:3@Prem Rs.345/-","10","15-Jan-2010","18-Jan-2010","-","-"
"MASTEK","Mastek Limited","EQ","Int Div-Rs.2/- Per Share Purpose Revised","5","15-Jan-2010","18-Jan-2010","-","-"
"SUPREMEIND","Supreme Industries Limited","EQ","Int Div-Rs.5/- Per Share Purpose Revised","2","18-Jan-2010","19-Jan-2010","-","-"
"SIEMENS","Siemens Limited","EQ","Dividend-Rs.5/- Per Share","2","19-Jan-2010","-","21-Jan-2010","29-Jan-2010"
"RML","Rane (Madras) Limited","EQ","Int Div-Rs.2.50 Per Sharepurpose Revised","10","21-Jan-2010","23-Jan-2010","-","-"
"SHPRE","Shree Precoated Steels Limited","EQ","Annual General Meeting","10","21-Jan-2010","-","23-Jan-2010","30-Jan-2010"
"SEINVEST","S.E. Investments Limited","EQ","Int Div-Re.1/- Per Share Purpose Revised","1","21-Jan-2010","22-Jan-2010","-","-"
"NECLIFE","Nectar Lifesciences Limited","EQ","Int Div-Re.0.25 Per Sharepurpose Revised","1","21-Jan-2010","22-Jan-2010","-","-"
"WINSOMYARN","Winsome Yarns Limited","EQ","Fv Split Rs.10 To Re.1","1","21-Jan-2010","22-Jan-2010","-","-"
"IIFL","IIFL Finance Limited","EQ","2nd Int Div-Rs.1.80 Pr Shpurpose Revised","2","25-Jan-2010","27-Jan-2010","-","-"
"SHREECEM","SHREE CEMENT LIMITED","EQ","Int Div-Rs.5/- Per Share Purpose Revised","10","25-Jan-2010","27-Jan-2010","-","-"
"TVSMOTOR","TVS Motor Company Limited","EQ","Int Div-Re.0.70 Per Sharepurpose Revised","1","25-Jan-2010","27-Jan-2010","-","-"
"IPCALAB","IPCA Laboratories Limited","EQ","2nd Int Div-Rs.4/- Pr Shrpurpose Revised","1","27-Jan-2010","28-Jan-2010","-","-"
"BIRLANU","BirlaNu Limited","EQ","Int Div-Rs.6/- Per Share","10","27-Jan-2010","28-Jan-2010","-","-"
"TCS","Tata Consultancy Services Limited","EQ","3rd Int Div-Rs.2/- Pr Shr","1","27-Jan-2010","28-Jan-2010","-","-"
"RANEENGINE","Rane Engine Valve Limited","EQ","Int Div-Rs.1.50 Per Sharepurpose Revised","10","28-Jan-2010","29-Jan-2010","-","-"
"SUNTV","Sun TV Network Limited","EQ","Int Div-Rs.1.50 Per Sharepurpose Revised","5","28-Jan-2010","29-Jan-2010","-","-"
"GANDHITUBE","Gandhi Special Tubes Limited","EQ","Div-Int Re 2.5+Spl Re 2.5purpose Revised","5","28-Jan-2010","29-Jan-2010","-","-"
"PRAJIND","Praj Industries Limited","EQ","Int Div-Rs.1.44 Per Sharepurpose Revised","2","28-Jan-2010","29-Jan-2010","-","-"
"RBL","Rane Brake Lining Limited","EQ","Int Div-Rs.3/- Per Share Purpose Revised","10","28-Jan-2010","29-Jan-2010","-","-"
"BAJAJELEC","Bajaj Electricals Limited","EQ","Fv Split Rs.10 To Rs.2","2","28-Jan-2010","29-Jan-2010","-","-"
"HCLTECH","HCL Technologies Limited","EQ","2nd Int Div-Re.1/- Per Shpurpose Revised","2","29-Jan-2010","01-Feb-2010","-","-"
"SUNCLAYTON","Sundaram Clayton Limited","EQ","Int Div-Re.0.50 Per Sharepurpose Revised","5","29-Jan-2010","01-Feb-2010","-","-"
"PATELENG","Patel Engineering Limited","EQ","Interim Div-Rs.2/- Per Shpurpose Revised","1","29-Jan-2010","01-Feb-2010","-","-"
"TATAINVEST","Tata Investment Corporation Limited","EQ","Int Div-Rs.15 Per Share","1","01-Feb-2010","02-Feb-2010","-","-"
"GODREJCP","Godrej Consumer Products Limited","EQ","3rd Int Div-Re.1/- Pr Shrpurpose Revised","1","01-Feb-2010","02-Feb-2010","-","-"
"CONCOR","Container Corporation of India Limited","EQ","Int Div-Rs.6/- Per Share","5","01-Feb-2010","02-Feb-2010","-","-"
"SAIL","Steel Authority of India Limited","EQ","Int Div-Rs.1.60 Per Sharepurpose Revised","10","01-Feb-2010","02-Feb-2010","-","-"
"SHREEASHTA","Shree Ashtavinayak Cine Vision Limited","EQ","Bonus 4:1","1","01-Feb-2010","02-Feb-2010","-","-"
"COROMANDEL","Coromandel International Limited","EQ","Int Div-Rs.6/- Per Share","1","02-Feb-2010","03-Feb-2010","-","-"
"HGM","HandsOn Global Management (HGM) Limited","EQ","Int Div-Rs.2/- Per Share Purpose Revised","10","02-Feb-2010","03-Feb-2010","-","-"
"HCL-INSYS","HCL Infosystems Limited","EQ","2nd Int Div-Rs.2/- Per Shpurpose Revised","2","02-Feb-2010","03-Feb-2010","-","-"
"RANEHOLDIN","Rane Holdings Limited","EQ","Int Div-Rs.6/- Per Share Purpose Revised","10","02-Feb-2010","03-Feb-2010","-","-"
"DHAMPURSUG","Dhampur Sugar Mills Limited","EQ","Agm/Div-Rs.1.50 Per Sharebc Dates Revised","10","02-Feb-2010","-","04-Feb-2010","10-Feb-2010"
"GLOBOFFS","Global Offshore Services Limited","EQ","2nd Int Div-Re.0.80 Pr Sh","10","03-Feb-2010","04-Feb-2010","-","-"
"KIRLOSOIL","Kirloskar Oil Engines Limited","EQ","Int Div-Rs.1.50 Per Share","2","03-Feb-2010","04-Feb-2010","-","-"
"AARTIIND","Aarti Industries Limited","EQ","Int Div-Rs.1.80 Per Sharepurpose Revised","5","03-Feb-2010","04-Feb-2010","-","-"
"ADANIPORTS","Adani Ports and Special Economic Zone Limited","EQ","Int Div-Rs.2.50 Per Sharepurpose Revised","2","03-Feb-2010","04-Feb-2010","-","-"
"BEL","Bharat Electronics Limited","EQ","Int Div-Rs.6/- Per Share Purpose Revised","1","03-Feb-2010","04-Feb-2010","-","-"
"EDELWEISS","Edelweiss Financial Services Limited","EQ","Int Div-Rs.2/- Per Share","1","03-Feb-2010","04-Feb-2010","-","-"
"TCI","Transport Corporation of India Limited","EQ","Int Div-Re.0.40 Per Share","2","03-Feb-2010","04-Feb-2010","-","-"
"HINDUJAFO","Hinduja Foundries Limited","EQ","Rights 7:13 @Prem Rs.40/-","10","03-Feb-2010","04-Feb-2010","-","-"
"PFC","Power Finance Corporation Limited","EQ","Int Div-Rs.3/- Per Share Purpose Revised","10","03-Feb-2010","04-Feb-2010","-","-"
"PAGEIND","Page Industries Limited","EQ","4th Int Div-Rs.6/- Per Shpurpose Revised","10","03-Feb-2010","04-Feb-2010","-","-"
"KEMROCK","Kemrock Industries and Exports Limited","EQ","Int Div-Re.1/- Per Share Purpose Revised","10","04-Feb-2010","05-Feb-2010","-","-"
"DYNAMATECH","Dynamatic Technologies Limited","EQ","2nd Int Div-Rs.2.50 Pr Shpurpose Revised","10","04-Feb-2010","05-Feb-2010","-","-"
"DCHL","Deccan Chronicle Holdings Limited","EQ","3rd Int Div-Re.1/- Pr Shrpurpose Revised","2","04-Feb-2010","05-Feb-2010","-","-"
"PRECWIRE","Precision Wires India Limited","EQ","Int Div-Rs.2.40 Per Sharepurpose Revised","1","04-Feb-2010","05-Feb-2010","-","-"
"EIDPARRY","EID Parry India Limited","EQ","Int Div-Rs.6/- Per Share Purpose Revised","1","04-Feb-2010","05-Feb-2010","-","-"
"EDUCOMP","Educomp Solutions Limited","EQ","Int Div-Re.1/- Per Share Purpose Revised","2","04-Feb-2010","06-Feb-2010","-","-"
"PNB","Punjab National Bank","EQ","Int Div-Rs.10/- Per Share","2","04-Feb-2010","06-Feb-2010","-","-"
"VIPIND","VIP Industries Limited","EQ","Int Div-Rs.2/- Per Share","2","04-Feb-2010","05-Feb-2010","-","-"
"NMDC","NMDC Limited","EQ","Int Div-Re.0.75 Per Share","1","04-Feb-2010","05-Feb-2010","-","-"
"POLARIS","POLARIS CONSULTING & SERVICES LIMITED","EQ","Int Div-Rs.1.75 Per Share","5","04-Feb-2010","05-Feb-2010","-","-"
"CGPOWER","CG Power and Industrial Solutions Limited","EQ","2nd Int Div-Rs.1.40 Pr Shpurpose Revised","2","04-Feb-2010","05-Feb-2010","-","-"
"KCP","KCP Limited","EQ","3rd Int Div-Rs.2.50 Pr Shpurpose Revised","1","04-Feb-2010","05-Feb-2010","-","-"
"NILKAMAL","Nilkamal Limited","EQ","Int Div-Rs.2/- Per Share","10","04-Feb-2010","05-Feb-2010","-","-"
"GFLLIMITED","GFL Limited","EQ","2nd Int Div-Re.1/- Per Sh","1","05-Feb-2010","08-Feb-2010","-","-"
"NATCOPHARM","Natco Pharma Limited","EQ","Int Div-Rs.2/- Per Share","2","05-Feb-2010","08-Feb-2010","-","-"
"SBIN","State Bank of India","EQ","Int Div-Rs.10/- Per Share","1","05-Feb-2010","-","09-Feb-2010","13-Feb-2010"
"AUROPHARMA","Aurobindo Pharma Limited","EQ","Int Div-Rs.3/- Per Share Purpose Revised","1","05-Feb-2010","08-Feb-2010","-","-"
"HAVELLS","Havells India Limited","EQ","Int Div-Rs.1.25 Per Share","1","09-Feb-2010","10-Feb-2010","-","-"
"GREAVESCOT","Greaves Cotton Limited","EQ","2nd Int Div-Rs.1.50 Pr Sh","2","09-Feb-2010","10-Feb-2010","-","-"
"SUNDRMFAST","Sundram Fasteners Limited","EQ","Int Div-Re.0.40 Per Share","1","09-Feb-2010","10-Feb-2010","-","-"
"AMRUTANJAN","Amrutanjan Health Care Limited","EQ","Int Div-Rs.5/- Per Share","1","09-Feb-2010","10-Feb-2010","-","-"
"SUPRAJIT","Suprajit Engineering Limited","EQ","Div- Int Re.1+Spl Rs.1.25","1","09-Feb-2010","10-Feb-2010","-","-"
"63MOONS","63 moons technologies limited","EQ","3rd Int Div-Rs.2/- Pr Shr","2","09-Feb-2010","10-Feb-2010","-","-"
"GAEL","Gujarat Ambuja Exports Limited","EQ","Int Div-Re.0.40 Per Share","1","09-Feb-2010","10-Feb-2010","-","-"
"GEODESIC","Geodesic Limited","EQ","Int Div-Re.0.75 Per Share","2","09-Feb-2010","10-Feb-2010","-","-"
"SMLMAH","SML Mahindra Limited","EQ","Rights 19:50@Prem Rs.190","10","09-Feb-2010","10-Feb-2010","-","-"
"BHEL","Bharat Heavy Electricals Limited","EQ","Int Div-Rs.11/- Per Share","2","09-Feb-2010","10-Feb-2010","-","-"
"SUNDARMFIN","Sundaram Finance Limited","EQ","Int Div-Rs.6/- Per Share Purpose Revised","10","09-Feb-2010","10-Feb-2010","-","-"
"OIL","Oil India Limited","EQ","Int Div-Rs.18/- Per Share","10","10-Feb-2010","11-Feb-2010","-","-"
"MPHASIS","MphasiS Limited","EQ","Dividend-Rs.3.50 Pr Share","10","10-Feb-2010","-","13-Feb-2010","24-Feb-2010"
"VATSALTD","Vatsa Corporations Limited","EQ","Annual General Meeting","1","10-Feb-2010","-","13-Feb-2010","20-Feb-2010"
"CCCL","Consolidated Construction Consortium Limited","EQ","Fv Split Rs.10 To Rs.2","2","10-Feb-2010","11-Feb-2010","-","-"
"KRBL","KRBL Limited","EQ","Fv Spl-Rs10tore1/Div-1.50","1","10-Feb-2010","12-Feb-2010","-","-"
"DALMIASUG","Dalmia Bharat Sugar and Industries Limited","EQ","Int Div-Re.1/- Per Share","2","11-Feb-2010","15-Feb-2010","-","-"
"IMPAL","India Motor Parts and Accessories Limited","EQ","Int Div-Rs.14/- Per Sharepurpose Revised","10","15-Feb-2010","16-Feb-2010","-","-"
"TVSSRICHAK","TVS Srichakra Limited","EQ","Int Div-Rs.10/- Per Sharepurpose  Revised","10","16-Feb-2010","17-Feb-2010","-","-"
"THIRUSUGAR","Thiru Arooran Sugars Limited","EQ","Dividend-Rs.4/- Per Share","10","16-Feb-2010","-","18-Feb-2010","25-Feb-2010"
"SOLARINDS","Solar Industries India Limited","EQ","Int Div-Rs.3.50 Per Share","2","17-Feb-2010","18-Feb-2010","-","-"
"STCINDIA","The State Trading Corporation of India Limited","EQ","Int Div-Rs.2.50 Per Share","10","17-Feb-2010","18-Feb-2010","-","-"
"AIAENG","AIA Engineering Limited","EQ","Int Div-Re.0.80 Per Share","2","18-Feb-2010","19-Feb-2010","-","-"
"AMBUJACEM","Ambuja Cements Limited","EQ","Dividend-Rs.1.20 Pr Share","2","18-Feb-2010","-","20-Feb-2010","05-Mar-2010"
"CASTROL","Castrol India Limited","EQ","Div-Fin Rs.5+Spl Rs.10   Purpose Revised","10","22-Feb-2010","-","24-Feb-2010","26-Feb-2010"
"MAWANASUG","Mawana Sugars Limited","EQ","Annual General Meeting","10","22-Feb-2010","-","24-Feb-2010","25-Feb-2010"
"STERTOOLS","Sterling Tools Limited","EQ","Int Div-Rs.3/- Per Share Purpose Revised","2","22-Feb-2010","23-Feb-2010","-","-"
"ANDHRAPAP","ANDHRA PAPER LIMITED","EQ","Rights-Eq3:11 & 1wrnt:1eq","2","23-Feb-2010","24-Feb-2010","-","-"
"KMSUGAR","K.M.Sugar Mills Limited","EQ","Annual General Meeting","2","23-Feb-2010","-","25-Feb-2010","25-Feb-2010"
"ESCORTS","Escorts Kubota Limited","EQ","Dividend-Rs.1/- Per Share","10","25-Feb-2010","-","01-Mar-2010","12-Mar-2010"
"MRF","MRF Limited","EQ","Fin Div-Rs.19/- Per Share","10","25-Feb-2010","-","01-Mar-2010","11-Mar-2010"
"FCSSOFT","FCS Software Solutions Limited","EQ","Bonus 1:1","1","26-Feb-2010","02-Mar-2010","-","-"
"VISHALEXPO","Vishal Exports Overseas Limited","EQ","Annual General Meeting","1","02-Mar-2010","-","04-Mar-2010","10-Mar-2010"
"TV18BRDCST","TV18 Broadcast Limited","EQ","Rights 3:10 @Prem Rs.91.5","2","03-Mar-2010","04-Mar-2010","-","-"
"ABBOTINDIA","Abbott India Limited","EQ","Agm/Div-Rs.17/- Per Share","10","03-Mar-2010","-","05-Mar-2010","12-Mar-2010"
"DWARKESH","Dwarikesh Sugar Industries Limited","EQ","Agm/Div-Rs.1.50 Per Share","1","03-Mar-2010","-","05-Mar-2010","16-Mar-2010"
"SUNDRMBRAK","Sundaram Brake Linings Limited","EQ","Int Div-Rs.4/- Per Share Purpose Revised","10","03-Mar-2010","04-Mar-2010","-","-"
"NRC","NRC Limited","EQ","Annual General Meeting","10","04-Mar-2010","-","08-Mar-2010","17-Mar-2010"
"INDIANB","Indian Bank","EQ","Int Div-Rs.2.50 Per Share","10","04-Mar-2010","05-Mar-2010","-","-"
"ZENITHSTL","Zenith Steel Pipes & Industries Limited","EQ","Scheme Of Arrangement","10","04-Mar-2010","05-Mar-2010","-","-"
"EICHERMOT","Eicher Motors Limited","EQ","Dividend-Rs.7/- Per Share","1","05-Mar-2010","-","09-Mar-2010","15-Mar-2010"
"BRITANNIA","Britannia Industries Limited","EQ","Sch Of Agmt- Bonus Deb1:1","1","08-Mar-2010","09-Mar-2010","-","-"
"CGPOWER","CG Power and Industrial Solutions Limited","EQ","Bonus 3:4","2","08-Mar-2010","09-Mar-2010","-","-"
"STLTECH","Sterlite Technologies Limited","EQ","Bon 1:1/Fv Spl Rs.5tors.2","2","09-Mar-2010","10-Mar-2010","-","-"
"GLAXO","GlaxoSmithKline Pharmaceuticals Limited","EQ","Dividend-Rs.30/- Pr Share","10","10-Mar-2010","-","12-Mar-2010","25-Mar-2010"
"HELIOSMATH","Helios And Matheson Information Technology Limited","EQ","Agm/Fin Div-Re.1/- Pr Shr","10","11-Mar-2010","-","15-Mar-2010","25-Mar-2010"
"BFUTILITIE","BF Utilities Limited","EQ","Scheme Of Arrangement","5","11-Mar-2010","12-Mar-2010","-","-"
"DBCORP","D.B.Corp Limited","EQ","Int Div-Re.0.75 Per Share","10","11-Mar-2010","12-Mar-2010","-","-"
"BAJAJHIND","Bajaj Hindusthan Sugar Limited","EQ","Agm/Div-Re.0.70 Per Share","1","11-Mar-2010","-","13-Mar-2010","18-Mar-2010"
"GUJRATGAS","Gujarat Gas Company Limited","EQ","Div - Fin Rs.3 + Spl Rs.5","2","12-Mar-2010","-","17-Mar-2010","19-Mar-2010"
"VALUEIND","Value Industries Limited","EQ","Agm/Div-Re.1/- Per Share","10","12-Mar-2010","-","17-Mar-2010","30-Mar-2010"
"CRISIL","CRISIL Limited","EQ","Dividend-Rs.25/- Pr Share","1","12-Mar-2010","-","17-Mar-2010","18-Mar-2010"
"LML","LML Limited","EQ","Annual General Meeting","10","15-Mar-2010","-","18-Mar-2010","25-Mar-2010"
"PRSMJOHNSN","Prism Johnson Limited","EQ","2nd Int Div-Rs.1.50 P Shrpurpose Revised","10","15-Mar-2010","17-Mar-2010","-","-"
"RENUKA","Shree Renuka Sugars Limited","EQ","Bonus 1:1","1","15-Mar-2010","17-Mar-2010","-","-"
"NLCINDIA","NLC India Limited","EQ","Int Div-Re.1/- Per Share","10","15-Mar-2010","17-Mar-2010","-","-"
"HINDDORROL","Hindustan Dorr-Oliver Limited","EQ","Bonus 1:1","2","15-Mar-2010","17-Mar-2010","-","-"
"PIDILITIND","Pidilite Industries Limited","EQ","Bonus 1:1","1","15-Mar-2010","17-Mar-2010","-","-"
"ARIHANT","Arihant Foundations & Housing Limited","EQ","Agm/Div-Rs.1/- Per Share","10","17-Mar-2010","-","19-Mar-2010","26-Mar-2010"
"VIDEOIND","Videocon Industries Limited","EQ","Agm/Div-Rs.2/Rh2:9@Prm215","10","18-Mar-2010","-","22-Mar-2010","30-Mar-2010"
"SUPRAJIT","Suprajit Engineering Limited","EQ","Bon 1:1/Fv Spl Rs.5tore.1","1","18-Mar-2010","20-Mar-2010","-","-"
"PGHL","Procter & Gamble Health Limited","EQ","Dividend-Rs.20/- Pr Share","10","18-Mar-2010","-","20-Mar-2010","29-Mar-2010"
"IVRCLINFRA","IVRCL Limited","EQ","Bonus 1:1","2","18-Mar-2010","19-Mar-2010","-","-"
"NTPC","NTPC Limited","EQ","Int Div-Rs.3/- Per Share Purpose Revised","10","18-Mar-2010","19-Mar-2010","-","-"
"MURLIIND","Murli Industries Limited","EQ","Fv Split Rs.10 To Rs.2","2","18-Mar-2010","19-Mar-2010","-","-"
"LAKSHMIEFL","Lakshmi Energy and Foods Limited","EQ","Agm/Div-Re.0.50 Per Share","2","19-Mar-2010","-","23-Mar-2010","27-Mar-2010"
"GODREJCP","Godrej Consumer Products Limited","EQ","Annual Book Closure","1","19-Mar-2010","-","23-Mar-2010","23-Mar-2010"
"INSPIRISYS","Inspirisys Solutions Limited","EQ","Int Div-Rs.1.50 Per Share","10","19-Mar-2010","22-Mar-2010","-","-"
"BLBLIMITED","BLB Limited","EQ","Int Div-Re.0.20 Pr Share","1","19-Mar-2010","22-Mar-2010","-","-"
"THANGAMAYL","Thangamayil Jewellery Limited","EQ","Int Div-Rs.3/- Per Share Purpose Revised","10","19-Mar-2010","22-Mar-2010","-","-"
"LYKALABS","Lyka Labs Limited","EQ","Annual General Meeting","10","22-Mar-2010","-","25-Mar-2010","30-Mar-2010"
"IPCALAB","IPCA Laboratories Limited","EQ","Fv Split Rs.10 To Rs.2","1","22-Mar-2010","23-Mar-2010","-","-"
"SMPL","Splendid Metal Products Limited","EQ","Annual General Meeting","5","22-Mar-2010","-","25-Mar-2010","25-Mar-2010"
"KINETICMOT","Kinetic Motor Company Limited","EQ","Annual General Meeting","10","22-Mar-2010","-","25-Mar-2010","30-Mar-2010"
"SUJANATOW","Sujana Tower Limited","EQ","Annual General Meeting","1","22-Mar-2010","-","25-Mar-2010","25-Mar-2010"
"SUJANAUNI","Sujana Universal Industries Limited","EQ","Annual General Meeting","10","22-Mar-2010","-","25-Mar-2010","25-Mar-2010"
"PSTL","Pyramid Saimira Theatre Limited","EQ","Annual General Meeting","10","22-Mar-2010","-","25-Mar-2010","30-Mar-2010"
"ADANIENT","Adani Enterprises Limited","EQ","Rights 1:16 @Prem Rs.474","1","23-Mar-2010","25-Mar-2010","-","-"
"ACC","ACC Limited","EQ","Dividend-Rs.13/- Pr Share","10","23-Mar-2010","-","26-Mar-2010","08-Apr-2010"
"NATIONALUM","National Aluminium Company Limited","EQ","Int Div-Rs.1.50 Per Sharepurpose Revised","5","23-Mar-2010","25-Mar-2010","-","-"
"SOFTTECHGR","Software Technology Group International Limited","EQ","Annual General Meeting","10","25-Mar-2010","-","29-Mar-2010","29-Mar-2010"
"KMSUGAR","K.M.Sugar Mills Limited","EQ","Fv Split Rs.10 To Rs.2","2","26-Mar-2010","29-Mar-2010","-","-"
"ENGINERSIN","Engineers India Limited","EQ","Spl Int Div-Rs.100 P Shr Purpose Revised","5","26-Mar-2010","29-Mar-2010","-","-"
"DHANUS","Dhanus Technologies Limited","EQ","Annual General Meeting","10","29-Mar-2010","-","31-Mar-2010","31-Mar-2010"
"M&M","Mahindra & Mahindra Limited","EQ","Fv Split Rs.10 To Rs.5","5","29-Mar-2010","30-Mar-2010","-","-"
"SCHAEFFLER","Schaeffler India Limited","EQ","Dividend-Rs.4.50 Pr Share","2","30-Mar-2010","-","01-Apr-2010","05-Apr-2010"
"RELIGARE","Religare Enterprises Limited","EQ","Int Div-Rs.2/- Per Share","10","30-Mar-2010","01-Apr-2010","-","-"
"HONAUT","Honeywell Automation India Limited","EQ","Dividend-Rs.10 Per Share","10","31-Mar-2010","-","06-Apr-2010","15-Apr-2010"
"BLUEDART","Blue Dart Express Limited","EQ","Agm/Div-Re.1/- Per Share","10","31-Mar-2010","-","06-Apr-2010","13-Apr-2010"
"ZYDUSLIFE","Zydus Lifesciences Limited","EQ","Bonus 1: 2","1","05-Apr-2010","06-Apr-2010","-","-"
"SKFINDIA","SKF India Limited","EQ","Agm/Div-Rs.4/- Per Share","10","05-Apr-2010","-","07-Apr-2010","13-Apr-2010"
"SEINVEST","S.E. Investments Limited","EQ","Fv Split Rs.10 To Rs.2","1","05-Apr-2010","06-Apr-2010","-","-"
"FOSECOIND","Foseco India Limited","EQ","Final Div-Rs.7/- Pr Share","10","05-Apr-2010","-","07-Apr-2010","16-Apr-2010"
"WYETH","Wyeth Limited","EQ","Agm/Div-Rs.20/- Per Share","10","06-Apr-2010","-","08-Apr-2010","21-Apr-2010"
"ARSSINFRA","ARSS Infrastructure Projects Limited","EQ","Int Div-Rs.2/- Per Share","10","06-Apr-2010","07-Apr-2010","-","-"
"SANOFI","Sanofi India Limited","EQ","Agm/Div-Rs.16.50 Pr Share","10","07-Apr-2010","-","09-Apr-2010","27-Apr-2010"
"UNITY","Unity Infraprojects Limited","EQ","Fv Split Rs.10 To Rs.2","2","07-Apr-2010","08-Apr-2010","-","-"
"EXPLEOSOL","Expleo Solutions Limited","EQ","Int Div-Re.1/- Per Share","10","08-Apr-2010","09-Apr-2010","-","-"
"SRF","SRF Limited","EQ","2nd Int Div-Rs.7/- Pr Shr","10","08-Apr-2010","09-Apr-2010","-","-"
"COLPAL","Colgate Palmolive (India) Limited","EQ","3rd Int Div-Rs.5/- Pr Shrpurpose Revised","1","08-Apr-2010","09-Apr-2010","-","-"
"SUDARCOLOR","Sudarshan Colorants India Limited","EQ","Dividend-Rs.15 Per Share","10","09-Apr-2010","-","13-Apr-2010","23-Apr-2010"
"GSKCONS","GlaxoSmithKline Consumer Healthcare Limited","EQ","Agm/Div-Rs.18/- Per Share","10","09-Apr-2010","-","13-Apr-2010","23-Apr-2010"
"CASTROL","Castrol India Limited","EQ","Bonus 1:1","10","09-Apr-2010","12-Apr-2010","-","-"
"ESABINDIA","Esab India Limited","EQ","Annual General Meeting","10","12-Apr-2010","-","15-Apr-2010","22-Apr-2010"
"ACE","Action Construction Equipment Limited","EQ","Int Div-Rs.1/- Per Share Purpose Revised","2","12-Apr-2010","14-Apr-2010","-","-"
"ALFALAVAL","Alfa Laval (India) Limited","EQ","Dividend-Rs.25/- Pr Share","10","12-Apr-2010","-","14-Apr-2010","28-Apr-2010"
"HEROMOTOCO","Hero MotoCorp Limited","EQ","Spl Div-Rs.80/- Per Share","2","13-Apr-2010","15-Apr-2010","-","-"
"GVT&D","GE Vernova T&D India Limited","EQ","Dividend-Rs.1.80 Pr Share","2","13-Apr-2010","-","16-Apr-2010","23-Apr-2010"
"KSB","Ksb Limited","EQ","Agm/Div-Rs.10.5 Per Share","2","15-Apr-2010","-","19-Apr-2010","29-Apr-2010"
"STYRENIX","Styrenix Performance Materials Limited","EQ","Dividend-Rs.3.50 Pr Share","10","15-Apr-2010","-","19-Apr-2010","23-Apr-2010"
"BPLENGG","BPL Engineering Limited","EQ","Annual General Meeting","10","15-Apr-2010","-","19-Apr-2010","23-Apr-2010"
"ZEEMEDIA","Zee Media Corporation Limited","EQ","Scheme Of Arrangement","1","15-Apr-2010","16-Apr-2010","-","-"
"PFIZER","Pfizer Limited","EQ","Div-Rs.12.50 Per Share","10","15-Apr-2010","-","17-Apr-2010","26-Apr-2010"
"XCHANGING","Xchanging Solutions Limited","EQ","Annual General Meeting","10","16-Apr-2010","-","20-Apr-2010","26-Apr-2010"
"HUHTAMAKI","Huhtamaki India Limited","EQ","Div-Fin Rs.2 + Spl Re.1","2","16-Apr-2010","-","20-Apr-2010","27-Apr-2010"
"VESUVIUS","Vesuvius India Limited","EQ","Dividend-Rs.3.75 Pr Share","1","16-Apr-2010","-","20-Apr-2010","27-Apr-2010"
"TIMKEN","Timken India Limited","EQ","Annual General Meeting","10","19-Apr-2010","-","21-Apr-2010","28-Apr-2010"
"NISSAN","Nissan Copper Limited","EQ","Int Div-Re.0.50 Per Share","1","20-Apr-2010","21-Apr-2010","-","-"
"HEXAWARE","Hexaware Technologies Limited","EQ","Dividend-Re.0.80 Pr Share","2","20-Apr-2010","-","22-Apr-2010","29-Apr-2010"
"KOHINOOR","Kohinoor Foods Limited","EQ","Annual General Meetings","10","20-Apr-2010","-","22-Apr-2010","29-Apr-2010"
"ADVANTA","Advanta Limited","EQ","Agm/Div-Rs.1/- Per Share","2","21-Apr-2010","-","23-Apr-2010","29-Apr-2010"
"ALICON","Alicon Castalloy Limited","EQ","Scheme Of Arrangement","5","21-Apr-2010","22-Apr-2010","-","-"
"CEMPRO","Cemindia Projects Limited","EQ","Agm/Div-Re.1/- Per Share","1","21-Apr-2010","-","23-Apr-2010","27-Apr-2010"
"SUNTECK","Sunteck Realty Limited","EQ","Int Div-Rs.0.12 Per Share","1","21-Apr-2010","22-Apr-2010","-","-"
"SIYSIL","Siyaram Silk Mills Limited","EQ","Int Div-Rs.6/- Per Share Purpose Revised","2","22-Apr-2010","23-Apr-2010","-","-"
"BALKRISIND","Balkrishna Industries Limited","EQ","Int Div-Rs.7/- Per Share Purpose Revised","2","22-Apr-2010","23-Apr-2010","-","-"
"CRISIL","CRISIL Limited","EQ","Div- Int Rs.25+Spl Rs.100purpose Revised","1","22-Apr-2010","23-Apr-2010","-","-"
"KPRMILL","K.P.R. Mill Limited","EQ","Int Div-Rs.4/- Per Share Purpose Revised","1","22-Apr-2010","23-Apr-2010","-","-"
"NESTLEIND","Nestle India Limited","EQ","Div-Fin Rs.12.5+Int Rs.9 Purpose Revised","1","23-Apr-2010","-","27-Apr-2010","28-Apr-2010"
"HCLTECH","HCL Technologies Limited","EQ","Int Div-Re.1/- Per Share Purpose Revised","2","26-Apr-2010","27-Apr-2010","-","-"
"MYSOREBANK","State Bank of Mysore","EQ","Dividend-Rs.10/- Pr Sharepurpose Revised","10","26-Apr-2010","-","28-Apr-2010","04-May-2010"
"DENORA","De Nora India Limited","EQ","Annual General Meeting","10","26-Apr-2010","-","28-Apr-2010","30-Apr-2010"
"SBBJ","State Bank of Bikaner and Jaipur","EQ","Dividend-Rs.14.40 Pr Shr Purpose Revised","10","28-Apr-2010","-","30-Apr-2010","07-May-2010"
"SBT","State Bank of Travancore","EQ","Dividend-Rs.16/- Pr Sharepurpose Revised","10","28-Apr-2010","-","30-Apr-2010","06-May-2010"
"GMBREW","GM Breweries Limited","EQ","Dividend-Rs.2/- Per Share","10","28-Apr-2010","-","30-Apr-2010","06-May-2010"
"ZEEL","Zee Entertainment Enterprises Limited","EQ","Spl Int Div-Rs.2/- Pr Shr","1","29-Apr-2010","30-Apr-2010","-","-"
"RANBAXY","Ranbaxy Laboratories Limited","EQ","Annual General Meeting","5","29-Apr-2010","-","03-May-2010","10-May-2010"
"CHEMFALKAL","Chemfab Alkalis Limited","EQ","Dividend-Rs.2.50 Pr Share","5","29-Apr-2010","-","01-May-2010","07-May-2010"
"MARICO","Marico Limited","EQ","2nd Int Div-Re.0.36 Pr Shpurpose Revised","1","03-May-2010","04-May-2010","-","-"
"INDNIPPON","India Nippon Electricals Limited","EQ","2nd Int Div-Rs.4/- Pr Shrpurpose Revised","5","03-May-2010","04-May-2010","-","-"
"GODREJCP","Godrej Consumer Products Limited","EQ","4th Int Div-Re.1.25 Pr Shpurpose Revised","1","03-May-2010","04-May-2010","-","-"
"PERSISTENT","Persistent Systems Limited","EQ","Int Div-Rs.1.50 Per Share","5","03-May-2010","-","05-May-2010","05-May-2010"
"RALLIS","Rallis India Limited","EQ","Agm/Div-Rs.10/- Per Share","1","03-May-2010","-","05-May-2010","07-May-2010"
"ABB","ABB India Limited","EQ","Agm/Div-Rs.2/- Per Share","2","03-May-2010","-","05-May-2010","11-May-2010"
"VIPUL","Vipul Limited","EQ","Fv Split Rs.2/- To Re.1/-","1","04-May-2010","05-May-2010","-","-"
"THOMASCOOK","Thomas Cook  (India)  Limited","EQ","Agm/Div-Re.0.375 Pr Share","1","04-May-2010","-","06-May-2010","12-May-2010"
"CHOLAFIN","Cholamandalam Investment and Finance Company Limited","EQ","Int Div Rs.1/- Per Share","2","05-May-2010","06-May-2010","-","-"
"WELCORP","Welspun Corp Limited","EQ","Dividend-Rs.2/- Per Share","5","05-May-2010","-","07-May-2010","11-May-2010"
"PANORAMUNI","Panoramic Universal Limited","EQ","Int Div-Rs.2.50 Per Share","5","05-May-2010","06-May-2010","-","-"
"GDL","Gateway Distriparks Limited","EQ","2nd Int Div-Rs.1.50 Pr Sh","10","05-May-2010","06-May-2010","-","-"
"HEIDELBERG","HeidelbergCement India Limited","EQ","Annual General Meeting","10","05-May-2010","-","07-May-2010","11-May-2010"
"GUJNRECOKE","Gujarat NRE Coke Limited","EQ","Bonus 1 Dvr : 10 Eq Share","10","06-May-2010","07-May-2010","-","-"
"ENGINERSIN","Engineers India Limited","EQ","Fv Spl-Rs10tors5/Bon-2:1","5","06-May-2010","07-May-2010","-","-"
"BATAINDIA","Bata India Limited","EQ","Agm/Div-Rs.3/- Per Share","5","06-May-2010","-","08-May-2010","27-May-2010"
"PSL","PSL Limited","EQ","Int Div-Rs.2.50 Per Sharepurpose Revised","10","06-May-2010","07-May-2010","-","-"
"ASTRAZEN","AstraZeneca Pharma India Limited","EQ","Dividend-Rs.10/- Pr Share","2","06-May-2010","-","08-May-2010","20-May-2010"
"GREAVESCOT","Greaves Cotton Limited","EQ","3rd Int Div-Rs.2/- Pr Shr","2","06-May-2010","07-May-2010","-","-"
"CYIENT","Cyient Limited","EQ","Agm/Div-Rs.2/- Per Share","5","06-May-2010","-","10-May-2010","12-May-2010"
"HCL-INSYS","HCL Infosystems Limited","EQ","Int Div-Rs.2/- Per Share","2","07-May-2010","10-May-2010","-","-"
"RSYSTEMS","R Systems International Limited","EQ","Agm/Div-Rs.2.40 Per Share","1","07-May-2010","-","11-May-2010","20-May-2010"
"GENESYS","Genesys International Corporation Limited","EQ","Int Div-Re.1/- Per Share","5","10-May-2010","11-May-2010","-","-"
"ELGIEQUIP","Elgi Equipments Limited","EQ","Int Div-Rs.1.25 Per Share","1","10-May-2010","11-May-2010","-","-"
"RELIANCE","Reliance Industries Limited","EQ","Dividend Rs 7 Per Share","10","10-May-2010","-","12-May-2010","19-May-2010"
"HIKAL","Hikal Limited","EQ","Interim Dividend Rs 4/- Per Share","2","11-May-2010","12-May-2010","-","-"
"ZUARIIND","ZUARI INDUSTRIES LIMITED","EQ","Dividend-Rs.4.50 Per Share (Purpose Revised)","10","11-May-2010","-","13-May-2010","20-May-2010"
"KANSAINER","Kansai Nerolac Paints Limited","EQ","Annual General Meeting And Dividend Rs.15/- Per Share","1","12-May-2010","-","14-May-2010","14-May-2010"
"ALLCARGO","Allcargo Logistics Limited","EQ","Agm/Div-Re.0.50 Per Share","2","12-May-2010","-","14-May-2010","20-May-2010"
"KESARENT","Kesar Enterprises Limited","EQ","Scheme Of Arrangement","10","13-May-2010","14-May-2010","-","-"
"BOSCHLTD","Bosch Limited","EQ","Agm/Div-Rs.30/- Per Share","10","13-May-2010","-","15-May-2010","28-May-2010"
"ISFT","Intrasoft Technologies Limited","EQ","Interim Dividend-Re.0.75 Per Share","10","13-May-2010","14-May-2010","-","-"
"ALBK","Allahabad Bank","EQ","Agm/Dividend Rs 5.50 Per Share/ Election Of  Director","10","13-May-2010","-","15-May-2010","10-Jun-2010"
"UNICHEMLAB","Unichem Laboratories Limited","EQ","2nd Interim Dividend-Rs.7/- Per Share (Purpose Revised)","2","14-May-2010","17-May-2010","-","-"
"FOSECOIND","Foseco India Limited","EQ","Int Div-Re.1/- Per Share","10","14-May-2010","17-May-2010","-","-"
"LINDEINDIA","Linde India Limited","EQ","Agm/Div-Rs.1.50 Per Share","10","14-May-2010","-","18-May-2010","24-May-2010"
"KABRAEXTRU","Kabra Extrusion Technik Limited","EQ","Face Value Split From Rs.10/- To Rs.5/-","5","17-May-2010","18-May-2010","-","-"
"TRIVENI","Triveni Engineering & Industries Limited","EQ","Interim Dividend-Re.0.40 Per Share","1","18-May-2010","19-May-2010","-","-"
"JKIL","J.Kumar Infraprojects Limited","EQ","Interim Dividend Rs.2.25 Per Share","5","18-May-2010","19-May-2010","-","-"
"SEINVEST","S.E. Investments Limited","EQ","Bonus 3:1","1","18-May-2010","19-May-2010","-","-"
"STER","Sterlite Industries ( India ) Limited","EQ","Dividend-Rs.3.75 Per Share","1","19-May-2010","-","21-May-2010","21-May-2010"
"RELINFRA","Reliance Infrastructure Limited","EQ","Interim Dividend-Rs.7.10 Per Share (Purpose Revised)","10","19-May-2010","20-May-2010","-","-"
"OILCOUNTUB","Oil Country Tubular Limited","EQ","Dividend-Rs.2/- Per Share","10","20-May-2010","-","24-May-2010","26-May-2010"
"DICIND","DIC India Limited","EQ","Dividend-Rs.4/- Per Share","10","20-May-2010","-","24-May-2010","02-Jun-2010"
"SANDESH","The Sandesh Limited","EQ","Agm/Div-Rs.3/- Per Share","10","20-May-2010","-","22-May-2010","27-May-2010"
"AXISBANK","Axis Bank Limited","EQ","Agm/Div-Rs.12/- Per Share","2","20-May-2010","-","24-May-2010","08-Jun-2010"
"XLENERGY","XL Energy Limited","EQ","Annual General Meeting","10","20-May-2010","-","22-May-2010","26-May-2010"
"IVRCLAH","IVRCL Assets & Holdings Limited","EQ","Bonus 1:2","10","20-May-2010","21-May-2010","-","-"
"STAR","Strides Pharma Science Limited","EQ","Annual General Meeting And Dividend Rs.1.50 Per Share","10","21-May-2010","-","25-May-2010","31-May-2010"
"DCBBANK","DCB Bank Limited","EQ","Annual General Meeting","10","21-May-2010","-","25-May-2010","01-Jun-2010"
"ORBITCORP","Orbit Corporation Limited","EQ","Annual General Meeting And Final Dividend Re.1.50 Per Share","10","25-May-2010","-","27-May-2010","27-May-2010"
"INFY","Infosys Limited","EQ","Agm/Div-Rs.15/- Per Share","5","26-May-2010","-","29-May-2010","12-Jun-2010"
"RAYMOND","Raymond Limited","EQ","Annual General Meeting","10","26-May-2010","-","29-May-2010","15-Jun-2010"
"IOB","Indian Overseas Bank","EQ","Dividend-Rs.3.50 Pr Share","10","26-May-2010","-","29-May-2010","04-Jun-2010"
"ECEIND","ECE Industries Limited","EQ","Rights 1:1 @ Premium Rs.90/-","10","26-May-2010","28-May-2010","-","-"
"GRASIM","Grasim Industries Limited","EQ","Scheme Of Arrangement","2","26-May-2010","28-May-2010","-","-"
"ESABINDIA","Esab India Limited","EQ","Interim Dividend-Rs.10/- Per Share","10","26-May-2010","28-May-2010","-","-"
"HCC","Hindustan Construction Company Limited","EQ","Agm/Dividend Re.0.80 Per Share","1","28-May-2010","-","01-Jun-2010","11-Jun-2010"
"SARDAEN","Sarda Energy & Minerals Limited","EQ","Dividend-Rs.3/- Per Share","1","28-May-2010","-","01-Jun-2010","05-Jun-2010"
"PNBGILTS","PNB Gilts Limited","EQ","Annual General Meeting And Final Dividend Re.1/- Per Share","10","28-May-2010","-","01-Jun-2010","08-Jun-2010"
"RAIN","Rain Industries Limited","EQ","Agm/Div-Rs.3.70 Per Share","2","31-May-2010","-","02-Jun-2010","07-Jun-2010"
"DEEPENR","DEEP ENERGY RESOURCES LIMITED","EQ","Agm/Div-Re.0.50 Per Share","10","31-May-2010","-","02-Jun-2010","08-Jun-2010"
"SURANAIND","Surana Industries Limited","EQ","Annual General Meeting And Dividend Rs.1.50 Per Share","10","01-Jun-2010","-","03-Jun-2010","10-Jun-2010"
"SUTLEJTEX","Sutlej Textiles and Industries Limited","EQ","Dividend-Rs.2.50 Per Share","1","03-Jun-2010","-","05-Jun-2010","11-Jun-2010"
"SILINV","SIL Investments Limited","EQ","Dividend-Re.1/- Per Share","10","03-Jun-2010","-","05-Jun-2010","11-Jun-2010"
"DHANI","Dhani Services Limited","EQ","Annual General Meeting And Dividend Rs.2/- Per Share","2","03-Jun-2010","-","07-Jun-2010","14-Jun-2010"
"ANDHRABANK","Andhra Bank","EQ","Annual General Meeting And Dividend Rs.5/- Per Share","10","03-Jun-2010","-","05-Jun-2010","15-Jun-2010"
"SOBHA","Sobha Limited","EQ","Dividend-Rs.2.50 Pr Share","10","03-Jun-2010","-","05-Jun-2010","05-Jun-2010"
"SHRIRAMFIN","Shriram Finance Limited","EQ","Agm/Div-Rs.4/- Per Share","2","03-Jun-2010","-","05-Jun-2010","15-Jun-2010"
"INDIABULLS","Indiabulls Financial Services Limited","EQ","Annual General Meeting And Dividend-Rs.5/- Per Share","2","03-Jun-2010","-","07-Jun-2010","14-Jun-2010"
"TORNTPHARM","Torrent Pharmaceuticals Limited","EQ","Dividend-Rs.6/- Per Share","5","04-Jun-2010","-","08-Jun-2010","10-Jun-2010"
"LGBBROSLTD","LG Balakrishnan & Bros Limited","EQ","Dividend-Rs.6.50 Per Share","10","04-Jun-2010","-","08-Jun-2010","14-Jun-2010"
"LGBFORGE","LGB Forge Limited","EQ","Annual General Meeting","1","04-Jun-2010","-","08-Jun-2010","14-Jun-2010"
"INDIANB","Indian Bank","EQ","Dividend-Rs.4/- Per Share","10","07-Jun-2010","-","09-Jun-2010","10-Jun-2010"
"SURANACORP","Surana Corporation Limited","EQ","Dividend-Rs.1.50 Per Share","10","07-Jun-2010","-","09-Jun-2010","12-Jun-2010"
"TULSYAN","Tulsyan Nec Limited","EQ","Dividend-Rs.2/- Per Share","10","07-Jun-2010","-","09-Jun-2010","16-Jun-2010"
"REIAGROLTD","Rei Agro Limited","EQ","Rights 2:1 @ Premium Rs.18.50","1","07-Jun-2010","08-Jun-2010","-","-"
"BIRLACORPN","Birla Corporation Limited","EQ","Annual General Meeting / Dividend Rs 3.50 Per Share","10","08-Jun-2010","-","10-Jun-2010","23-Jun-2010"
"RALLIS","Rallis India Limited","EQ","Bonus 1: 2","1","08-Jun-2010","09-Jun-2010","-","-"
"SONATSOFTW","Sonata Software Limited","EQ","Dividend-Re.0.80 Pr Share","1","08-Jun-2010","-","10-Jun-2010","15-Jun-2010"
"SAKHTISUG","Sakthi Sugars Limited","EQ","Annual General Meeting","10","08-Jun-2010","-","10-Jun-2010","16-Jun-2010"
"ITC","ITC Limited","EQ","Final Dividend Rs.4.50 Per Share And Special Centenary Dividend Rs.5.50 Per Share","1","09-Jun-2010","-","11-Jun-2010","18-Jun-2010"
"SUZLON","Suzlon Energy Limited","EQ","Rights 2:15 @ Premium Rs.61/-","2","09-Jun-2010","10-Jun-2010","-","-"
"FMGOETZE","Federal-Mogul Goetze (India) Limited.","EQ","Annual General Meeting","10","09-Jun-2010","-","11-Jun-2010","25-Jun-2010"
"SBIN","State Bank of India","EQ","Final Dividend-Rs.20/- Per Share (Purpose Revised)","1","09-Jun-2010","-","11-Jun-2010","16-Jun-2010"
"HDFCBANK","HDFC Bank Limited","EQ","Agm/Div-Rs.12/- Per Share","1","10-Jun-2010","-","12-Jun-2010","30-Jun-2010"
"CYIENT","Cyient Limited","EQ","Bonus 1:1","5","10-Jun-2010","12-Jun-2010","-","-"
"MIRCELECTR","MIRC Electronics Limited","EQ","Dividend-Re.0.95 Per Share","1","10-Jun-2010","-","14-Jun-2010","28-Jun-2010"
"TATAINVEST","Tata Investment Corporation Limited","EQ","Annual General Meeting","1","10-Jun-2010","-","12-Jun-2010","23-Jun-2010"
"MURUDCERA","Murudeshwar Ceramics Limited","EQ","Annual General Meeting","10","10-Jun-2010","-","14-Jun-2010","19-Jun-2010"
"PETRONET","Petronet LNG Limited","EQ","Annual General Meeting And Dividend Rs.1.75 Per Share","10","10-Jun-2010","-","14-Jun-2010","24-Jun-2010"
"SUNDRMFAST","Sundram Fasteners Limited","EQ","Interim Dividend Re.0.50 Per Share","1","10-Jun-2010","11-Jun-2010","-","-"
"ICICIBANK","ICICI Bank Limited","EQ","Annual General Meeting And Dividend Rs.12/- Per Share","2","10-Jun-2010","-","12-Jun-2010","28-Jun-2010"
"KEC","KEC International Limited","EQ","Annual General Meeting And Dividend Rs.6/- Per Share","2","10-Jun-2010","-","14-Jun-2010","22-Jun-2010"
"NAVINFLUOR","Navin Fluorine International Limited","EQ","Dividend-Rs.7.50 Pr Share","2","11-Jun-2010","-","15-Jun-2010","21-Jun-2010"
"PRSMJOHNSN","Prism Johnson Limited","EQ","Annual General Meeting","10","11-Jun-2010","-","15-Jun-2010","22-Jun-2010"
"PIRGLASS","Piramal Glass Limited","EQ","Dividend-Re.1/- Per Share","10","11-Jun-2010","-","15-Jun-2010","24-Jun-2010"
"KESORAMIND","Kesoram Industries Limited","EQ","Dividend-Rs.3.25 Pr Share","10","14-Jun-2010","-","16-Jun-2010","01-Jul-2010"
"JSWSTEEL","JSW Steel Limited","EQ","Agm/Dividend Rs 9.50 Per Share","1","14-Jun-2010","-","16-Jun-2010","18-Jun-2010"
"RCF","Rashtriya Chemicals and Fertilizers Limited","EQ","Annual General Meeting And Final Dividend Rs.1.10 Per Share","10","14-Jun-2010","-","16-Jun-2010","28-Jun-2010"
"ORIENTBANK","Oriental Bank of Commerce","EQ","Annual General Meeting And Dividend Rs.9.10 Per Share","10","14-Jun-2010","-","16-Jun-2010","23-Jun-2010"
"PATNI","Patni Computer Systems Limited","EQ","Final Dividend-Rs.3/- Per Share","2","14-Jun-2010","-","16-Jun-2010","23-Jun-2010"
"CANBK","Canara Bank","EQ","Annual General Meeting/Dividend Rs.10/- Per Share/Election Of Directors","2","14-Jun-2010","-","16-Jun-2010","25-Jun-2010"
"GRUH","Gruh Finance Limited","EQ","Agm/Div-Rs.6.50 Per Share","2","15-Jun-2010","-","17-Jun-2010","29-Jun-2010"
"WIPRO","Wipro Limited","EQ","Bonus 2:3 And Final Dividend Rs.6/- Per Share","2","15-Jun-2010","16-Jun-2010","-","-"
"KWALITY","kwality limited","EQ","Bonus 5:7","1","15-Jun-2010","16-Jun-2010","-","-"
"TCS","Tata Consultancy Services Limited","EQ","Final Dividend Rs.4/- Per Share And Special Dividend Rs.10/- Per Share","1","15-Jun-2010","-","17-Jun-2010","28-Jun-2010"
"UMIYA-MRO","UMIYA BUILDCON LIMITED","EQ","Annual General Meeting And Dividend Re.1/- Per Share (Purpose Revised)","5","15-Jun-2010","-","17-Jun-2010","30-Jun-2010"
"NUCLEUS","Nucleus Software Exports Limited","EQ","Dividend-Rs.2.50 Per Share","10","15-Jun-2010","-","17-Jun-2010","24-Jun-2010"
"INGVYSYABK","ING Vysya Bank Limited","EQ","Annual General Meeting And Dividend Rs.2.50 Per Share","10","15-Jun-2010","-","17-Jun-2010","01-Jul-2010"
"THEMISMED","Themis Medicare Limited","EQ","Annual General Meeting And Dividend Rs.3/- Per Share","1","16-Jun-2010","-","18-Jun-2010","25-Jun-2010"
"SAMBHAAV","Sambhaav Media Limited","EQ","Annual General Meeting","1","16-Jun-2010","-","18-Jun-2010","21-Jun-2010"
"JAYSREETEA","Jayshree Tea & Industries Limited","EQ","Agm/Div-Rs.6/- Per Share","5","16-Jun-2010","-","18-Jun-2010","25-Jun-2010"
"BIRLAMONEY","Aditya Birla Money Limited","EQ","Annual General Meeting","1","16-Jun-2010","-","18-Jun-2010","28-Jun-2010"
"SADBHAV","Sadbhav Engineering Limited","EQ","Rights Eq 1:20 @ Premium Rs.715 Per Share And 3 Warrants : 1 Eq","1","16-Jun-2010","17-Jun-2010","-","-"
"CCCL","Consolidated Construction Consortium Limited","EQ","Annual General Meeting And Dividend Re.0.50 Per Share","2","16-Jun-2010","-","18-Jun-2010","24-Jun-2010"
"VINDHYATEL","Vindhya Telelinks Limited","EQ","Annual General Meeting","10","16-Jun-2010","-","18-Jun-2010","25-Jun-2010"
"BILVYAPAR","BIL VYAPAR LIMITED","EQ","Agm/Div-Rs.3/- Per Share","10","16-Jun-2010","-","18-Jun-2010","25-Jun-2010"
"BIRLACABLE","Birla Cable Limited","EQ","Annual General Meeting","10","16-Jun-2010","-","18-Jun-2010","25-Jun-2010"
"SYNDIBANK","Syndicate Bank","EQ","Annual General Meeting And Dividend Rs.3/- Per Share","10","16-Jun-2010","-","18-Jun-2010","25-Jun-2010"
"CENTENKA","Century Enka Limited","EQ","Annual General Meeting And Dividend Rs.6/- Per Share","10","16-Jun-2010","-","18-Jun-2010","28-Jun-2010"
"THANGAMAYL","Thangamayil Jewellery Limited","EQ","Final Dividend-Re.1/- Per Share","10","16-Jun-2010","-","18-Jun-2010","24-Jun-2010"
"BINANICEM","Binani Cement Limited","EQ","Agm/Div-Rs.3.50 Per Share","10","16-Jun-2010","-","18-Jun-2010","25-Jun-2010"
"IDFC","IDFC Limited","EQ","Dividend-Rs.1.50 Per Share","10","17-Jun-2010","-","21-Jun-2010","28-Jun-2010"
"BBL","Bharat Bijlee Limited","EQ","Annual General Meeting And Dividend Rs.25/- Per Share","5","17-Jun-2010","-","21-Jun-2010","25-Jun-2010"
"TORNTPOWER","Torrent Power Limited","EQ","Dividend-Rs.3/- Per Share","10","17-Jun-2010","-","21-Jun-2010","23-Jun-2010"
"ANDHRAPAP","ANDHRA PAPER LIMITED","EQ","Annual General Meeting And Dividend Re.1/- Per Share","2","17-Jun-2010","-","21-Jun-2010","25-Jun-2010"
"ASSAMCO","Assam Company India Limited","EQ","Annual General Meeting And Dividend Re.0.20 Per Share","1","17-Jun-2010","-","19-Jun-2010","25-Jun-2010"
"MICROTECH","Micro Technologies (India) Limited","EQ","Annual General Meeting And Dividend Rs.2/- Per Share","10","17-Jun-2010","-","21-Jun-2010","28-Jun-2010"
"INDUSINDBK","IndusInd Bank Limited","EQ","Annual General Meeting And Dividend Rs.1.80 Per Share","10","17-Jun-2010","-","19-Jun-2010","28-Jun-2010"
"CMC","CMC Limited","EQ","Agm/Div-Rs.20/- Per Share","10","18-Jun-2010","-","22-Jun-2010","29-Jun-2010"
"GRINDWELL","Grindwell Norton Limited","EQ","Annual General Meeting And Dividend Rs.6/- Per Share","5","18-Jun-2010","-","22-Jun-2010","25-Jun-2010"
"TTKPRESTIG","TTK Prestige Limited","EQ","Annual General Meeting And Dividend Rs.10/- Per Share","1","18-Jun-2010","-","22-Jun-2010","29-Jun-2010"
"GLOBOFFS","Global Offshore Services Limited","EQ","Annual General Meeting And Final Dividend Re.0.70 Per Share","10","18-Jun-2010","-","22-Jun-2010","28-Jun-2010"
"PAGEIND","Page Industries Limited","EQ","1st Interim Dividend Rs.10/- Per Share (Purpose Revised)","10","18-Jun-2010","21-Jun-2010","-","-"
"KOKUYOCMLN","Kokuyo Camlin Limited","EQ","Dividend-Re.0.50 Pr Share","1","21-Jun-2010","-","23-Jun-2010","29-Jun-2010"
"PANORAMUNI","Panoramic Universal Limited","EQ","Bonus 5:1","5","21-Jun-2010","22-Jun-2010","-","-"
"RSSOFTWARE","R. S. Software (India) Limited","EQ","Bonus 28:100","5","21-Jun-2010","22-Jun-2010","-","-"
"STER","Sterlite Industries ( India ) Limited","EQ","Bonus 1:1 And Face Value Split From Rs.2/- To Re.1/-","1","21-Jun-2010","22-Jun-2010","-","-"
"ASHIMASYN","Ashima Limited","EQ","Annual General Meeting","10","21-Jun-2010","-","23-Jun-2010","29-Jun-2010"
"ULTRACEMCO","UltraTech Cement Limited","EQ","Final Dividend-Rs.6/- Per Share","10","21-Jun-2010","-","23-Jun-2010","30-Jun-2010"
"CORPBANK","Corporation Bank","EQ","Annual General Meeting / Dividend Rs.16.5 Per Share","2","21-Jun-2010","-","23-Jun-2010","10-Jul-2010"
"PRATIBHA","Pratibha Industries Limited","EQ","Annual General Meeting And Dividend Rs.3/- Per Share","2","21-Jun-2010","-","23-Jun-2010","30-Jun-2010"
"UNIVCABLES","Universal Cables Limited","EQ","Annual General Meeting And Dividend Rs.2.50 Per Share","10","21-Jun-2010","-","23-Jun-2010","29-Jun-2010"
"SIGMAADV","SIGMA ADVANCED SYSTEMS LIMITED","EQ","Annual General Meeting","10","21-Jun-2010","-","23-Jun-2010","29-Jun-2010"
"STERLINBIO","Sterling Biotech Limited","EQ","Dividend-Re.0.50 Per Share","1","21-Jun-2010","-","23-Jun-2010","30-Jun-2010"
"TV18BRDCST","TV18 Broadcast Limited","EQ","Annual General Meeting","2","22-Jun-2010","-","24-Jun-2010","26-Jun-2010"
"MVL","MVL Limited","EQ","Annual General Meeting And Dividend Re.0.10 Per Share","1","22-Jun-2010","-","24-Jun-2010","29-Jun-2010"
"UNITEDBNK","United Bank of India","EQ","Annual General Meeting And Final Dividend Rs.2/- Per Share","10","23-Jun-2010","-","25-Jun-2010","09-Jul-2010"
"KANSAINER","Kansai Nerolac Paints Limited","EQ","Bonus 1:1","1","23-Jun-2010","24-Jun-2010","-","-"
"GENESYS","Genesys International Corporation Limited","EQ","Face Value Split From Rs.10/- To Rs.5/-","5","23-Jun-2010","24-Jun-2010","-","-"
"HINDCOPPER","Hindustan Copper Limited","EQ","Annual General Meeting","5","23-Jun-2010","-","25-Jun-2010","30-Jun-2010"
"DPSCLTD","DPSC Limited","EQ","Annual General Meeting And Dividend Re.1/- Per Share","1","23-Jun-2010","-","25-Jun-2010","26-Jun-2010"
"UCOBANK","UCO Bank","EQ","Annual General Meeting And Dividend Rs.1.50 Per  Share","10","23-Jun-2010","-","25-Jun-2010","12-Jul-2010"
"WELSPUNLIV","Welspun Living Limited","EQ","Annual General Meeting And Dividend Re.1/- Per Share","1","24-Jun-2010","-","28-Jun-2010","30-Jun-2010"
"RANASUG","Rana Sugars Limited","EQ","Annual General Meeting","10","24-Jun-2010","-","26-Jun-2010","30-Jun-2010"
"VISAKAIND","Visaka Industries Limited","EQ","Annual General Meeting And Dividend Rs.2/- Per Share","2","24-Jun-2010","-","26-Jun-2010","29-Jun-2010"
"PURVA","Puravankara Limited","EQ","Final Dividend-Re.1/- Per Share","5","24-Jun-2010","-","26-Jun-2010","28-Jun-2010"
"YESBANK","Yes Bank Limited","EQ","Annual General Meeting And Dividend Rs.1.50 Per Share","2","24-Jun-2010","-","28-Jun-2010","02-Jul-2010"
"BANKBARODA","Bank of Baroda","EQ","Annual General Meeting And Dividend Rs.15/- Per Share","2","24-Jun-2010","-","26-Jun-2010","05-Jul-2010"
"UNIONBANK","Union Bank of India","EQ","Annual General Meeting And Dividend Rs.5.50 Per Share","10","24-Jun-2010","-","26-Jun-2010","02-Jul-2010"
"PLETHICO","Plethico Pharmaceuticals Limited","EQ","Dividend-Rs.2.50 Per Share","10","24-Jun-2010","-","28-Jun-2010","30-Jun-2010"
"JSWHL","JSW Holdings Limited","EQ","Annual General Meeting","10","24-Jun-2010","-","26-Jun-2010","03-Jul-2010"
"BFUTILITIE","BF Utilities Limited","EQ","Annual General Meeting","5","28-Jun-2010","-","30-Jun-2010","30-Jun-2010"
"TATASTLLP","Tata Steel Long Products Limited","EQ","Agm/Div-Rs.8/- Per Share","10","29-Jun-2010","-","01-Jul-2010","08-Jul-2010"
"AJANTPHARM","Ajanta Pharma Limited","EQ","Dividend-Rs.3.50 Per Share","2","29-Jun-2010","-","01-Jul-2010","09-Jul-2010"
"ELECON","Elecon Engineering Company Limited","EQ","Annual General Meeting And Final Dividend Rs.1.50 Per Share","1","29-Jun-2010","-","01-Jul-2010","07-Jul-2010"
"EDELWEISS","Edelweiss Financial Services Limited","EQ","Final Dividend Rs.3/- Per Share And Special Dividend Rs.5/- Per Share","1","29-Jun-2010","-","01-Jul-2010","05-Jul-2010"
"ORBITCORP","Orbit Corporation Limited","EQ","Bonus 1:1","10","29-Jun-2010","30-Jun-2010","-","-"
"AKSHOPTFBR","Aksh Optifibre Limited","EQ","Annual General Meeting","5","29-Jun-2010","-","02-Jul-2010","03-Jul-2010"
"EIMCOELECO","Eimco Elecon (India) Limited","EQ","Dividend-Rs.4/- Per Share","10","29-Jun-2010","-","01-Jul-2010","07-Jul-2010"
"VARDHACRLC","Vardhman Acrylics Limited","EQ","Annual General Meeting","10","29-Jun-2010","-","01-Jul-2010","19-Jul-2010"
"MAHSCOOTER","Maharashtra Scooters Limited","EQ","Annual General Meeting / Dividend Rs 5.5 Per Share","10","29-Jun-2010","-","01-Jul-2010","20-Jul-2010"
"RAINBOWPAP","Rainbow Papers Limited","EQ","Dividend-Rs.2/- Per Share","2","29-Jun-2010","-","02-Jul-2010","08-Jul-2010"
"LICHSGFIN","LIC Housing Finance Limited","EQ","Dividend-Rs.15/- Pr Share","2","29-Jun-2010","-","01-Jul-2010","15-Jul-2010"
"JSWENERGY","JSW Energy Limited","EQ","Annual General Meeting And Dividend Re.0.75 Per Share","10","29-Jun-2010","-","01-Jul-2010","06-Jul-2010"
"MPSLTD","MPS Limited","EQ","Annual General Meeting And Final Dividend Re.1/- Per Share","10","29-Jun-2010","-","01-Jul-2010","08-Jul-2010"
"INOXLEISUR","INOX Leisure Limited","EQ","Annual General Meeting","10","29-Jun-2010","-","02-Jul-2010","09-Jul-2010"
"NIITLTD","NIIT Limited","EQ","Dividend-Re.1.40 Per Share","2","29-Jun-2010","-","02-Jul-2010","09-Jul-2010"
"VHL","Vardhman Holdings Limited","EQ","Dividend-Rs.2/- Per Share","10","29-Jun-2010","-","01-Jul-2010","19-Jul-2010"
"PEL","Piramal Enterprises Limited","EQ","Dividend-Rs.5.40 Per Share","2","29-Jun-2010","-","01-Jul-2010","09-Jul-2010"
"COFORGE","Coforge Limited","EQ","Dividend-Rs.7/- Per Share","2","29-Jun-2010","-","02-Jul-2010","09-Jul-2010"
"HDFC","Housing Development Finance Corporation Limited","EQ","Dividend Rs 36 Per Share","2","29-Jun-2010","-","01-Jul-2010","14-Jul-2010"
"XPROINDIA","Xpro India Limited","EQ","Dividend-Re.1.75 Pr Share","10","29-Jun-2010","-","01-Jul-2010","09-Jul-2010"
"SMARTLINK","Smartlink Holdings Limited","EQ","Dividend-Rs.2.50 Per Share","2","30-Jun-2010","-","05-Jul-2010","12-Jul-2010"
"M&MFIN","Mahindra & Mahindra Financial Services Limited","EQ","Agm/Div-Rs.7.50 Per Share","2","30-Jun-2010","-","03-Jul-2010","23-Jul-2010"
"AEGISLOG","Aegis Logistics Limited","EQ","Annual General Meeting And Final Dividend Rs.3/- Per Share","1","30-Jun-2010","-","03-Jul-2010","17-Jul-2010"
"SRF","SRF Limited","EQ","Annual General Meeting","10","30-Jun-2010","-","05-Jul-2010","16-Jul-2010"
"SUNDARMFIN","Sundaram Finance Limited","EQ","Annual General Meeting And Final Dividend Rs.4/- Per Share","10","30-Jun-2010","-","03-Jul-2010","15-Jul-2010"
"ASIANPAINT","Asian Paints Limited","EQ","Annual General Meeting And Dividend Rs.18.50 Per Share","1","30-Jun-2010","-","03-Jul-2010","16-Jul-2010"
"KOTAKBANK","Kotak Mahindra Bank Limited","EQ","Annual General Meeting And Dividend Re.0.85 Per Share","1","30-Jun-2010","-","05-Jul-2010","07-Jul-2010"
"TATACONSUM","TATA CONSUMER PRODUCTS LIMITED","EQ","Face Value Split From Rs.10/- To Re.1/-","1","30-Jun-2010","02-Jul-2010","-","-"
"SASKEN","Sasken Technologies Limited","EQ","Annual General Meeting And Dividend Rs.4/- Per Share","10","30-Jun-2010","-","03-Jul-2010","09-Jul-2010"
"MAHABANK","Bank of Maharashtra","EQ","Dividend-Rs.2/- Per Share","10","30-Jun-2010","-","03-Jul-2010","09-Jul-2010"
"TATACHEM","Tata Chemicals Limited","EQ","Dividend-Rs.9/- Per Share","10","02-Jul-2010","-","06-Jul-2010","26-Jul-2010"
"DIVISLAB","Divi's Laboratories Limited","EQ","Annual General Meeting And Dividend Rs.6/- Per Share","2","02-Jul-2010","-","06-Jul-2010","10-Jul-2010"
"IVC","IL&FS Investment Managers Limited","EQ","Dividend-Rs.1.50 Per Share","2","02-Jul-2010","-","06-Jul-2010","16-Jul-2010"
"VTL","Vardhman Textiles Limited","EQ","Dividend-Rs.3/- Per Share","2","02-Jul-2010","-","06-Jul-2010","17-Jul-2010"
"DRREDDY","Dr. Reddy's Laboratories Limited","EQ","Annual General Meeting And Final Dividend Rs.11.25 Per Share","1","02-Jul-2010","-","06-Jul-2010","10-Jul-2010"
"VEDL","Vedanta Limited","EQ","Dividend-Rs.3.25 Pr Share","1","02-Jul-2010","-","06-Jul-2010","08-Jul-2010"
"EXIDEIND","Exide Industries Limited","EQ","Final Dividend-Re.0.40 Per Share","1","02-Jul-2010","-","06-Jul-2010","14-Jul-2010"
"VIJAYABANK","Vijaya Bank","EQ","Annual General Meeting And Dividend Rs.2.50 Per Share","10","02-Jul-2010","-","06-Jul-2010","09-Jul-2010"
"VIPIND","VIP Industries Limited","EQ","Annual General Meeting And Final Dividend Rs.3/- Per Share","2","02-Jul-2010","-","06-Jul-2010","15-Jul-2010"
"MONSANTO","Monsanto India Limited","EQ","Final Dividend-Rs.7.50 Per Share","10","02-Jul-2010","-","06-Jul-2010","08-Jul-2010"
"ELECTCAST","Electrosteel Castings Limited","EQ","Dividend-Re.1.25 Per Share","1","02-Jul-2010","-","06-Jul-2010","12-Jul-2010"
"TRF","TRF Limited","EQ","Dividend-Rs.7.50 Per Share","10","05-Jul-2010","-","07-Jul-2010","14-Jul-2010"
"AKZOINDIA","Akzo Nobel India Limited","EQ","Dividend-Rs.16/- Per Share","10","05-Jul-2010","-","07-Jul-2010","22-Jul-2010"
"STLTECH","Sterlite Technologies Limited","EQ","Annual General Meeting And Final Dividend Re.0.50 Per Share","2","05-Jul-2010","-","07-Jul-2010","14-Jul-2010"
"TULIP","Tulip Telecom Limited","EQ","Fv Split Rs.10/- To Rs.2/-","2","06-Jul-2010","07-Jul-2010","-","-"
"NISSAN","Nissan Copper Limited","EQ","Annual General Meeting","1","06-Jul-2010","-","08-Jul-2010","12-Jul-2010"
"JKLAKSHMI","JK Lakshmi Cement Limited","EQ","Annual General Meeting And Dividend Rs.1.50 Per Share","5","06-Jul-2010","-","08-Jul-2010","14-Jul-2010"
"DEEPAKFERT","Deepak Fertilizers and Petrochemicals Corporation Limited","EQ","Annual General Meeting And Dividend Rs.4.50 Per Share","10","06-Jul-2010","-","08-Jul-2010","22-Jul-2010"
"GFLLIMITED","GFL Limited","EQ","Final Dividend-Rs.1.50 Per Share","1","06-Jul-2010","-","08-Jul-2010","10-Jul-2010"
"COLPAL","Colgate Palmolive (India) Limited","EQ","Annual General Meeting","1","06-Jul-2010","-","08-Jul-2010","15-Jul-2010"
"SOUTHBANK","The South Indian Bank Limited","EQ","Dividend-Rs.4/- Per Share","1","06-Jul-2010","-","08-Jul-2010","14-Jul-2010"
"ZENITHSTL","Zenith Steel Pipes & Industries Limited","EQ","Annual General Meeting / Final Dividend Rs 0.60  And Special Dividend Rs 1.40 Per Share.","10","07-Jul-2010","-","09-Jul-2010","12-Jul-2010"
"DENABANK","Dena Bank","EQ","Annual General Meeting And Dividend Rs.2/- Per Share","10","07-Jul-2010","-","09-Jul-2010","16-Jul-2010"
"MANINFRA","Man Infraconstruction Limited","EQ","Annual General Meeting And Final Dividend Rs.1.80 Per Share","2","07-Jul-2010","-","09-Jul-2010","15-Jul-2010"
"POONAWALLA","Poonawalla Fincorp Limited","EQ","Dividend-Rs.2/- Per Share","2","07-Jul-2010","-","09-Jul-2010","15-Jul-2010"
"TATACOFFEE","Tata Coffee Limited","EQ","Annual General Meeting And Dividend Rs.7.50 Per Share","1","07-Jul-2010","-","09-Jul-2010","23-Jul-2010"
"INGERRAND","Ingersoll Rand (India) Limited","EQ","Final Dividend-Rs.3/- Per Share","10","07-Jul-2010","-","09-Jul-2010","16-Jul-2010"
"EIDPARRY","EID Parry India Limited","EQ","Agm/Div-Rs.4/- Per Share","1","07-Jul-2010","-","09-Jul-2010","28-Jul-2010"
"DHANBANK","Dhanlaxmi Bank Limited","EQ","Annual General Meeting And Final Dividend Re.1/- Per Share","10","07-Jul-2010","-","09-Jul-2010","15-Jul-2010"
"IIFL","IIFL Finance Limited","EQ","Annual General Meeting","2","07-Jul-2010","-","09-Jul-2010","16-Jul-2010"
"BANKINDIA","Bank of India","EQ","Annual General Meeting And Dividend Rs.7/- Per Share","10","08-Jul-2010","-","10-Jul-2010","14-Jul-2010"
"ERAINFRA","Era Infra Engineering Limited","EQ","Annual General Meeting And Dividend Re.0.40 Per Share","2","08-Jul-2010","-","10-Jul-2010","17-Jul-2010"
"POLARIS","POLARIS CONSULTING & SERVICES LIMITED","EQ","Agm/Div-Rs.1.75 Per Share","5","08-Jul-2010","-","10-Jul-2010","15-Jul-2010"
"ANANTRAJ","Anant Raj Limited","EQ","Annual General Meeting And Dividend Re.0.60 Per Share","2","08-Jul-2010","-","10-Jul-2010","22-Jul-2010"
"BSOFT","BIRLASOFT LIMITED","EQ","Annual General Meeting And Dividend Re.0.70 Per Share","2","08-Jul-2010","-","10-Jul-2010","16-Jul-2010"
"LUMAXIND","Lumax Industries Limited","EQ","Dividend-Rs.3/- Per Share","10","08-Jul-2010","-","12-Jul-2010","22-Jul-2010"
"M&M","Mahindra & Mahindra Limited","EQ","Annual General Meeting/Final Dividend Rs.8.75 Per Share And Special Dividend Re.0.75 Per Share (Purpose Revised)","5","08-Jul-2010","-","10-Jul-2010","28-Jul-2010"
"THERMAX","Thermax Limited","EQ","Annual General Meeting And Dividend Rs.5/- Per Share","2","08-Jul-2010","-","12-Jul-2010","21-Jul-2010"
"GODREJPROP","Godrej Properties Limited","EQ","Final Dividend-Rs.4/- Per Share","5","08-Jul-2010","-","12-Jul-2010","17-Jul-2010"
"PNB","Punjab National Bank","EQ","Annual General Meeting And Final Dividend Rs.12/- Per Share","2","08-Jul-2010","-","10-Jul-2010","21-Jul-2010"
"ZYDUSWELL","Zydus Wellness Limited","EQ","Dividend-Rs.3/- Per Share","2","08-Jul-2010","-","10-Jul-2010","16-Jul-2010"
"TRENT","Trent Limited","EQ","4 Ccps (2 Series A Ccps And 2 Series B Ccps) Issued @ Premium Of Rs 540 Per Ccps For 9 Eq Shares","1","08-Jul-2010","10-Jul-2010","-","-"
"HINDUNILVR","Hindustan Unilever Limited","EQ","Annual General Meeting And Final Dividend Rs.3.50 Per Share","1","08-Jul-2010","-","10-Jul-2010","26-Jul-2010"
"BIOCON","Biocon Limited","EQ","Annual General Meeting And Dividend Rs.3.50 Per Share","5","08-Jul-2010","-","10-Jul-2010","23-Jul-2010"
"TALBROAUTO","Talbros Automotive Components Limited","EQ","Dividend-Re.1/- Per Share","2","08-Jul-2010","-","12-Jul-2010","21-Jul-2010"
"EIHAHOTELS","EIH Associated Hotels Limited","EQ","Annual General Meeting And Dividend Rs.1.50 Per Share","10","08-Jul-2010","-","12-Jul-2010","30-Jul-2010"
"EXCELINDUS","Excel Industries Limited","EQ","Annual General Meeting And Dividend Rs.2/- Per Share","5","08-Jul-2010","-","10-Jul-2010","19-Jul-2010"
"GEOJITFSL","Geojit Financial Services Limited","EQ","Annual General Meeting And Dividend Re.0.75 Per Share","1","08-Jul-2010","-","10-Jul-2010","12-Jul-2010"
"ASAL","Automotive Stampings and Assemblies Limited","EQ","Annual General Meeting And Dividend Re.1.50 Per Share","10","08-Jul-2010","-","10-Jul-2010","16-Jul-2010"
"CENTRALBK","Central Bank of India","EQ","Final Dividend-Re.1.20 Per Share","10","08-Jul-2010","-","10-Jul-2010","14-Jul-2010"
"KALYANIFRG","Kalyani Forge Limited","EQ","Dividend-Re.1.80 Per Share","10","08-Jul-2010","-","10-Jul-2010","17-Jul-2010"
"BAJFINANCE","Bajaj Finance Limited","EQ","Annual General Meeting And Dividend Rs.6/- Per Share","1","08-Jul-2010","-","10-Jul-2010","21-Jul-2010"
"MUKANDLTD","Mukand Limited","EQ","Annual General Meeting And Dividend Re.1/- Per Share","10","08-Jul-2010","-","10-Jul-2010","23-Jul-2010"
"SEAMECLTD","Seamec Limited","EQ","Annual General Meeting And Dividend Rs.3/- Per Share","10","08-Jul-2010","-","10-Jul-2010","20-Jul-2010"
"CESC","CESC Limited","EQ","Annual General Meeting And Dividend Rs.4/- Per Share","1","08-Jul-2010","-","10-Jul-2010","23-Jul-2010"
"MANINDS","Man Industries (India) Limited","EQ","Annual General Meeting And Dividend Re.1.75 Per Share","5","08-Jul-2010","-","10-Jul-2010","16-Jul-2010"
"BAJAJ-AUTO","Bajaj Auto Limited","EQ","Annual General Meeting / Dividend Rs.40/- Per Share","10","08-Jul-2010","-","10-Jul-2010","22-Jul-2010"
"BAJAJFINSV","Bajaj Finserv Limited","EQ","Annual General Meeting / Dividend Re. 1 Per Share","1","08-Jul-2010","-","10-Jul-2010","21-Jul-2010"
"BAJAJHLDNG","Bajaj Holdings & Investment Limited","EQ","Annual General Meeting / Dividend Rs 30 Per Share","10","08-Jul-2010","-","10-Jul-2010","22-Jul-2010"
"3IINFOTECH","3i Infotech Limited","EQ","Dividend-Rs.1.50 Per Share","10","08-Jul-2010","-","10-Jul-2010","27-Jul-2010"
"SALORAINTL","Salora International Limited","EQ","Annual General Meeting","10","08-Jul-2010","-","12-Jul-2010","19-Jul-2010"
"NEXTMEDIA","Next Mediaworks Limited","EQ","Annual General Meeting","10","09-Jul-2010","-","13-Jul-2010","20-Jul-2010"
"PCBL","PCBL Chemical Limited","EQ","Annual General Meeting/Final Dividend Rs.4/- Per Share And Golden Jubilee Year Dividend Re.1/- Per Share.","1","09-Jul-2010","-","13-Jul-2010","23-Jul-2010"
"DBCORP","D.B.Corp Limited","EQ","Final Dividend-Rs.1.25 Per Share","10","09-Jul-2010","-","13-Jul-2010","20-Jul-2010"
"GVPIL","GE Power India Limited","EQ","Dividend-Rs.10/- Per Share","10","09-Jul-2010","-","13-Jul-2010","21-Jul-2010"
"WHIRLPOOL","Whirlpool of India Limited","EQ","Annual General Meeting","10","09-Jul-2010","-","13-Jul-2010","19-Jul-2010"
"TITAN","Titan Company Limited","EQ","Dividend-Rs.15/- Per Share","1","09-Jul-2010","-","13-Jul-2010","27-Jul-2010"
"CGPOWER","CG Power and Industrial Solutions Limited","EQ","Annual General Meeting","2","09-Jul-2010","-","13-Jul-2010","19-Jul-2010"
"HANUNG","Hanung Toys and Textiles Limited","EQ","Annual General Meeting And Dividend Rs.2/- Per Share","10","09-Jul-2010","-","13-Jul-2010","16-Jul-2010"
"GTL","GTL Limited","EQ","Dividend-Rs.3/- Per Share","10","09-Jul-2010","-","13-Jul-2010","16-Jul-2010"
"PEACOCKIND","Peacock Industries Limited","EQ","Annual General Meeting","10","12-Jul-2010","-","14-Jul-2010","21-Jul-2010"
"RML","Rane (Madras) Limited","EQ","Final Dividend-Rs.2/- Per Share","10","12-Jul-2010","-","14-Jul-2010","19-Jul-2010"
"MAHINDUGIN","Mahindra Ugine Steel Company Limited","EQ","Annual General Meeting And Dividend Re.1/- Per Share","10","12-Jul-2010","-","14-Jul-2010","27-Jul-2010"
"MANAPPURAM","Manappuram Finance Limited","EQ","Annual General Meeting And Div. Of Re.0.50 Per Equity Share","2","12-Jul-2010","-","14-Jul-2010","20-Jul-2010"
"CIEINDIA","CIE Automotive India Limited","EQ","Annual General Meeting","10","12-Jul-2010","-","14-Jul-2010","22-Jul-2010"
"JSL","Jindal Stainless Limited","EQ","Annual General Meeting","2","12-Jul-2010","-","14-Jul-2010","16-Jul-2010"
"ORCHIDPHAR","Orchid Pharma Limited","EQ","Annual General Meeting And Dividend Rs.10/- Per Share","10","12-Jul-2010","-","14-Jul-2010","21-Jul-2010"
"BLUESTARCO","Blue Star Limited","EQ","Annual General Meeting And Dividend Rs.8/- Per Share","2","12-Jul-2010","-","14-Jul-2010","21-Jul-2010"
"ABREL","Aditya Birla Real Estate Limited","EQ","Annual General Meeting And Dividend Rs.5.50 Per Share","10","12-Jul-2010","-","14-Jul-2010","27-Jul-2010"
"TATASTEEL","Tata Steel Limited","EQ","Annual General Meeting And Dividend Rs.8/- Per Share","1","12-Jul-2010","-","14-Jul-2010","20-Jul-2010"
"ONWARDTEC","Onward Technologies Limited","EQ","Annual General Meeting","10","12-Jul-2010","-","14-Jul-2010","16-Jul-2010"
"VSTIND","VST Industries Limited","EQ","Dividend-Rs.30/- Pr Share","10","12-Jul-2010","-","14-Jul-2010","16-Jul-2010"
"RANEENGINE","Rane Engine Valve Limited","EQ","Final Dividend-Rs.1.50 Per Share","10","12-Jul-2010","-","14-Jul-2010","20-Jul-2010"
"RBL","Rane Brake Lining Limited","EQ","Final Dividend-Rs.1.50 Per Share","10","12-Jul-2010","-","14-Jul-2010","21-Jul-2010"
"REDINGTON","Redington Limited","EQ","Dividend-Rs.5/- Per Share","2","12-Jul-2010","-","14-Jul-2010","20-Jul-2010"
"TATAELXSI","Tata Elxsi Limited","EQ","Dividend-Rs.7/- Per Share","10","12-Jul-2010","-","14-Jul-2010","26-Jul-2010"
"PONNIERODE","Ponni Sugars (Erode) Limited","EQ","Annual General Meeting And Dividend Rs.4/- Per Share","10","13-Jul-2010","-","15-Jul-2010","21-Jul-2010"
"ELNET","Elnet Technologies Limited","EQ","Annual General Meeting And Dividend Rs.1.20 Per Share","10","13-Jul-2010","-","15-Jul-2010","21-Jul-2010"
"KANORICHEM","Kanoria Chemicals & Industries Limited","EQ","Dividend Rs 1.50 Per Share","5","13-Jul-2010","-","15-Jul-2010","29-Jul-2010"
"RIIL","Reliance Industrial Infrastructure Limited","EQ","Dividend Rs 3.50 Per Share","10","13-Jul-2010","-","15-Jul-2010","20-Jul-2010"
"HGM","HandsOn Global Management (HGM) Limited","EQ","Annual General Meeting / Dividend Rs 2 Per Share","10","13-Jul-2010","-","15-Jul-2010","21-Jul-2010"
"BIRLANU","BirlaNu Limited","EQ","Annual General Meeting/Dividend Rs 10 Per Share","10","13-Jul-2010","-","15-Jul-2010","21-Jul-2010"
"SESHAPAPER","Seshasayee Paper and Boards Limited","EQ","Final Dividend Rs.3.50 Per Share And Golden Jubilee Special Dividend Rs.2.50 Per Share","2","13-Jul-2010","-","15-Jul-2010","24-Jul-2010"
"KOHINOOR","Kohinoor Foods Limited","EQ","Annual General Meeting","10","13-Jul-2010","-","15-Jul-2010","22-Jul-2010"
"VINATIORGA","Vinati Organics Limited","EQ","Annual General Meeting And Final Dividend Re.0.70 Per Share","1","13-Jul-2010","-","15-Jul-2010","24-Jul-2010"
"INDOCO","Indoco Remedies Limited","EQ","Dividend-Rs.7/- Per Share","2","13-Jul-2010","-","15-Jul-2010","22-Jul-2010"
"BERGEPAINT","Berger Paints (I) Limited","EQ","Annual General Meeting And Dividend Re.1.10 Per Share","1","13-Jul-2010","-","15-Jul-2010","29-Jul-2010"
"ALKYLAMINE","Alkyl Amines Chemicals Limited","EQ","Annual General Meeting And Dividend Rs.3/- Per Share","2","13-Jul-2010","-","15-Jul-2010","22-Jul-2010"
"BRIGADE","Brigade Enterprises Limited","EQ","Dividend-Rs.1.20 Per Share","10","13-Jul-2010","-","15-Jul-2010","23-Jul-2010"
"NAGARFERT","Nagarjuna Fertilizer & Chemicals Limited","EQ","Annual General Meeting And Dividend Re.0.50 Per Share","10","14-Jul-2010","-","16-Jul-2010","29-Jul-2010"
"PTL","PTL Enterprises Limited","EQ","Annual General Meeting And Dividend Re.0.50 Per Share","1","14-Jul-2010","-","16-Jul-2010","28-Jul-2010"
"SWARAJENG","Swaraj Engines Limited","EQ","Dividend-Rs.8/- Per Share","10","14-Jul-2010","-","16-Jul-2010","22-Jul-2010"
"ONMOBILE","OnMobile Global Limited","EQ","Annual General Meeting","10","14-Jul-2010","-","16-Jul-2010","23-Jul-2010"
"COROMANDEL","Coromandel International Limited","EQ","Dividend-Rs.4/- Per Share","1","14-Jul-2010","-","16-Jul-2010","22-Jul-2010"
"MOTILALOFS","Motilal Oswal Financial Services Limited","EQ","Annual General Meeting And Dividend Rs.1.20 Per Share","1","14-Jul-2010","-","16-Jul-2010","24-Jul-2010"
"LMW","LMW Limited","EQ","Dividend-Rs.15/- Per Share","10","14-Jul-2010","-","16-Jul-2010","28-Jul-2010"
"HINDUJAFO","Hinduja Foundries Limited","EQ","Annual General Meeting","10","14-Jul-2010","-","16-Jul-2010","28-Jul-2010"
"GRAPHITE","Graphite India Limited","EQ","Annual General Meeting And Dividend Rs.3.50 Per Share","2","14-Jul-2010","-","16-Jul-2010","29-Jul-2010"
"SAMRUDDHI","Samruddhi Cement Limited","EQ","Dividend Rs1.75 Per Share","5","14-Jul-2010","-","16-Jul-2010","24-Jul-2010"
"KARURVYSYA","Karur Vysya Bank Limited","EQ","Dividend-Rs.12/- Per Share","2","14-Jul-2010","-","16-Jul-2010","21-Jul-2010"
"SUPER","Super Sales India Limited","EQ","Annual General Meeting And Dividend Rs.10/- Per Share","10","14-Jul-2010","-","16-Jul-2010","28-Jul-2010"
"CARBORUNIV","Carborundum Universal Limited","EQ","Dividend-Rs.2/- Per Share","1","14-Jul-2010","-","16-Jul-2010","30-Jul-2010"
"CEATFIN","CFL Capital Financial Services Limited","EQ","Annual General Meeting","10","14-Jul-2010","-","16-Jul-2010","23-Jul-2010"
"TUBEINVEST","Tube Investments of India Limited","EQ","Dividend Rs 1.50 Per Share","2","14-Jul-2010","-","16-Jul-2010","29-Jul-2010"
"CEATLTD","CEAT Limited","EQ","Annual General Meeting And Dividend Rs.4/- Per Share","10","14-Jul-2010","-","16-Jul-2010","27-Jul-2010"
"VGUARD","V-Guard Industries Limited","EQ","Annual General Meeting / Dividend Rs 3 Per Share","1","14-Jul-2010","-","16-Jul-2010","26-Jul-2010"
"SOTL","Savita Oil Technologies Limited","EQ","Annual General Meeting And Dividend Rs.15/- Per Share","2","14-Jul-2010","-","16-Jul-2010","22-Jul-2010"
"APCOTEXIND","Apcotex Industries Limited","EQ","Dividend-Rs.5/- Per Share","2","14-Jul-2010","-","16-Jul-2010","23-Jul-2010"
"SUNDRMBRAK","Sundaram Brake Linings Limited","EQ","Annual General Meeting","10","14-Jul-2010","-","16-Jul-2010","23-Jul-2010"
"MINDTREE","MindTree Limited","EQ","Annual General Meeting And Final Dividend Rs.2/- Per Share","10","14-Jul-2010","-","16-Jul-2010","20-Jul-2010"
"APOLLOTYRE","Apollo Tyres Limited","EQ","Annual General Meeting And Dividend Re.0.75 Per Share","1","14-Jul-2010","-","16-Jul-2010","29-Jul-2010"
"SAREGAMA","Saregama India Limited","EQ","Annual General Meeting","1","14-Jul-2010","-","16-Jul-2010","23-Jul-2010"
"BHARATFORG","Bharat Forge Limited","EQ","Dividend-Re.1/- Per Share","2","15-Jul-2010","-","17-Jul-2010","26-Jul-2010"
"APOLLOHOSP","Apollo Hospitals Enterprise Limited","EQ","Annual General Meeting And Dividend Rs.7/- Per Share","5","15-Jul-2010","-","17-Jul-2010","26-Jul-2010"
"WIPRO","Wipro Limited","EQ","Annual General Meeting","2","15-Jul-2010","-","19-Jul-2010","22-Jul-2010"
"DVL","Dhunseri Ventures Limited","EQ","Scheme Of Arrangement","10","15-Jul-2010","16-Jul-2010","-","-"
"ORIENTHOT","Oriental Hotels Limited","EQ","Annual General Meeting And Dividend Rs.7.50 Per Share","1","15-Jul-2010","-","19-Jul-2010","27-Jul-2010"
"REPRO","Repro India Limited","EQ","Annual General Meeting And Dividend Rs.3/- Per Share","10","15-Jul-2010","-","17-Jul-2010","24-Jul-2010"
"MAHLIFE","Mahindra Lifespace Developers Limited","EQ","Agm/Div-Rs.3.50 Per Share","10","15-Jul-2010","-","17-Jul-2010","21-Jul-2010"
"MHRIL","Mahindra Holidays & Resorts India Limited","EQ","Agm/Div-Rs.4/- Per Share","10","15-Jul-2010","-","17-Jul-2010","26-Jul-2010"
"NELCAST","Nelcast Limited","EQ","Dividend-Rs.1.50 Per Share","2","15-Jul-2010","-","19-Jul-2010","24-Jul-2010"
"NOCIL","NOCIL Limited","EQ","Annual General Meeting And Dividend Re.0.60 Per Share","10","15-Jul-2010","-","19-Jul-2010","30-Jul-2010"
"JYOTHYLAB","Jyothy Labs Limited","EQ","Annual General Meeting And Dividend Rs.4/- Per Share","1","15-Jul-2010","-","17-Jul-2010","27-Jul-2010"
"DOLPHINOFF","Dolphin Offshore Enterprises (India) Limited","EQ","Annual General Meeting And Final Dividend Rs.1.50 Per Share","10","15-Jul-2010","-","17-Jul-2010","23-Jul-2010"
"PRAJIND","Praj Industries Limited","EQ","Annual General Meeting","2","15-Jul-2010","-","19-Jul-2010","23-Jul-2010"
"KIRLOSBROS","Kirloskar Brothers Limited","EQ","Final Dividend Rs.3.50 Per Share + Special Dividend Rs.2 Per Share","2","15-Jul-2010","-","17-Jul-2010","27-Jul-2010"
"KTKBANK","The Karnataka Bank Limited","EQ","Annual General Meeting And Dividend Rs.4/- Per Share","10","15-Jul-2010","-","17-Jul-2010","31-Jul-2010"
"RPGLIFE","RPG Life Sciences Limited","EQ","Annual General Meeting And Dividend Rs.1.44 Per Share","8","15-Jul-2010","-","19-Jul-2010","29-Jul-2010"
"PANCARBON","Panasonic Carbon India Company Limited","EQ","Annual General Meeting And Dividend Rs.7/- Per Share","10","15-Jul-2010","-","19-Jul-2010","23-Jul-2010"
"EXCELCROP","Excel Crop Care Limited","EQ","Annual General Meeting / Dividend Rs 6.25 Per Share","5","15-Jul-2010","-","17-Jul-2010","28-Jul-2010"
"KCP","KCP Limited","EQ","Annual General Meeting And Dividend Rs.2.50 Per Share","1","15-Jul-2010","-","17-Jul-2010","28-Jul-2010"
"NAUKRI","Info Edge (India) Limited","EQ","Dividend-Re.0.75 Per Share","2","15-Jul-2010","-","19-Jul-2010","23-Jul-2010"
"PRICOL","Pricol Limited","EQ","Dividend-Re.0.40 Per Share","1","15-Jul-2010","-","17-Jul-2010","23-Jul-2010"
"IVP","IVP Limited","EQ","Dividend-Re.1/- Per Share","10","15-Jul-2010","-","19-Jul-2010","24-Jul-2010"
"MEGH","Meghmani Organics Limited","EQ","Dividend-Re.0.40 Per Share","1","15-Jul-2010","-","19-Jul-2010","28-Jul-2010"
"ZYDUSLIFE","Zydus Lifesciences Limited","EQ","Dividend-Rs.5/- Per Share","1","15-Jul-2010","-","19-Jul-2010","24-Jul-2010"
"TATAMETALI","Tata Metaliks Limited","EQ","Annual Book Closure","10","15-Jul-2010","-","19-Jul-2010","30-Jul-2010"
"JBCHEPHARM","JB Chemicals & Pharmaceuticals Limited","EQ","Annual General Meeting And Dividend Rs.2/- Per Share","1","15-Jul-2010","-","19-Jul-2010","23-Jul-2010"
"LUMAXTECH","Lumax Auto Technologies Limited","EQ","Final Dividend-Rs.3/- Per Share","2","15-Jul-2010","-","19-Jul-2010","26-Jul-2010"
"PRECWIRE","Precision Wires India Limited","EQ","Annual General Meeting And Dividend Rs.2/- Per Share","1","15-Jul-2010","-","17-Jul-2010","23-Jul-2010"
"DISHMAN","Dishman Pharmaceuticals and Chemicals Limited","EQ","Annual General Meeting And Dividend Rs.1.20 Per Share","2","15-Jul-2010","-","17-Jul-2010","30-Jul-2010"
"FINCABLES","Finolex Cables Limited","EQ","Agm/Dividend Rs. 0.60 Per Share","2","15-Jul-2010","-","17-Jul-2010","09-Aug-2010"
"FKONCO","Fresenius Kabi Oncology Limited","EQ","Annual General Meeting","1","15-Jul-2010","-","19-Jul-2010","29-Jul-2010"
"GEOMETRIC","Geometric Limited","EQ","Dividend-Rs.1.10 Pr Share","2","15-Jul-2010","-","17-Jul-2010","23-Jul-2010"
"VOLTAMP","Voltamp Transformers Limited","EQ","Dividend-Rs.12.50 Per Share","10","15-Jul-2010","-","17-Jul-2010","30-Jul-2010"
"CHEMPLAST","Chemplast Sanmar Limited","EQ","Annual General Meeting","1","15-Jul-2010","-","19-Jul-2010","27-Jul-2010"
"MRPL","Mangalore Refinery and Petrochemicals Limited","EQ","Annual General Meeting And Dividend Rs.1.20 Per Share","10","15-Jul-2010","-","17-Jul-2010","24-Jul-2010"
"WSTCSTPAPR","West Coast Paper Mills Limited","EQ","Dividend-Rs.2/- Per Share","2","15-Jul-2010","-","17-Jul-2010","31-Jul-2010"
"NIPPOBATRY","Indo-National Limited","EQ","Dividend-Rs.20/- Per Share","5","15-Jul-2010","-","19-Jul-2010","23-Jul-2010"
"SGFL","Shree Ganesh Forgings Limited","EQ","Annual General Meeting","10","15-Jul-2010","-","19-Jul-2010","30-Jul-2010"
"EKC","Everest Kanto Cylinder Limited","EQ","Annual General Meeting And Final Dividend Rs.1.20 Per Share","2","15-Jul-2010","-","17-Jul-2010","27-Jul-2010"
"GICHSGFIN","GIC Housing Finance Limited","EQ","Dividend Rs. 4.50 Per Share","10","15-Jul-2010","-","17-Jul-2010","27-Jul-2010"
"SUNDROP","Sundrop Brands Limited","EQ","Annual General Meeting And Dividend Rs.1.50 Per Share","10","16-Jul-2010","-","20-Jul-2010","28-Jul-2010"
"JTEKTINDIA","Jtekt India Limited","EQ","Annual General Meeting And Dividend Re.0.30 Per Share","1","16-Jul-2010","-","20-Jul-2010","27-Jul-2010"
"BIMETAL","Bimetal Bearings Limited","EQ","Dividend-Rs.8/- Per Share (Purpose Revised)","10","16-Jul-2010","-","20-Jul-2010","23-Jul-2010"
"IPCALAB","IPCA Laboratories Limited","EQ","Annual General Meeting And Final Dividend Re.1/- Per Share","1","16-Jul-2010","-","20-Jul-2010","29-Jul-2010"
"JKCEMENT","JK Cement Limited","EQ","Annual General Meeting And Final Dividend Rs.3.50 Per Share","10","16-Jul-2010","-","20-Jul-2010","31-Jul-2010"
"TTKHEALTH","TTK Healthcare Limited","EQ","Annual General Meeting And Dividend Rs.3.50 Per Share","10","16-Jul-2010","-","20-Jul-2010","28-Jul-2010"
"ORIENTCER","ORIENT CERATECH LIMITED","EQ","Annual General Meeting And Dividend Re.1/- Per Share","1","16-Jul-2010","-","20-Jul-2010","27-Jul-2010"
"JKPAPER","JK Paper Limited","EQ","Dividend-Rs.2/- Per Share","10","16-Jul-2010","-","20-Jul-2010","02-Aug-2010"
"UTTAMVALUE","Uttam Value Steels Limited","EQ","Annual General Meeting","10","16-Jul-2010","-","20-Jul-2010","29-Jul-2010"
"SPARC","Sun Pharma Advanced Research Company Limited","EQ","Annual General Meeting","1","16-Jul-2010","-","20-Jul-2010","24-Jul-2010"
"KSE","KSE Limited","EQ","Annual General Meeting And Dividend Rs.10/- Per Share","10","16-Jul-2010","-","20-Jul-2010","29-Jul-2010"
"ZODIACLOTH","Zodiac Clothing Company Limited","EQ","Annual General Meeting And Dividend Rs.7/- Per Share","10","16-Jul-2010","-","20-Jul-2010","22-Jul-2010"
"VOLTAS","Voltas Limited","EQ","Annual General Meeting And Dividend Rs.2/- Per Share","1","16-Jul-2010","-","20-Jul-2010","16-Aug-2010"
"GKWLIMITED","GKW Limited","EQ","Annual General Meeting","10","16-Jul-2010","-","20-Jul-2010","30-Jul-2010"
"GODREJIND","Godrej Industries Limited","EQ","Final Dividend-Rs.1.50 Per Share","1","16-Jul-2010","-","20-Jul-2010","27-Jul-2010"
"INDIANHUME","Indian Hume Pipe Company Limited","EQ","Annual General Meeting And Dividend Rs.10/- Per Share","2","16-Jul-2010","-","20-Jul-2010","29-Jul-2010"
"INDOTECH","Indo Tech Transformers Limited","EQ","Annual General Meeting","10","16-Jul-2010","-","20-Jul-2010","23-Jul-2010"
"SICAGEN","Sicagen India Limited","EQ","Annual General Meeting","10","16-Jul-2010","-","20-Jul-2010","29-Jul-2010"
"ASHOKLEY","Ashok Leyland Limited","EQ","Annual General Meeting And Dividend Rs.1.50 Per Share","1","16-Jul-2010","-","20-Jul-2010","27-Jul-2010"
"BLUESTINFO","Blue Star Infotech Limited","EQ","Dividend-Rs.5/- Per Share","10","16-Jul-2010","-","20-Jul-2010","30-Jul-2010"
"INDBANK","Indbank Merchant Banking Services Limited","EQ","Annual General Meeting","10","16-Jul-2010","-","20-Jul-2010","28-Jul-2010"
"3MINDIA","3M India Limited","EQ","Annual General Meeting","10","16-Jul-2010","-","20-Jul-2010","26-Jul-2010"
"IDBI","IDBI Bank Limited","EQ","Dividend-Rs.3/- Per Share","10","16-Jul-2010","-","20-Jul-2010","22-Jul-2010"
"PERSISTENT","Persistent Systems Limited","EQ","Final Dividend-Re.0.50 Per Share","5","16-Jul-2010","19-Jul-2010","-","-"
"USHAMART","Usha Martin Limited","EQ","Annual General Meeting And Dividend Re.1/- Per Share","1","16-Jul-2010","-","20-Jul-2010","27-Jul-2010"
"BEPL","Bhansali Engineering Polymers Limited","EQ","Annual General Meeting","1","16-Jul-2010","-","20-Jul-2010","27-Jul-2010"
"VASCONEQ","Vascon Engineers Limited","EQ","Annual General Meeting","10","16-Jul-2010","-","20-Jul-2010","28-Jul-2010"
"TV-18","Television Eighteen India Limited","EQ","Annual General Meeting","5","19-Jul-2010","-","21-Jul-2010","27-Jul-2010"
"ARSSINFRA","ARSS Infrastructure Projects Limited","EQ","Annual General Meeting","10","19-Jul-2010","-","21-Jul-2010","26-Jul-2010"
"LUPIN","Lupin Limited","EQ","Annual General Meeting And Dividend Rs.13.50 Per Share","2","19-Jul-2010","-","21-Jul-2010","28-Jul-2010"
"SUVEN","Suven Life Sciences Limited","EQ","Agm/Div-Re.0.25 Per Share","1","19-Jul-2010","-","21-Jul-2010","23-Jul-2010"
"SHOPERSTOP","Shoppers Stop Limited","EQ","Dividend-Rs.1.50 Per Share","5","19-Jul-2010","-","21-Jul-2010","29-Jul-2010"
"DHFL","Dewan Housing Finance Corporation Limited","EQ","Dividend-Rs.3/- Per Share","10","19-Jul-2010","-","21-Jul-2010","27-Jul-2010"
"GABRIEL","Gabriel India Limited","EQ","Annual General Meeting And Final Dividend Re.0.55 Per Share","1","19-Jul-2010","-","21-Jul-2010","28-Jul-2010"
"BAJAJELEC","Bajaj Electricals Limited","EQ","Dividend-Rs.2.40 Per Share","2","19-Jul-2010","-","21-Jul-2010","28-Jul-2010"
"TCI","Transport Corporation of India Limited","EQ","Annual General Meeting And Final Dividend Re.0.40 Per Share","2","19-Jul-2010","-","21-Jul-2010","21-Jul-2010"
"BANARBEADS","Banaras Beads Limited","EQ","Annual General Meeting","10","20-Jul-2010","-","22-Jul-2010","05-Aug-2010"
"REMSONSIND","Remsons Industries Limited","EQ","Annual General Meeting","2","20-Jul-2010","-","22-Jul-2010","27-Jul-2010"
"NESCO","Nesco Limited","EQ","Bonus 1:1","2","20-Jul-2010","21-Jul-2010","-","-"
"SHALPAINTS","Shalimar Paints Limited","EQ","Dividend-Rs.7.50 Per Share","2","20-Jul-2010","-","22-Jul-2010","30-Jul-2010"
"CASTROL","Castrol India Limited","EQ","Interim Dividend Rs.7/- Per Share (Purpose Revised)","10","20-Jul-2010","21-Jul-2010","-","-"
"JMFINANCIL","JM Financial Limited","EQ","Final Dividend Re.0.25 Per Share And Special Dividend Re.0.25 Per Share","1","20-Jul-2010","-","22-Jul-2010","28-Jul-2010"
"WENDT","Wendt (India) Limited","EQ","Dividend-Rs.25/- Per Share","10","20-Jul-2010","-","22-Jul-2010","27-Jul-2010"
"PERIATEA","The Peria Karamalai Tea & Produce Company Limited","EQ","Annual General Meeting/Divdiend Of Rs.3.50 Per Share","10","20-Jul-2010","-","22-Jul-2010","28-Jul-2010"
"GESHIP","The Great Eastern Shipping Company Limited","EQ","Final Dividend Rs 8 Per Share","10","20-Jul-2010","-","22-Jul-2010","29-Jul-2010"
"IFGLREFRAC","IFGL Refractories Limited","EQ","Annual General Meeting And Dividend Re.1/- Per Share","10","20-Jul-2010","-","22-Jul-2010","31-Jul-2010"
"GOKUL","Gokul Refoils and Solvent Limited","EQ","Annual General Meeting And Dividend Re.0.30 Per Share","2","20-Jul-2010","-","22-Jul-2010","24-Jul-2010"
"IPRINGLTD","IP Rings Limited","EQ","Annual General Meeting And Dividend Rs.3/- Per Share","10","20-Jul-2010","-","22-Jul-2010","29-Jul-2010"
"TIL","TIL Limited","EQ","Annual General Meeting And Dividend Rs.6/- Per Share","10","20-Jul-2010","-","22-Jul-2010","29-Jul-2010"
"ARE&M","Amara Raja Energy & Mobility Limited","EQ","Dividend-Rs.2.90 Per Share","1","20-Jul-2010","-","22-Jul-2010","29-Jul-2010"
"BATLIBOI","Batliboi Limited","EQ","Annual Book Closure","5","20-Jul-2010","-","22-Jul-2010","29-Jul-2010"
"EMAMILTD","Emami Limited","EQ","Dividend Rs.6/- Per Share And Face Value Split From Rs.2/- To Re.1/-","1","21-Jul-2010","-","23-Jul-2010","27-Jul-2010"
"ALEMBICLTD","Alembic Limited","EQ","Dividend Rs 0.50 Per Share","2","21-Jul-2010","-","23-Jul-2010","30-Jul-2010"
"PETRONENGG","Petron Engineering Construction Limited","EQ","Annual General Meeting And Dividend Rs.2/- Per Share","10","21-Jul-2010","-","23-Jul-2010","03-Aug-2010"
"ZENSARTECH","Zensar Technologies Limited","EQ","Dividend Rs.5.50 Per Share And Bonus 1:1","2","21-Jul-2010","-","23-Jul-2010","26-Jul-2010"
"VALECHAENG","Valecha Engineering Limited","EQ","Dividend-Rs.1.50 Per Share","10","21-Jul-2010","-","23-Jul-2010","30-Jul-2010"
"GVKPIL","GVK Power & Infrastructure Limited","EQ","Annual General Meeting","1","21-Jul-2010","-","23-Jul-2010","31-Jul-2010"
"KKCL","Kewal Kiran Clothing Limited","EQ","Final Dividend Rs.6/- Per Share","10","21-Jul-2010","-","23-Jul-2010","05-Aug-2010"
"VARUNSHIP","Varun Shipping Company Limited","EQ","Annual General Meeting And Dividend Re.0.80 Per Share","10","21-Jul-2010","-","23-Jul-2010","04-Aug-2010"
"CHOLAFIN","Cholamandalam Investment and Finance Company Limited","EQ","-","2","21-Jul-2010","-","23-Jul-2010","28-Jul-2010"
"ADOR","Ador Welding Limited","EQ","Dividend-Rs.6/- Per Share","10","21-Jul-2010","-","23-Jul-2010","31-Jul-2010"
"MANGLMCEM","Mangalam Cement Limited","EQ","Annual General Meeting And Dividend Rs.6/- Per Share (Purpose Revised)","10","21-Jul-2010","-","23-Jul-2010","30-Jul-2010"
"KOLTEPATIL","Kolte - Patil Developers Limited","EQ","Final Dividend-Re.1/- Per Share","10","21-Jul-2010","-","23-Jul-2010","31-Jul-2010"
"SREINFRA","SREI Infrastructure Finance Limited","EQ","Dividend Re 1.20 Per Share","10","21-Jul-2010","-","23-Jul-2010","09-Aug-2010"
"HGS","Hinduja Global Solutions Limited","EQ","Annual General Meeting / Dividend Rs 20/- Per Share","10","21-Jul-2010","-","23-Jul-2010","31-Jul-2010"
"RSSOFTWARE","R. S. Software (India) Limited","EQ","Annual Closure","5","21-Jul-2010","-","23-Jul-2010","24-Jul-2010"
"SHRIRAMCIT","Shriram City Union Finance Limited","EQ","Annual General Meeting And Final Dividend Rs.3/- Per Share","10","21-Jul-2010","-","23-Jul-2010","30-Jul-2010"
"TAJGVK","Taj GVK Hotels & Resorts Limited","EQ","Agm/Div-Rs.2/- Per Share","2","21-Jul-2010","-","23-Jul-2010","26-Jul-2010"
"TECHM","Tech Mahindra Limited","EQ","Agm/Div-Rs.3.50 Per Share","5","21-Jul-2010","-","23-Jul-2010","26-Jul-2010"
"ICIL","Indo Count Industries Limited","EQ","Annual General Meeting","2","21-Jul-2010","-","23-Jul-2010","31-Jul-2010"
"PAEL","PAE Limited","EQ","Annual General Meeting And Dividend Re.1.85 Per Share","10","21-Jul-2010","-","23-Jul-2010","31-Jul-2010"
"PAGEIND","Page Industries Limited","EQ","Annual General Meeting","10","21-Jul-2010","-","23-Jul-2010","30-Jul-2010"
"NDLVENTURE","NDL Ventures Limited","EQ","Annual General Meeting And Dividend Rs.10/- Per Share","10","22-Jul-2010","-","24-Jul-2010","31-Jul-2010"
"EVERONN","Everonn Education Limited","EQ","Dividend-Rs.2/- Per Share","10","22-Jul-2010","-","24-Jul-2010","27-Jul-2010"
"SEINVEST","S.E. Investments Limited","EQ","Interim Dividend-Re.0.20 Per Share","1","22-Jul-2010","24-Jul-2010","-","-"
"UMESLTD","Usha Martin Education & Solutions Limited","EQ","Annual General Meeting","1","22-Jul-2010","-","24-Jul-2010","06-Aug-2010"
"JMTAUTOLTD","JMT Auto Limited","EQ","Annual General Meeting / Dividend Rs 0.25 Per Share","1","22-Jul-2010","-","24-Jul-2010","29-Jul-2010"
"SUNTV","Sun TV Network Limited","EQ","Annual General Meeting / Dividend Rs 6 Per Share","5","22-Jul-2010","-","24-Jul-2010","05-Aug-2010"
"CUB","City Union Bank Limited","EQ","Dividend-Re.0.75 Per Share","1","22-Jul-2010","-","26-Jul-2010","11-Aug-2010"
"NCC","NCC Limited","EQ","Annual General Meeting And Dividend Rs.1.30 Per Share","2","22-Jul-2010","-","26-Jul-2010","31-Jul-2010"
"NILKAMAL","Nilkamal Limited","EQ","Final Dividend-Rs.3/- Per Share","10","22-Jul-2010","-","24-Jul-2010","31-Jul-2010"
"NEULANDLAB","Neuland Laboratories Limited","EQ","Annual General Meeting","10","22-Jul-2010","-","26-Jul-2010","29-Jul-2010"
"PATSPINLTD","Patspin India Limited","EQ","Annual General Meeting","10","22-Jul-2010","-","24-Jul-2010","31-Jul-2010"
"SIMPLEXINF","Simplex Infrastructures Limited","EQ","Dividend Rs 2 Per Share","2","22-Jul-2010","-","24-Jul-2010","30-Jul-2010"
"MARICO","Marico Limited","EQ","Annual General Meeting","1","22-Jul-2010","-","26-Jul-2010","28-Jul-2010"
"CENTEXT","Century Extrusions Limited","EQ","Annual General Meeting And Dividend Re.0.10 Per Share","1","22-Jul-2010","-","24-Jul-2010","30-Jul-2010"
"APARINDS","Apar Industries Limited","EQ","Annual General Meeting And Dividend Rs.5/- Per Share","10","22-Jul-2010","-","26-Jul-2010","02-Aug-2010"
"KPIL","Kalpataru Projects International Limited","EQ","Dividend-Rs.7.50 Per Share","2","22-Jul-2010","-","24-Jul-2010","29-Jul-2010"
"TARIL","Transformers And Rectifiers (India) Limited","EQ","Dividend-Rs.5/- Per Share","1","22-Jul-2010","-","24-Jul-2010","28-Jul-2010"
"PIRPHYTO","Piramal Phytocare Limited","EQ","Annual General Meeting","10","22-Jul-2010","-","26-Jul-2010","31-Jul-2010"
"AROGRANITE","Aro Granite Industries Limited","EQ","Annual General Meeting And Dividend Re.1/- Per Share","10","22-Jul-2010","-","24-Jul-2010","29-Jul-2010"
"MAFATLAFIN","Mafatlal Finance Limited","EQ","Annual General Meeting","10","22-Jul-2010","-","26-Jul-2010","30-Jul-2010"
"MUKANDENGG","Mukand Engineers Limited","EQ","Annual General Meeting And Dividend Rs.1.50 Per Share","10","22-Jul-2010","-","24-Jul-2010","29-Jul-2010"
"GTNTEX","GTN Textiles Limited","EQ","Annual General Meeting","10","22-Jul-2010","-","24-Jul-2010","31-Jul-2010"
"HERITGFOOD","Heritage Foods Limited","EQ","Annual General Meeting And Dividend Rs.1.80 Per Share","5","22-Jul-2010","-","26-Jul-2010","30-Jul-2010"
"DCM","DCM  Limited","EQ","Annual General Meeting","10","22-Jul-2010","-","24-Jul-2010","30-Jul-2010"
"J&KBANK","The Jammu & Kashmir Bank Limited","EQ","Dividend Rs 22 Per Share","1","22-Jul-2010","-","26-Jul-2010","31-Jul-2010"
"JMCPROJECT","JMC Projects (India)  Limited","EQ","Dividend Rs 2 Per Share","2","22-Jul-2010","-","24-Jul-2010","29-Jul-2010"
"IFBAGRO","IFB Agro Industries Limited","EQ","Annual General Meeting","10","22-Jul-2010","-","24-Jul-2010","31-Jul-2010"
"LITL","Lanco Infratech Limited","EQ","Annual General Meeting","1","22-Jul-2010","-","24-Jul-2010","31-Jul-2010"
"HTMEDIA","HT Media Limited","EQ","Dividend-Re.0.36 Per Share","2","22-Jul-2010","-","26-Jul-2010","02-Aug-2010"
"MCLEODRUSS","Mcleod Russel India Limited","EQ","Annual General Meeting And Dividend Rs.4/- Per Share","5","22-Jul-2010","-","26-Jul-2010","02-Aug-2010"
"EVERESTIND","Everest Industries Limited","EQ","Dividend-Rs.4.50 Pr Share","10","22-Jul-2010","-","24-Jul-2010","29-Jul-2010"
"TTML","Tata Teleservices (Maharashtra) Limited","EQ","Annual General Meeting","10","22-Jul-2010","-","26-Jul-2010","09-Aug-2010"
"MUNJALSHOW","Munjal Showa Limited","EQ","Annual General Meeting And Dividend Rs.2/- Per Share","2","22-Jul-2010","-","24-Jul-2010","11-Aug-2010"
"TANFACIND","Tanfac Industries Limited","EQ","Annual General Meeting","10","22-Jul-2010","-","26-Jul-2010","02-Aug-2010"
"ASAHIINDIA","Asahi India Glass Limited","EQ","Annual General Meeting","1","22-Jul-2010","-","24-Jul-2010","28-Jul-2010"
"RANEHOLDIN","Rane Holdings Limited","EQ","Final Dividend Rs.2/- Per Share","10","22-Jul-2010","-","24-Jul-2010","29-Jul-2010"
"SIL","Standard Industries Limited","EQ","Dividend-Re.0.75 Per Share","5","22-Jul-2010","-","26-Jul-2010","09-Aug-2010"
"BOSCH-HCIL","BOSCH HOME COMFORT INDIA LIMITED","EQ","Annual General Meeting / Dividend Rs 1.50 Per Share","10","22-Jul-2010","-","26-Jul-2010","29-Jul-2010"
"HINDZINC","Hindustan Zinc Limited","EQ","Annual General Meeting And Dividend Rs.6/- Per Share","2","22-Jul-2010","-","24-Jul-2010","30-Jul-2010"
"ECLERX","eClerx Services Limited","EQ","Bonus 1:2","10","23-Jul-2010","26-Jul-2010","-","-"
"SHASUNPHAR","Shasun Pharmaceuticals Limited","EQ","Annual General Meeting And Dividend Re.1/- Per Share","2","23-Jul-2010","-","27-Jul-2010","30-Jul-2010"
"CINEMAX","Cinemax India Limited","EQ","Annual General Meeting / Dividend Rs 1.20 Per Share","10","23-Jul-2010","-","27-Jul-2010","03-Aug-2010"
"PUNJLLOYD","Punj Lloyd Limited","EQ","Annual General Meeting And Dividend Re.0.15 Per Share","2","23-Jul-2010","-","27-Jul-2010","02-Aug-2010"
"CIPLA","Cipla Limited","EQ","Annual General Meeting And Dividend Rs.2/- Per Share","2","23-Jul-2010","-","27-Jul-2010","30-Jul-2010"
"INDHOTEL","The Indian Hotels Company Limited","EQ","Dividend-Re.1/- Per Share","1","23-Jul-2010","-","27-Jul-2010","05-Aug-2010"
"KIRLOSIND","Kirloskar Industries Limited","EQ","Annual General Meeting","10","23-Jul-2010","-","27-Jul-2010","28-Jul-2010"
"BBTC","The Bombay Burmah Trading Corporation Limited","EQ","Annual General Meeting And Dividend Rs.3.50 Per Share","2","23-Jul-2010","-","27-Jul-2010","10-Aug-2010"
"LAKSHVILAS","Lakshmi Vilas Bank Limited","EQ","Annual General Meeting And Dividend Re.0.60 Per Share","10","23-Jul-2010","-","27-Jul-2010","04-Aug-2010"
"VINYLINDIA","Vinyl Chemicals (India) Limited","EQ","Dividend-Re.0.11 Per Share","1","23-Jul-2010","-","27-Jul-2010","10-Aug-2010"
"PARRYSUGAR","Parrys Sugar Industries Limited","EQ","Annual General Meeting","10","23-Jul-2010","-","27-Jul-2010","04-Aug-2010"
"RAMCOCEM","The Ramco Cements Limited","EQ","Dividend Rs0.50 Per Share","1","23-Jul-2010","-","27-Jul-2010","02-Aug-2010"
"GANDHITUBE","Gandhi Special Tubes Limited","EQ","Annual General Meeting","5","23-Jul-2010","-","27-Jul-2010","28-Jul-2010"
"ICSA","ICSA (India) Limited","EQ","Annual General Meeting And Dividend Re.1.60 Per Share","2","23-Jul-2010","-","27-Jul-2010","29-Jul-2010"
"NRBBEARING","NRB Bearing Limited","EQ","Dividend-Rs.2/- Per Share (Bc Start Date Revised)","2","23-Jul-2010","-","27-Jul-2010","04-Aug-2010"
"BRITANNIA","Britannia Industries Limited","EQ","Dividend-Rs.25/- Per Share","1","23-Jul-2010","-","27-Jul-2010","09-Aug-2010"
"TIRUMALCHM","Thirumalai Chemicals Limited","EQ","Dividend Rs 5 Per Share","1","23-Jul-2010","-","27-Jul-2010","09-Aug-2010"
"RAMCOIND","Ramco Industries Limited","EQ","Annual General Meeting / Dividend Re.0.40 Per Share","1","23-Jul-2010","-","27-Jul-2010","02-Aug-2010"
"GTNIND","GTN Industries Limited","EQ","Annual General Meeting","10","23-Jul-2010","-","27-Jul-2010","29-Jul-2010"
"TNPETRO","Tamilnadu PetroProducts Limited","EQ","Dividend-Re.0.50 Per Share","10","26-Jul-2010","-","28-Jul-2010","11-Aug-2010"
"SANOFI","Sanofi India Limited","EQ","Interim Dividend Rs.4/- Per Share (Purpose Revised)","10","26-Jul-2010","27-Jul-2010","-","-"
"IL&FSTRANS","IL&FS Transportation Networks Limited","EQ","Annual General Meeting And Dividend Rs.3/- Per Share","10","26-Jul-2010","-","28-Jul-2010","04-Aug-2010"
"TIPSMUSIC","Tips Music Limited","EQ","Annual General Meeting And Dividend Rs.1.25 Per Share","1","26-Jul-2010","-","28-Jul-2010","05-Aug-2010"
"PIDILITIND","Pidilite Industries Limited","EQ","Final Dividend Re.1/- Per Share And Golden Jubilee Special Dividend Re.0.50 Per Share","1","26-Jul-2010","-","28-Jul-2010","11-Aug-2010"
"CERA","Cera Sanitaryware Limited","EQ","Dividend-Rs.2.50 Per Share","5","26-Jul-2010","-","28-Jul-2010","29-Jul-2010"
"IFBIND","IFB Industries Limited","EQ","Annual General Meeting","10","26-Jul-2010","-","28-Jul-2010","30-Jul-2010"
"INDIACEM","The India Cements Limited","EQ","Dividend-Rs.2/- Per Share","10","26-Jul-2010","-","28-Jul-2010","02-Aug-2010"
"ALKALI","Alkali Metals Limited","EQ","Annual General Meeting / Dividend Rs 4/- Per Share","10","26-Jul-2010","-","28-Jul-2010","30-Jul-2010"
"ABCIL","Aditya Birla Chemicals (India) Limited","EQ","Annual General Meeting And Dividend Rs.1.50 Per Share","10","26-Jul-2010","-","28-Jul-2010","06-Aug-2010"
"BHARATGEAR","Bharat Gears Limited","EQ","Annual General Meeting And Dividend Rs.1.20 Per Share","10","26-Jul-2010","-","28-Jul-2010","29-Jul-2010"
"TVSMOTOR","TVS Motor Company Limited","EQ","2nd Interim Dividend-Re.0.50 Per Share (Purpose Revised)","1","26-Jul-2010","-","28-Jul-2010","30-Jul-2010"
"PENINLAND","Peninsula Land Limited","EQ","Annual General Meeting And Dividend Rs.1.50 Per Share","2","27-Jul-2010","-","29-Jul-2010","05-Aug-2010"
"ZANDUREALT","Zandu Realty Limited","EQ","Annual General Meeting","100","27-Jul-2010","-","29-Jul-2010","05-Aug-2010"
"GULFOILCOR","Gulf Oil Corporation Limited","EQ","Dividend Rs.1.80 Per Share And Rights 1:3 @ Premium Rs.30/- Per Share","2","27-Jul-2010","-","29-Jul-2010","29-Jul-2010"
"SUPRAJIT","Suprajit Engineering Limited","EQ","Dividend Re.0.20 Per Share","1","27-Jul-2010","-","29-Jul-2010","02-Aug-2010"
"RAJPALAYAM","Rajapalayam Mills Limited","EQ","Annual General Meeting And Dividend Rs.6/- Per Share","10","27-Jul-2010","-","29-Jul-2010","04-Aug-2010"
"GOACARBON","Goa Carbon Limited","EQ","Dividend-Rs.2/- Per Share","10","27-Jul-2010","-","29-Jul-2010","07-Aug-2010"
"GINNIFILA","Ginni Filaments Limited","EQ","Annual General Meeting","10","28-Jul-2010","-","30-Jul-2010","05-Aug-2010"
"ZENITHINFO","Zenith Infotech Limited","EQ","Annual General Meeting And Dividend Rs.2/- Per Share","10","28-Jul-2010","-","30-Jul-2010","07-Aug-2010"
"SAKSOFT","Saksoft Limited","EQ","Annual General Meeting And Dividend Re.1/- Per Share","1","28-Jul-2010","-","30-Jul-2010","06-Aug-2010"
"GLFL","Gujarat Lease Financing Limited","EQ","Annual General Meeting","10","28-Jul-2010","-","30-Jul-2010","05-Aug-2010"
"ANTELOPUS","Antelopus Selan Energy Limited","EQ","Interim Dividend-Rs.1.50 Per Share (Purpose Revised)","10","28-Jul-2010","29-Jul-2010","-","-"
"ASTRAL","Astral Limited","EQ","Annual General Meeting/Dividend Re 1 Per Share - Bc End Date Revised","1","28-Jul-2010","-","30-Jul-2010","09-Aug-2010"
"CRISIL","CRISIL Limited","EQ","2nd Interim Dividend-Rs.25/- Per Share (Purpose Revised)","1","28-Jul-2010","29-Jul-2010","-","-"
"ZENITHCOMP","Zenith Computers Limited","EQ","Annual General Meeting And Dividend Re.0.90 Per Share","10","28-Jul-2010","-","30-Jul-2010","07-Aug-2010"
"PRECOT","Precot Limited","EQ","Dividend-Rs.5/- Per Share","10","28-Jul-2010","-","30-Jul-2010","06-Aug-2010"
"SAMTEL","Samtel Color Limited","EQ","Annual General Meeting","10","28-Jul-2010","-","30-Jul-2010","04-Aug-2010"
"GILLANDERS","Gillanders Arbuthnot & Company Limited","EQ","Annual General Meeting / Dividend Rs 5 Per Share","10","28-Jul-2010","-","30-Jul-2010","05-Aug-2010"
"ACC","ACC Limited","EQ","Interim Dividend-Rs.10/- Per Share (Purpose Revised)","10","28-Jul-2010","29-Jul-2010","-","-"
"TATACOMM","Tata Communications Limited","EQ","Annual General Meeting","10","29-Jul-2010","-","02-Aug-2010","06-Aug-2010"
"JBFIND","JBF Industries Limited","EQ","Dividend Rs 6/- Per Share","10","29-Jul-2010","-","02-Aug-2010","12-Aug-2010"
"JAYBARMARU","Jay Bharat Maruti Limited","EQ","Annual General Meeting And Dividend Rs.1.50 Per Share","2","29-Jul-2010","-","02-Aug-2010","16-Aug-2010"
"TCIFINANCE","TCI Finance Limited","EQ","Annual General Meeting","10","29-Jul-2010","-","02-Aug-2010","04-Aug-2010"
"TCS","Tata Consultancy Services Limited","EQ","Interim Dividend Rs.2/- Per Share","1","29-Jul-2010","30-Jul-2010","-","-"
"INDIANCARD","Indian Card Clothing Company Limited","EQ","Annual General Meeting / Dividend Rs 3/- Per Share","10","29-Jul-2010","-","02-Aug-2010","09-Aug-2010"
"AIAENG","AIA Engineering Limited","EQ","Final Dividend-Rs.1.70 Per Share","2","29-Jul-2010","-","31-Jul-2010","12-Aug-2010"
"INFINITE","Infinite Computer Solutions (India) Limited","EQ","Annual General Meeting","10","29-Jul-2010","-","02-Aug-2010","09-Aug-2010"
"CAPF","Capital First Limited","EQ","Annual General Meeting And Dividend Re.1/- Per Share","10","29-Jul-2010","-","31-Jul-2010","09-Aug-2010"
"ABIRLANUVO","Aditya Birla Nuvo Limited","EQ","Dividend-Rs.5/- Per Share","10","29-Jul-2010","-","31-Jul-2010","06-Aug-2010"
"BASF","BASF India Limited","EQ","-","10","29-Jul-2010","-","02-Aug-2010","12-Aug-2010"
"BVCL","Barak Valley Cements Limited","EQ","Dividend Re 1/- Per Share","10","29-Jul-2010","-","02-Aug-2010","07-Aug-2010"
"ATUL","Atul Limited","EQ","Annual General Meeting And Dividend Rs.4/- Per Share","10","29-Jul-2010","-","02-Aug-2010","04-Aug-2010"
"SHANTIGEAR","Shanthi Gears Limited","EQ","Dividend-Re.0.80 Per Share","1","29-Jul-2010","-","31-Jul-2010","13-Aug-2010"
"SOMANYCERA","Somany Ceramics Limited","EQ","Dividend-Rs.3/- Per Share","2","29-Jul-2010","-","02-Aug-2010","16-Aug-2010"
"SUDARSCHEM","Sudarshan Chemical Industries Limited","EQ","Dividend-Rs.12.50 Per Share","2","29-Jul-2010","-","02-Aug-2010","14-Aug-2010"
"UTVSOF","UTV Software Communications Limited","EQ","Annual General Meeting","10","29-Jul-2010","-","02-Aug-2010","12-Aug-2010"
"SAIL","Steel Authority of India Limited","EQ","Final Dividend-Rs.1.70 Per Share","10","29-Jul-2010","-","01-Aug-2010","23-Aug-2010"
"SUZLON","Suzlon Energy Limited","EQ","Annual General Meeting","2","29-Jul-2010","-","02-Aug-2010","13-Aug-2010"
"ORIENTPPR","Orient Paper & Industries Limited","EQ","Dividend-Rs.1.50 Per Share","1","29-Jul-2010","-","31-Jul-2010","06-Aug-2010"
"PREMIERPOL","Premier Polyfilm Limited","EQ","Annual General Meeting","1","29-Jul-2010","-","01-Aug-2010","09-Aug-2010"
"ALLDIGI","Alldigi Tech Limited","EQ","Annual General Meeting","10","29-Jul-2010","-","02-Aug-2010","04-Aug-2010"
"CREST","Crest Ventures Limited","EQ","Dividend-Rs.1.50 Per Share","10","29-Jul-2010","-","31-Jul-2010","12-Aug-2010"
"SYNCOM","Syncom Healthcare Limited","EQ","Annual General Meeting","10","29-Jul-2010","-","02-Aug-2010","05-Aug-2010"
"MMTC","MMTC Limited","EQ","Bonus 1:1 And Face Value Split From Rs.10 To Re.1","1","29-Jul-2010","30-Jul-2010","-","-"
"WANBURY","Wanbury Limited","EQ","Dividend-Rs.1/- Per Share","10","29-Jul-2010","-","02-Aug-2010","12-Aug-2010"
"NDTV","New Delhi Television Limited","EQ","Annual General Meeting","4","29-Jul-2010","-","31-Jul-2010","04-Aug-2010"
"RKFORGE","Ramkrishna Forgings Limited","EQ","Annual General Meeting And Dividend Re.1/- Per Share","2","29-Jul-2010","-","02-Aug-2010","07-Aug-2010"
"NMDC","NMDC Limited","EQ","Annual General Meeting / Dividend Re 1 Per Share","1","29-Jul-2010","-","31-Jul-2010","05-Aug-2010"
"RAJRAYON","Raj Rayon Industries Limited","EQ","Annual General Meeting And Dividend Re.0.30 Per Share","1","29-Jul-2010","-","31-Jul-2010","07-Aug-2010"
"JIKIND","JIK Industries Limited","EQ","Annual General Meeting","10","29-Jul-2010","-","02-Aug-2010","06-Aug-2010"
"KOVAI","Kovai Medical Center and Hospital Limited","EQ","Annual General Meeting And Dividend Rs.1.25 Per Share","10","29-Jul-2010","-","02-Aug-2010","12-Aug-2010"
"FINPIPE","Finolex Industries Limited","EQ","Dividend-Rs.3/- Per Share","2","29-Jul-2010","-","01-Aug-2010","13-Aug-2010"
"RAMCOSYS","Ramco Systems Limited","EQ","Annual Book Closure","10","29-Jul-2010","-","02-Aug-2010","02-Aug-2010"
"GTOFFSHORE","GOL Offshore Limited","EQ","Annual General Meeting And Dividend Rs.2.50 Per Share","10","29-Jul-2010","-","31-Jul-2010","10-Aug-2010"
"NAVNETEDUL","Navneet Education Limited","EQ","Interim Dividend-Re.0.60 Per Share (Purpose Revised)","2","30-Jul-2010","02-Aug-2010","-","-"
"GODREJCP","Godrej Consumer Products Limited","EQ","Interim Dividend-Re.1/- Per Share (Purpose Revised)","1","30-Jul-2010","02-Aug-2010","-","-"
"KABRAEXTRU","Kabra Extrusion Technik Limited","EQ","Annual General Meeting And Dividend Rs.3.50 Per Share","5","30-Jul-2010","-","03-Aug-2010","06-Aug-2010"
"DCMSHRIRAM","DCM Shriram Limited","EQ","Annual General Meeting And Final Dividend Re.0.40 Per Share","2","30-Jul-2010","-","03-Aug-2010","10-Aug-2010"
"PLASTIBLEN","Plastiblends India Limited","EQ","Annual General Meeting And Dividend Rs.6/- Per Share","5","30-Jul-2010","-","03-Aug-2010","06-Aug-2010"
"BOMDYEING","Bombay Dyeing & Mfg Company Limited","EQ","Dividend-Rs.2.50 Per Share","2","30-Jul-2010","-","03-Aug-2010","11-Aug-2010"
"CHAMBLFERT","Chambal Fertilizers & Chemicals Limited","EQ","Dividend-Rs.1.90 Per Share","10","30-Jul-2010","-","03-Aug-2010","05-Aug-2010"
"SUPREMETEX","Supreme Tex Mart Limited","EQ","Annual General Meeting","5","30-Jul-2010","-","03-Aug-2010","05-Aug-2010"
"PRATIBHA","Pratibha Industries Limited","EQ","Fv Split Rs.10/- To Rs.2/-","2","30-Jul-2010","02-Aug-2010","-","-"
"HERCULES","HERCULES INVESTMENTS LIMITED","EQ","Annual General Meeting And Dividend Rs.2/- Per Share","1","30-Jul-2010","-","03-Aug-2010","10-Aug-2010"
"HINDMOTOR","Hindustan Motors Limited","EQ","Annual General Meeting","10","30-Jul-2010","-","03-Aug-2010","10-Aug-2010"
"GREENPLY","Greenply Industries Limited","EQ","Annual General Meeting And Final Dividend Rs.1.50 Per Share","1","30-Jul-2010","-","03-Aug-2010","06-Aug-2010"
"LPDC","Landmark Property Development Company Limited","EQ","Annual General Meeting","1","02-Aug-2010","-","04-Aug-2010","11-Aug-2010"
"DCW","DCW Limited","EQ","Annual General Meeting And Dividend Re.0.36 Per Share","2","02-Aug-2010","-","04-Aug-2010","12-Aug-2010"
"GOLDIAM","Goldiam International Limited","EQ","Annual General Meeting And Dividend Re.1/- Per Share","2","02-Aug-2010","-","04-Aug-2010","12-Aug-2010"
"ITC","ITC Limited","EQ","Bonus 1:1","1","03-Aug-2010","04-Aug-2010","-","-"
"SWELECTES","Swelect Energy Systems Limited","EQ","Annual General Meeting And Dividend Rs.3/- Per Share","10","03-Aug-2010","-","05-Aug-2010","07-Aug-2010"
"PUNJABCHEM","Punjab Chemicals & Crop Protection Limited","EQ","Annual General Meeting","10","03-Aug-2010","-","05-Aug-2010","10-Aug-2010"
"DABUR","Dabur India Limited","EQ","Annual General Meeting And Final Dividend Rs.1.25 Per Share","1","03-Aug-2010","-","05-Aug-2010","10-Aug-2010"
"HIRECT","Hind Rectifiers Limited","EQ","Annual General Meeting And Dividend Rs.1.40 Per Share","2","04-Aug-2010","-","06-Aug-2010","12-Aug-2010"
"VIPCLOTHNG","VIP Clothing Limited","EQ","Annual General Meeting And Dividend Re.0.40 Per Share","2","04-Aug-2010","-","06-Aug-2010","12-Aug-2010"
"SHRENUJ","Shrenuj & Company Limited","EQ","Annual General Meeting And Dividend Re.0.50 Per Share","2","04-Aug-2010","-","06-Aug-2010","13-Aug-2010"
"SELMCL","SEL Manufacturing Company Limited","EQ","Annual General Meeting","10","04-Aug-2010","-","06-Aug-2010","07-Aug-2010"
"TEXINFRA","Texmaco Infrastructure & Holdings Limited","EQ","Annual General Meeting And Dividend Re.0.90 Per Share","1","04-Aug-2010","-","06-Aug-2010","12-Aug-2010"
"NAVA","NAVA LIMITED","EQ","Annual General Meeting And Dividend Rs.9/- Per Share","1","04-Aug-2010","-","06-Aug-2010","16-Aug-2010"
"SKIL","SKIL Infrastructure Limited","EQ","Annual General Meeting And Dividend Re.1/- Per Share","10","05-Aug-2010","-","09-Aug-2010","11-Aug-2010"
"WHEELS","Wheels India Limited","EQ","Annual General Meeting And Dividend Rs.4.50 Per Share","10","05-Aug-2010","-","07-Aug-2010","13-Aug-2010"
"KOPDRUGS","KDL Biotech Limited","EQ","Annual General Meeting","10","05-Aug-2010","-","09-Aug-2010","12-Aug-2010"
"DATAMATICS","Datamatics Global Services Limited","EQ","Annual General Meeting And Dividend Rs.1.25 Per Share","5","05-Aug-2010","-","08-Aug-2010","12-Aug-2010"
"CUMMINSIND","Cummins India Limited","EQ","Annual General Meeting And Dividend Rs.6/- Per Share","2","05-Aug-2010","-","07-Aug-2010","12-Aug-2010"
"EIHOTEL","EIH Limited","EQ","Dividend-Rs.1.20 Per Share","2","05-Aug-2010","-","09-Aug-2010","24-Aug-2010"
"DECCANCE","Deccan Cements Limited","EQ","Dividend-Rs.3/- Per Share","5","05-Aug-2010","-","07-Aug-2010","13-Aug-2010"
"AMBUJACEM","Ambuja Cements Limited","EQ","Interim Dividend-Rs.1.20 Per Share","2","05-Aug-2010","06-Aug-2010","-","-"
"JKTYRE","JK Tyre & Industries Limited","EQ","Annual General Meeting And Dividend Rs.3.50 Per Share","2","05-Aug-2010","-","09-Aug-2010","14-Aug-2010"
"ICRA","ICRA Limited","EQ","Dividend-Rs.17/- Per Share","10","05-Aug-2010","-","07-Aug-2010","11-Aug-2010"
"BANSWRAS","Banswara Syntex Limited","EQ","Annual General Meeting And Final Dividend Rs.2/- Per Share","5","05-Aug-2010","-","07-Aug-2010","11-Aug-2010"
"SUDARCOLOR","Sudarshan Colorants India Limited","EQ","Interim Dividend-Rs.10/- Per Share","10","05-Aug-2010","06-Aug-2010","-","-"
"JUPITER","Jupiter Bioscience Limited","EQ","Annual General Meeting / Dividend Rs 2 Per Share","10","05-Aug-2010","-","07-Aug-2010","09-Aug-2010"
"NIRMA","Nirma Limited","EQ","Annual General Meeting And Dividend Rs.4.50 Per Share","5","05-Aug-2010","-","07-Aug-2010","16-Aug-2010"
"FOSECOIND","Foseco India Limited","EQ","2nd Interim Dividend-Rs.4/- Per Share (Purpose Revised)","10","05-Aug-2010","06-Aug-2010","-","-"
"AVANTI","Avanti Feeds Limited","EQ","Annual General Meeting","10","05-Aug-2010","-","09-Aug-2010","14-Aug-2010"
"TATACONSUM","TATA CONSUMER PRODUCTS LIMITED","EQ","Annual General Meeting And Dividend Rs.2/- Per Share","1","05-Aug-2010","-","08-Aug-2010","23-Aug-2010"
"SHREECEM","SHREE CEMENT LIMITED","EQ","Annual General Meeting And Final Dividend Rs.8/- Per Share","10","05-Aug-2010","-","09-Aug-2010","14-Aug-2010"
"RELIGARE","Religare Enterprises Limited","EQ","Annual General Meeting","10","05-Aug-2010","-","09-Aug-2010","11-Aug-2010"
"MRF","MRF Limited","EQ","Interim Dividend-Rs.3/- Per Share","10","06-Aug-2010","09-Aug-2010","-","-"
"INDIAGLYCO","India Glycols Limited","EQ","Annual General Meeting / Dividend Rs 1.50 Per Share","5","06-Aug-2010","-","10-Aug-2010","21-Aug-2010"
"UBENGG","UB Engineering Limited","EQ","Annual General Meeting","10","06-Aug-2010","-","10-Aug-2010","12-Aug-2010"
"VISASTEEL","Visa Steel Limited","EQ","Annual General Meeting And Dividend Re.1/- Per Share","10","06-Aug-2010","-","10-Aug-2010","17-Aug-2010"
"SUNDRMFAST","Sundram Fasteners Limited","EQ","Annual General Meeting","1","06-Aug-2010","-","10-Aug-2010","20-Aug-2010"
"ALPSINDUS","Alps Industries Limited","EQ","Annual General Meeting","10","06-Aug-2010","-","10-Aug-2010","11-Aug-2010"
"TRENT","Trent Limited","EQ","Annual General Meeting And Dividend Rs.6.50 Per Share","1","09-Aug-2010","-","11-Aug-2010","12-Aug-2010"
"ADANIPORTS","Adani Ports and Special Economic Zone Limited","EQ","Annual General Meeting And Dividend Rs.1.50 Per Share","2","09-Aug-2010","-","11-Aug-2010","21-Aug-2010"
"HIKAL","Hikal Limited","EQ","Annual General Meeting And Final Dividend Rs.4/- Per Share","2","09-Aug-2010","-","11-Aug-2010","18-Aug-2010"
"BEML","BEML Limited","EQ","Annual General Meeting And Dividend Rs.10/- Per Share","5","09-Aug-2010","-","11-Aug-2010","13-Aug-2010"
"UNIPLY","Uniply Industries Limited","EQ","Annual General Meeting","2","09-Aug-2010","-","11-Aug-2010","18-Aug-2010"
"PRAKASH","Prakash Industries Limited","EQ","Annual General Meeting","10","09-Aug-2010","-","11-Aug-2010","14-Aug-2010"
"KCPSUGIND","KCP Sugar and Industries Corporation Limited","EQ","Dividend-Re.0.75 Per Share","1","10-Aug-2010","-","12-Aug-2010","19-Aug-2010"
"TATAMTRDVR","Tata Motors Limited","EQ","Dividend-Rs.15.50 Per Share","2","10-Aug-2010","-","12-Aug-2010","01-Sep-2010"
"KAJARIACER","Kajaria Ceramics Limited","EQ","Annual General Meeting And Dividend Rs.1/- Per Share","1","10-Aug-2010","-","12-Aug-2010","21-Aug-2010"
"AMJLAND","Amj Land Holdings Limited","EQ","Annual General Meeting And Dividend Re.0.30 Per Share","2","10-Aug-2010","-","12-Aug-2010","28-Aug-2010"
"GRASIM","Grasim Industries Limited","EQ","Dividend-Rs.30/- Per Share","2","10-Aug-2010","-","12-Aug-2010","20-Aug-2010"
"FDC","FDC Limited","EQ","Annual General Meeting And Dividend Rs.1.75 Per Share","1","10-Aug-2010","-","12-Aug-2010","21-Aug-2010"
"TMPV","Tata Motors Passenger Vehicles Limited","EQ","Dividend-Rs.15/- Per Share","2","10-Aug-2010","-","12-Aug-2010","01-Sep-2010"
"HCC","Hindustan Construction Company Limited","EQ","Bonus 1:1","1","10-Aug-2010","11-Aug-2010","-","-"
"EDELWEISS","Edelweiss Financial Services Limited","EQ","Face Value Split From Rs.5/- To Re.1/- And Bonus 1:1","1","10-Aug-2010","11-Aug-2010","-","-"
"TINPLATE","The Tinplate Company of India Limited","EQ","Dividend-Rs.1.50 Per Share","10","11-Aug-2010","-","13-Aug-2010","01-Sep-2010"
"SOLARINDS","Solar Industries India Limited","EQ","Annual General Meeting / Dividend Rs 3.50 Per Share","2","11-Aug-2010","-","13-Aug-2010","23-Aug-2010"
"DLINKINDIA","D-Link (India) Limited","EQ","Annual General Meeting And Dividend Re.1/- Per Share","2","11-Aug-2010","-","13-Aug-2010","19-Aug-2010"
"ZENITHSTL","Zenith Steel Pipes & Industries Limited","EQ","Bonus 1:5","10","11-Aug-2010","12-Aug-2010","-","-"
"RAINBOWPAP","Rainbow Papers Limited","EQ","Face Value Split From Rs.10/- To Rs.2/-","2","11-Aug-2010","12-Aug-2010","-","-"
"HONDAPOWER","Honda India Power Products Limited","EQ","Annual General Meeting And Dividend Rs.4/- Per Share","10","11-Aug-2010","-","13-Aug-2010","19-Aug-2010"
"LLOYDFIN","Lloyds Finance Limited","EQ","Annual General Meeting","10","11-Aug-2010","-","13-Aug-2010","20-Aug-2010"
"HOCL","Hindustan Organic Chemicals Limited","EQ","Annual General Meeting","10","11-Aug-2010","-","13-Aug-2010","27-Aug-2010"
"PATELENG","Patel Engineering Limited","EQ","Annual General Meeting","1","12-Aug-2010","-","14-Aug-2010","20-Aug-2010"
"EMCO","Emco Limited","EQ","Annual General Meeting And Dividend Rs.1.40 Per Share","2","12-Aug-2010","-","16-Aug-2010","25-Aug-2010"
"ELGIRUBBER","Elgi Rubber Company Limited","EQ","Annual General Meeting And Dividend Re.0.10 Per Share","1","12-Aug-2010","-","16-Aug-2010","30-Aug-2010"
"UNITEDTEA","The United Nilgiri Tea Estates Company Limited","EQ","Annual General Meeting And Final Dividend Rs.1.25 Per Share","10","12-Aug-2010","-","16-Aug-2010","26-Aug-2010"
"TREADS","Treadsdirect Limited","EQ","Annual General Meeting And Dividend Re.0.30 Per Share","1","12-Aug-2010","-","16-Aug-2010","30-Aug-2010"
"EXPLEOSOL","Expleo Solutions Limited","EQ","Annual General Meeting","10","12-Aug-2010","-","14-Aug-2010","21-Aug-2010"
"HEXAWARE","Hexaware Technologies Limited","EQ","Interim Dividend-Re.0.60 Per Share","2","12-Aug-2010","13-Aug-2010","-","-"
"INSECTICID","Insecticides (India) Limited","EQ","Annual General Meeting And Final Dividend Rs.2/- Per Share","10","12-Aug-2010","-","16-Aug-2010","23-Aug-2010"
"OMAXE","Omaxe Limited","EQ","Annual General Meeting","10","12-Aug-2010","-","16-Aug-2010","19-Aug-2010"
"ELFORGE","EL Forge Limited","EQ","Annual General Meeting","10","12-Aug-2010","-","16-Aug-2010","19-Aug-2010"
"AXISCADES","AXISCADES Technologies Limited","EQ","Annual General Meeting","5","12-Aug-2010","-","16-Aug-2010","27-Aug-2010"
"BHARATRAS","Bharat Rasayan Limited","EQ","Annual General Meeting And Dividend Rs.1.80 Per Share","5","12-Aug-2010","-","16-Aug-2010","20-Aug-2010"
"KSL","Kalyani Steels Limited","EQ","Annual General Meeting And Dividend Rs.1.25 Per Share","5","12-Aug-2010","-","16-Aug-2010","25-Aug-2010"
"STAN","Standard Chartered PLC","DR","Interim Dividend",,"12-Aug-2010","13-Aug-2010","-","-"
"JUBLFOOD","Jubilant Foodworks Limited","EQ","Annual General Meeting","2","12-Aug-2010","-","14-Aug-2010","20-Aug-2010"
"BALAJITELE","Balaji Telefilms Limited","EQ","Annual General Meeting And Final Dividend Re.0.30 Per Share","2","12-Aug-2010","-","16-Aug-2010","27-Aug-2010"
"ADANIPOWER","Adani Power Limited","EQ","Annual General Meeting","2","12-Aug-2010","-","16-Aug-2010","21-Aug-2010"
"ASTEC","Astec LifeSciences Limited","EQ","Annual General Meeting And Dividend Re.1/- Per Share","10","12-Aug-2010","-","16-Aug-2010","23-Aug-2010"
"ADANIENT","Adani Enterprises Limited","EQ","Annual General Meeting And Dividend Re.1/- Per Share","1","12-Aug-2010","-","14-Aug-2010","21-Aug-2010"
"20MICRONS","20 Microns Limited","EQ","Annual General Meeting And Dividend Re.1/- Per Share","5","12-Aug-2010","-","16-Aug-2010","26-Aug-2010"
"POONAWALLA","Poonawalla Fincorp Limited","EQ","Face Value Split From Rs.10/- To Rs.2/-","2","13-Aug-2010","16-Aug-2010","-","-"
"AMRUTANJAN","Amrutanjan Health Care Limited","EQ","Annual General Meeting And Final Dividend Rs.10/- Per Share","1","13-Aug-2010","-","17-Aug-2010","25-Aug-2010"
"JAICORPLTD","Jai Corp Limited","EQ","Annual General Meeting And Dividend Re.0.50 Per Share","1","13-Aug-2010","-","17-Aug-2010","01-Sep-2010"
"JAYSREETEA","Jayshree Tea & Industries Limited","EQ","Face Value Split From Rs.10/- To Rs.5/-","5","13-Aug-2010","16-Aug-2010","-","-"
"JEYPORE","The Jeypore Sugar Company Limited","EQ","Annual General Meeting And Dividend Rs.5/- Per Share","10","13-Aug-2010","-","17-Aug-2010","27-Aug-2010"
"RGL","Renaissance Global Limited","EQ","Dividend-Rs.2/- Per Share","2","13-Aug-2010","-","17-Aug-2010","25-Aug-2010"
"VARDMNPOLY","Vardhman Polytex Limited","EQ","Annual General Meeting","1","13-Aug-2010","-","17-Aug-2010","20-Aug-2010"
"IGPL","IG Petrochemicals Limited","EQ","Annual General Meeting","10","13-Aug-2010","-","17-Aug-2010","21-Aug-2010"
"UTTAMSUGAR","Uttam Sugar Mills Limited","EQ","Annual General Meeting","10","13-Aug-2010","-","17-Aug-2010","18-Aug-2010"
"KREBSBIO","Krebs Biochemicals and Industries Limited","EQ","Annual General Meeting","10","16-Aug-2010","-","18-Aug-2010","18-Aug-2010"
"JETAIRWAYS","Jet Airways (India) Limited","EQ","Annual General Meeting","10","16-Aug-2010","-","18-Aug-2010","26-Aug-2010"
"SIYSIL","Siyaram Silk Mills Limited","EQ","Annual General Meeting","2","16-Aug-2010","-","18-Aug-2010","21-Aug-2010"
"TATAPOWER","Tata Power Company Limited","EQ","Dividend-Rs.12/- Per Share","1","16-Aug-2010","-","18-Aug-2010","08-Sep-2010"
"JAGRAN","Jagran Prakashan Limited","EQ","Annual General Meeting And Final Dividend Rs.1.50 Per Share","2","17-Aug-2010","-","19-Aug-2010","26-Aug-2010"
"LAOPALA","La Opala RG Limited","EQ","Dividend-Re.0.75 Per Share","2","17-Aug-2010","-","19-Aug-2010","28-Aug-2010"
"DALMIASUG","Dalmia Bharat Sugar and Industries Limited","EQ","Annual General Meeting And Final Dividend Re.1/- Per Share","2","17-Aug-2010","-","20-Aug-2010","27-Aug-2010"
"EMKAY","Emkay Global Financial Services Limited","EQ","Annual General Meeting And Dividend Re.1/- Per Share","10","17-Aug-2010","-","20-Aug-2010","30-Aug-2010"
"IGL","Indraprastha Gas Limited","EQ","Annual General Meeting And Dividend Rs.4.50 Per Share","2","17-Aug-2010","-","20-Aug-2010","30-Aug-2010"
"KEI","KEI Industries Limited","EQ","Annual General Meeting And Dividend Re.0.20 Per Share","2","17-Aug-2010","-","20-Aug-2010","28-Aug-2010"
"COLPAL","Colgate Palmolive (India) Limited","EQ","1st Interim Dividend-Rs.10/- Per Share (Purpose Revised)","1","17-Aug-2010","18-Aug-2010","-","-"
"SUNCLAYTON","Sundaram Clayton Limited","EQ","Annual General Meeting And 2nd Interim Dividend Rs.1.25 Per Share (Purpose Revised)","5","17-Aug-2010","-","19-Aug-2010","21-Aug-2010"
"KPRMILL","K.P.R. Mill Limited","EQ","Annual General Meeting And Dividend Rs.1.50 Per Share","1","17-Aug-2010","-","19-Aug-2010","25-Aug-2010"
"HDIL","Housing Development and Infrastructure Limited","EQ","Annual General Meeting","10","17-Aug-2010","-","20-Aug-2010","27-Aug-2010"
"SURANAT&P","Surana Telecom and Power Limited","EQ","Scheme Of Arrangement","1","17-Aug-2010","19-Aug-2010","-","-"
"LT","Larsen & Toubro Limited","EQ","Annual General Meeting And Dividend Rs.12.50 Per Share","2","17-Aug-2010","-","19-Aug-2010","26-Aug-2010"
"UBL","United Breweries Limited","EQ","Annual General Meeting And Dividend Re.0.36 Per Share","1","17-Aug-2010","-","19-Aug-2010","20-Aug-2010"
"BALKRISIND","Balkrishna Industries Limited","EQ","Annual General Meeting","2","17-Aug-2010","-","19-Aug-2010","21-Aug-2010"
"DREDGECORP","Dredging Corporation of India Limited","EQ","Annual General Meeting And Dividend Rs.3/- Per Share","10","17-Aug-2010","-","19-Aug-2010","08-Sep-2010"
"CANFINHOME","Can Fin Homes Limited","EQ","Annual General Meeting And Dividend Rs.2/- Per Share","2","17-Aug-2010","-","19-Aug-2010","25-Aug-2010"
"SRIPIPES","Srikalahasthi Pipes Limited","EQ","-","10","17-Aug-2010","-","19-Aug-2010","25-Aug-2010"
"GMRAIRPORT","GMR AIRPORTS LIMITED","EQ","Annual General Meeting","1","17-Aug-2010","-","20-Aug-2010","27-Aug-2010"
"OFSS","Oracle Financial Services Software Limited","EQ","Annual General Meeting","5","18-Aug-2010","-","21-Aug-2010","25-Aug-2010"
"IMPAL","India Motor Parts and Accessories Limited","EQ","Annual General Meeting And Final Dividend Rs.1.50 Per Share","10","18-Aug-2010","-","21-Aug-2010","03-Sep-2010"
"ROHITFERRO","Rohit Ferro-Tech Limited","EQ","Rights 2:5 @ Premium Rs.50/- Per Share","10","18-Aug-2010","20-Aug-2010","-","-"
"SGJHL","Shree Ganesh Jewellery House (I) Limited","EQ","Annual General Meeting And Dividend Rs.2/- Per Share","10","18-Aug-2010","-","21-Aug-2010","26-Aug-2010"
"ZFCVINDIA","ZF Commercial Vehicle Control Systems India Limited","EQ","Dividend-Rs.2.50 Per Share","5","18-Aug-2010","-","21-Aug-2010","26-Aug-2010"
"HDFC","Housing Development Finance Corporation Limited","EQ","Face Value Split From Rs.10/- To Rs.2/-","2","18-Aug-2010","20-Aug-2010","-","-"
"NLCINDIA","NLC India Limited","EQ","Annual General Meeting And Final Dividend Re.1/- Per Share","10","18-Aug-2010","-","21-Aug-2010","02-Sep-2010"
"PREMIER","Premier Limited","EQ","Annual General Meeting And Dividend Rs.2.70 Per Share","10","18-Aug-2010","-","21-Aug-2010","30-Aug-2010"
"TULIP","Tulip Telecom Limited","EQ","Annual General Meeting And Final Dividend Rs.1.60 Per Share","2","18-Aug-2010","-","23-Aug-2010","30-Aug-2010"
"VENKEYS","Venky's (India) Limited","EQ","Annual General Meeting And Dividend Rs.4/- Per Share","10","18-Aug-2010","-","23-Aug-2010","27-Aug-2010"
"EUROTEXIND","Eurotex Industries and Exports Limited","EQ","Annual General Meeting","10","18-Aug-2010","-","23-Aug-2010","04-Sep-2010"
"SADBHAV","Sadbhav Engineering Limited","EQ","Annual General Meeting And Dividend Rs.4/- Per Share","1","18-Aug-2010","-","23-Aug-2010","27-Aug-2010"
"CENTURYPLY","Century Plyboards (India) Limited","EQ","Annual General Meeting And Final Dividend Re.0.25 Per Share","1","18-Aug-2010","-","21-Aug-2010","27-Aug-2010"
"RATNAMANI","Ratnamani Metals & Tubes Limited","EQ","Annual General Meeting And Dividend Rs.2.20 Per Share","2","18-Aug-2010","-","21-Aug-2010","27-Aug-2010"
"NETWORK18","Network18 Media & Investments Limited","EQ","Annual General Meeting","5","18-Aug-2010","-","23-Aug-2010","27-Aug-2010"
"NATNLSTEEL","National Steel And Agro Industries Limited","EQ","Annual General Meeting","10","18-Aug-2010","-","23-Aug-2010","25-Aug-2010"
"BHARTIARTL","Bharti Airtel Limited","EQ","Annual General Meeting And Dividend Re.1/- Per Share","5","18-Aug-2010","-","21-Aug-2010","01-Sep-2010"
"AEGISLOG","Aegis Logistics Limited","EQ","Bonus 2:3","1","18-Aug-2010","20-Aug-2010","-","-"
"TITAGARH","TITAGARH RAIL SYSTEMS LIMITED","EQ","Annual General Meeting And Dividend Rs.5/- Per Share","2","18-Aug-2010","-","21-Aug-2010","27-Aug-2010"
"VIJSHAN","Vijay Shanthi Builders Limited","EQ","Annual General Meeting And Dividend Re.0.40 Per Share","10","18-Aug-2010","-","21-Aug-2010","25-Aug-2010"
"SITINET","Siti Networks Limited","EQ","Annual General Meeting","1","18-Aug-2010","-","23-Aug-2010","31-Aug-2010"
"HGM","HandsOn Global Management (HGM) Limited","EQ","Interim Dividend-Rs.2/- Per Share","10","18-Aug-2010","21-Aug-2010","-","-"
"MOTHERSON","Samvardhana Motherson International Limited","EQ","Annual General Meeting And Dividend Rs.1.75 Per Share","1","18-Aug-2010","-","21-Aug-2010","26-Aug-2010"
"3PLAND","3P Land Holdings Limited","EQ","Annual General Meeting And Dividend Re.0.20 Per Share","2","18-Aug-2010","-","21-Aug-2010","30-Aug-2010"
"RNAVAL","Reliance Naval and Engineering Limited","EQ","Annual General Meeting","10","18-Aug-2010","-","21-Aug-2010","25-Aug-2010"
"AARTIDRUGS","Aarti Drugs Limited","EQ","Annual General Meeting And Dividend Rs.5/- Per Share","10","18-Aug-2010","-","21-Aug-2010","27-Aug-2010"
"GARDENSILK","Garden Silk Mills Limited","EQ","Dividend-Rs.1.80 Per Share","10","20-Aug-2010","-","24-Aug-2010","31-Aug-2010"
"ORIENTBELL","Orient Bell Limited","EQ","Annual General Meeting And Dividend Rs.2/- Per Share","10","20-Aug-2010","-","24-Aug-2010","31-Aug-2010"
"MMFL","MM Forgings Limited","EQ","Annual General Meeting And Dividend Rs.1.50 Per Share","10","20-Aug-2010","-","24-Aug-2010","27-Aug-2010"
"MANGTIMBER","Mangalam Timber Products Limited","EQ","Annual General Meeting","10","20-Aug-2010","-","24-Aug-2010","03-Sep-2010"
"GTLINFRA","GTL Infrastructure Limited","EQ","Annual General Meeting","10","20-Aug-2010","-","24-Aug-2010","24-Aug-2010"
"ZEEMEDIA","Zee Media Corporation Limited","EQ","Annual General Meeting","1","20-Aug-2010","-","24-Aug-2010","31-Aug-2010"
"INDNIPPON","India Nippon Electricals Limited","EQ","Annual General Meeting","5","20-Aug-2010","-","24-Aug-2010","26-Aug-2010"
"REDINGTON","Redington Limited","EQ","Face Value Split From Rs.10/- To Rs.2/-","2","20-Aug-2010","23-Aug-2010","-","-"
"CHENNPETRO","Chennai Petroleum Corporation Limited","EQ","Annual General Meeting And Dividend Rs.12/- Per Share","10","20-Aug-2010","-","24-Aug-2010","06-Sep-2010"
"DVL","Dhunseri Ventures Limited","EQ","Annual General Meeting And Dividend Rs.4/- Per Share","10","20-Aug-2010","-","24-Aug-2010","04-Sep-2010"
"HINDOILEXP","Hindustan Oil Exploration Company Limited","EQ","Interim Dividend-Re.0.50 Per Share","10","23-Aug-2010","24-Aug-2010","-","-"
"TI","Tilaknagar Industries Limited","EQ","Annual General Meeting And Final Dividend Rs.2.50 Per Share","10","23-Aug-2010","-","25-Aug-2010","25-Aug-2010"
"JUMBO","Jumbo Bag Limited","EQ","Annual General Meeting","10","23-Aug-2010","-","25-Aug-2010","31-Aug-2010"
"BLKASHYAP","B. L. Kashyap and Sons Limited","EQ","Annual General Meeting And Dividend Re.1/- Per Share (Bc Dates Revised)","1","23-Aug-2010","-","25-Aug-2010","27-Aug-2010"
"ZODIACLOTH","Zodiac Clothing Company Limited","EQ","Bonus 1:2","10","23-Aug-2010","24-Aug-2010","-","-"
"63MOONS","63 moons technologies limited","EQ","1st Interim Dividend-Rs.2/- Per Share","2","23-Aug-2010","24-Aug-2010","-","-"
"RBN","Reliance Broadcast Network Limited","EQ","Annual General Meeting","5","23-Aug-2010","-","25-Aug-2010","31-Aug-2010"
"TVTODAY","TV Today Network Limited","EQ","Dividend-Re.0.75 Per Share","5","23-Aug-2010","-","25-Aug-2010","26-Aug-2010"
"TTL","T T Limited","EQ","Annual General Meeting","1","23-Aug-2010","-","25-Aug-2010","01-Sep-2010"
"HINDALCO","Hindalco Industries Limited","EQ","Dividend-Rs.1.35 Per Share","1","24-Aug-2010","-","26-Aug-2010","03-Sep-2010"
"GAMMONIND","Gammon India Limited","EQ","1st Interim Dividend-Re.0.40 Per Share (Purpose Revised)","2","24-Aug-2010","25-Aug-2010","-","-"
"UNITY","Unity Infraprojects Limited","EQ","Annual General Meeting  And Dividend Re.1/- Per Share","2","24-Aug-2010","-","26-Aug-2010","03-Sep-2010"
"HIMATSEIDE","Himatsingka Seide Limited","EQ","Annual General Meeting And Dividend Re.0.25 Per Share","5","24-Aug-2010","-","26-Aug-2010","08-Sep-2010"
"RECLTD","REC Limited","EQ","Annual General Meeting And Dividend Rs.3.50 Per Share","10","24-Aug-2010","-","26-Aug-2010","08-Sep-2010"
"MARUTI","Maruti Suzuki India Limited","EQ","Annual General Meeting And Final Dividend Rs.6/- Per Share","5","24-Aug-2010","-","26-Aug-2010","07-Sep-2010"
"STERTOOLS","Sterling Tools Limited","EQ","Annual General Meeting And Final Dividend Rs.2/- Per Share","2","24-Aug-2010","-","26-Aug-2010","30-Aug-2010"
"ORIENTLTD","Orient Press Limited","EQ","Annual General Meeting","10","24-Aug-2010","-","26-Aug-2010","28-Aug-2010"
"HITECHCORP","Hitech Corporation Limited","EQ","Annual General Meeting And Dividend Rs.1.50 Per Share","10","25-Aug-2010","-","27-Aug-2010","04-Sep-2010"
"RELMEDIA","Reliance MediaWorks Limited","EQ","Annual General Meeting","5","25-Aug-2010","-","27-Aug-2010","31-Aug-2010"
"BAGFILMS","B.A.G Films and Media Limited","EQ","Annual General Meeting","2","25-Aug-2010","-","27-Aug-2010","04-Sep-2010"
"VGL","VARVEE GLOBAL LIMITED","EQ","Interim Dividend-Re.0.50 Per Share","5","25-Aug-2010","26-Aug-2010","-","-"
"GOKUL","Gokul Refoils and Solvent Limited","EQ","Interim Dividend-Re.0.10 Per Share","2","25-Aug-2010","26-Aug-2010","-","-"
"TAKE","Take Solutions Limited","EQ","Dividend-Re.0.20 Per Share (Bc End Date Revised)","1","25-Aug-2010","-","27-Aug-2010","02-Sep-2010"
"SUNDARAM","Sundaram Multi Pap Limited","EQ","Annual General Meeting And Dividend Re.0.20 Per Share","1","26-Aug-2010","-","30-Aug-2010","03-Sep-2010"
"BANARISUG","Bannari Amman Sugars Limited","EQ","Annual General Meeting And Dividend Rs.10/- Per Share","10","26-Aug-2010","-","28-Aug-2010","06-Sep-2010"
"GUJSIDHCEM","Gujarat Sidhee Cements Limited","EQ","Annual General Meeting","10","26-Aug-2010","-","30-Aug-2010","04-Sep-2010"
"DENSO","Denso India Limited","EQ","Annual General Meeting And Dividend Rs.2/- Per Share","10","26-Aug-2010","-","28-Aug-2010","31-Aug-2010"
"GIPCL","Gujarat Industries Power Company Limited","EQ","Annual General Meeting And Dividend Rs.2.50 Per Share","10","26-Aug-2010","-","30-Aug-2010","08-Sep-2010"
"UNIENTER","Uniphos Enterprises Limited","EQ","Annual General Meeting","2","26-Aug-2010","-","28-Aug-2010","08-Sep-2010"
"AQUA","Aqua Logistics Limited","EQ","Annual General Meeting","1","26-Aug-2010","-","28-Aug-2010","03-Sep-2010"
"ADHUNIK","Adhunik Metaliks Limited","EQ","Dividend-Rs.1.25 Per Share","10","26-Aug-2010","-","28-Aug-2010","10-Sep-2010"
"BIRLACOT","Birla Cotsyn (India) Limited","EQ","Annual General Meeting And Dividend Re.0.045 Per Share","1","26-Aug-2010","-","30-Aug-2010","31-Aug-2010"
"SURYAJYOTI","Suryajyoti Spinning Mills Limited","EQ","Annual General Meeting","10","26-Aug-2010","-","28-Aug-2010","31-Aug-2010"
"VEEDOL","Veedol Corporation Limited","EQ","Annual General Meeting And Dividend Rs.50/- Per Share","2","26-Aug-2010","-","28-Aug-2010","03-Sep-2010"
"HINDSYNTEX","Hind Syntex Limited","EQ","Annual General Meeting","10","26-Aug-2010","-","30-Aug-2010","10-Sep-2010"
"UFLEX","UFLEX Limited","EQ","Annual General Meeting And Dividend Rs.5/- Per Share","10","26-Aug-2010","-","28-Aug-2010","04-Sep-2010"
"UPL","UPL Limited","EQ","Annual General Meeting And Dividend Rs.2/- Per Share","2","26-Aug-2010","-","28-Aug-2010","08-Sep-2010"
"KSK","KSK Energy Ventures Limited","EQ","Annual General Meeting","10","27-Aug-2010","-","31-Aug-2010","06-Sep-2010"
"LUPIN","Lupin Limited","EQ","Face Value Split From Rs.10/- To Rs.2/-","2","27-Aug-2010","30-Aug-2010","-","-"
"ENIL","Entertainment Network (India) Limited","EQ","Annual General Meeting","10","27-Aug-2010","-","31-Aug-2010","07-Sep-2010"
"TNPL","Tamil Nadu Newsprint & Papers Limited","EQ","Annual General Meeting / Dividend Rs 4.50 Per Share","10","27-Aug-2010","-","31-Aug-2010","08-Sep-2010"
"NATIONALUM","National Aluminium Company Limited","EQ","Annual General Meeting And Final Dividend Re.1/- Per Share","5","27-Aug-2010","-","31-Aug-2010","04-Sep-2010"
"CHESLINTEX","Cheslind Textiles Limited","EQ","Annual General Meeting","10","30-Aug-2010","-","01-Sep-2010","09-Sep-2010"
"NFL","National Fertilizers Limited","EQ","Annual General Meeting And Dividend Rs.1.05 Per Share","10","30-Aug-2010","-","01-Sep-2010","09-Sep-2010"
"MERCATOR","Mercator Limited","EQ","Dividend-Re.0.20 Per Share","1","30-Aug-2010","-","01-Sep-2010","07-Sep-2010"
"PATNI","Patni Computer Systems Limited","EQ","Special Interim Dividend-Rs.63/- Per Share","2","30-Aug-2010","31-Aug-2010","-","-"
"GANGOTRI","Gangotri Textiles Limited","EQ","Annual General Meeting","5","30-Aug-2010","-","01-Sep-2010","07-Sep-2010"
"INDIANHUME","Indian Hume Pipe Company Limited","EQ","Face Value Split From Rs.10/- To Rs.2/-","2","30-Aug-2010","31-Aug-2010","-","-"
"HEROMOTOCO","Hero MotoCorp Limited","EQ","Annual General Meeting And Final Dividend Rs.30/- Per Share","2","30-Aug-2010","-","01-Sep-2010","03-Sep-2010"
"GUJNRECOKE","Gujarat NRE Coke Limited","EQ","Annual General Meeting And Final Dividend Re.1/- Per Share","10","30-Aug-2010","-","01-Sep-2010","10-Sep-2010"
"GUJNREDVR","Gujarat NRE Coke Limited","EQ","Annual General Meeting And Final Dividend Re.1/- Per Share","10","30-Aug-2010","-","01-Sep-2010","10-Sep-2010"
"SAITELE","Sai Television Limited","EQ","Annual General Meeting","10","30-Aug-2010","-","01-Sep-2010","03-Sep-2010"
"INDRAMEDCO","Indraprastha Medical Corporation Limited","EQ","Annual General Meeting And Dividend Rs.1.60 Per Share","10","30-Aug-2010","-","01-Sep-2010","10-Sep-2010"
"TVSELECT","TVS Electronics Limited","EQ","Annual General Meeting","10","30-Aug-2010","-","01-Sep-2010","06-Sep-2010"
"JYOTISTRUC","Jyoti Structures Limited","EQ","Annual General Meeting And Dividend Re.1/- Per Share","2","30-Aug-2010","-","01-Sep-2010","15-Sep-2010"
"BALAMINES","Balaji Amines Limited","EQ","Annual General Meeting And Dividend Rs.2.50 Per Share","2","30-Aug-2010","-","01-Sep-2010","08-Sep-2010"
"DHARSUGAR","Dharani Sugars & Chemicals Limited","EQ","Annual General Meeting And Dividend Rs.1.50 Per Share","10","30-Aug-2010","-","01-Sep-2010","06-Sep-2010"
"NESCO","Nesco Limited","EQ","Annual General Meeting And Dividend Rs.1.50 Per Share","2","31-Aug-2010","-","02-Sep-2010","09-Sep-2010"
"GHCL","GHCL Limited","EQ","Annual General Meeting And Dividend Rs.2/- Per Share","10","31-Aug-2010","-","02-Sep-2010","09-Sep-2010"
"RADICO","Radico Khaitan Limited","EQ","Annual General Meeting And Dividend Re.0.60 Per Share","2","31-Aug-2010","-","02-Sep-2010","09-Sep-2010"
"HARITASEAT","Harita Seating Systems Limited","EQ","Annual General Meeting","10","31-Aug-2010","-","02-Sep-2010","06-Sep-2010"
"HARRMALAYA","Harrisons  Malayalam Limited","EQ","Scheme Of Arrangement","10","31-Aug-2010","01-Sep-2010","-","-"
"SJVN","SJVN Limited","EQ","Dividend-Re.0.60 Per Share","10","01-Sep-2010","-","03-Sep-2010","15-Sep-2010"
"HINDCOMPOS","Hindustan Composites Limited","EQ","Annual General Meeting, Final Dividend Rs.2.50 Per Share And Special Dividend Rs.7.50 Per Share","5","01-Sep-2010","-","03-Sep-2010","07-Sep-2010"
"COSMOFIRST","COSMO FIRST LIMITED","EQ","Annual General Meeting And Dividend Rs.5/- Per Share","10","01-Sep-2010","-","03-Sep-2010","09-Sep-2010"
"MADRASFERT","Madras Fertilizers Limited","EQ","Annual General Meeting","10","01-Sep-2010","-","03-Sep-2010","07-Sep-2010"
"NUTEK","Nu Tek India Limited","EQ","Annual General Meeting","5","01-Sep-2010","-","03-Sep-2010","10-Sep-2010"
"NAVNETEDUL","Navneet Education Limited","EQ","Annual General Meeting (Bc Dates Revised)","2","01-Sep-2010","-","03-Sep-2010","06-Sep-2010"
"DEN","Den Networks Limited","EQ","Annual General Meeting","10","01-Sep-2010","-","03-Sep-2010","10-Sep-2010"
"ACE","Action Construction Equipment Limited","EQ","Annual General Meeting","2","01-Sep-2010","-","03-Sep-2010","06-Sep-2010"
"VARUN","Varun Industries Limited","EQ","Annual General Meeting And Dividend Rs.1.50 Per Share","10","01-Sep-2010","-","03-Sep-2010","09-Sep-2010"
"AVTNPL","AVT Natural Products Limited","EQ","Annual General Meeting And Dividend Rs.3/- Per Share","1","01-Sep-2010","-","03-Sep-2010","09-Sep-2010"
"HBSTOCK","HB Stockholdings Limited","EQ","Annual General Meeting","10","01-Sep-2010","-","03-Sep-2010","07-Sep-2010"
"BHEL","Bharat Heavy Electricals Limited","EQ","Annual General Meeting And Final Dividend Rs.12.30 Per Share","2","01-Sep-2010","-","03-Sep-2010","17-Sep-2010"
"GNFC","Gujarat Narmada Valley Fertilizers and Chemicals Limited","EQ","Dividend-Rs.3.25 Per Share","10","02-Sep-2010","-","04-Sep-2010","09-Sep-2010"
"APOLLOHOSP","Apollo Hospitals Enterprise Limited","EQ","Face Value Split From Rs.10/- To Rs.5/-","5","02-Sep-2010","03-Sep-2010","-","-"
"CREWBOS","Crew B.O.S. Products Limited","EQ","Annual General Meeting","10","02-Sep-2010","-","06-Sep-2010","13-Sep-2010"
"NANDAN","Nandan Exim Limited","EQ","Annual Book Closure","1","02-Sep-2010","-","04-Sep-2010","11-Sep-2010"
"GLOBUSSPR","Globus Spirits Limited","EQ","Annual General Meeting And Dividend Re.1/- Per Share","10","02-Sep-2010","-","04-Sep-2010","09-Sep-2010"
"GAIL","GAIL (India) Limited","EQ","Annual General Meeting And Final Dividend Rs.5.50 Per Share (Bc Start Date Revised)","10","02-Sep-2010","-","04-Sep-2010","22-Sep-2010"
"EONELECT","Eon Electric Limited","EQ","Annual General Meeting","10","02-Sep-2010","-","06-Sep-2010","09-Sep-2010"
"JINDRILL","Jindal Drilling And Industries Limited","EQ","Annual General Meeting And Dividend Rs.1.25 Per Share","5","02-Sep-2010","-","04-Sep-2010","10-Sep-2010"
"EXCEL","Excel Realty N Infra Limited","EQ","Annual General Meeting And Dividend Re.1/- Per Share","1","02-Sep-2010","-","06-Sep-2010","09-Sep-2010"
"FEDERALBNK","The Federal Bank  Limited","EQ","Annual General Meeting And Dividend Rs.5/- Per Share","2","02-Sep-2010","-","04-Sep-2010","13-Sep-2010"
"KCP","KCP Limited","EQ","1st Interim Dividend Rs.2.50 Per Share And Face Value Split From Rs.10/- To Re.1/- (Purpose Revised)","1","02-Sep-2010","03-Sep-2010","-","-"
"SOMATEX","Soma Textiles & Industries Limited","EQ","Annual General Meeting","10","02-Sep-2010","-","06-Sep-2010","13-Sep-2010"
"UNITECH","Unitech Limited","EQ","Annual General Meeting And Dividend Re.0.20 Per Share","2","02-Sep-2010","-","04-Sep-2010","16-Sep-2010"
"MYSOREBANK","State Bank of Mysore","EQ","Rights 3:10 @ Premium Rs.530/- Per Share","10","02-Sep-2010","04-Sep-2010","-","-"
"BSL","BSL Limited","EQ","Annual General Meeting And Dividend Re.0.75 Per Share","10","02-Sep-2010","-","06-Sep-2010","15-Sep-2010"
"SUNFLAG","Sunflag Iron And Steel Company Limited","EQ","Annual General Meeting And Dividend Re.0.50 Per Share","10","02-Sep-2010","-","04-Sep-2010","23-Sep-2010"
"TFCILTD","Tourism Finance Corporation of India Limited","EQ","Annual General Meeting And Dividend Rs.1.20 Per Share","2","02-Sep-2010","-","04-Sep-2010","17-Sep-2010"
"GODFRYPHLP","Godfrey Phillips India Limited","EQ","Annual General Meeting And Dividend Rs.25/- Per Share","2","02-Sep-2010","-","04-Sep-2010","09-Sep-2010"
"ALPA","Alpa Laboratories Limited","EQ","Annual General Meeting","10","02-Sep-2010","-","06-Sep-2010","09-Sep-2010"
"VAKRANGEE","Vakrangee Limited","EQ","Annual General Meeting And Dividend Rs.1.50 Per Share","1","02-Sep-2010","-","04-Sep-2010","10-Sep-2010"
"CERA","Cera Sanitaryware Limited","EQ","Bonus 1:1","5","02-Sep-2010","03-Sep-2010","-","-"
"SUPREMEIND","Supreme Industries Limited","EQ","Dividend-Rs.13/- Per Share","2","03-Sep-2010","-","07-Sep-2010","14-Sep-2010"
"KHAITANELE","Khaitan Electricals Limited","EQ","Annual General Meeting","10","03-Sep-2010","-","07-Sep-2010","16-Sep-2010"
"NRBBEARING","NRB Bearing Limited","EQ","Bonus 1:1","2","03-Sep-2010","06-Sep-2010","-","-"
"SPECTACLE","Spectacle Ventures Limited","EQ","Annual General Meeting And Dividend Re.0.05 Per Share","1","03-Sep-2010","-","07-Sep-2010","10-Sep-2010"
"HINDPETRO","Hindustan Petroleum Corporation Limited","EQ","Annual General Meeting And Final Dividend Rs.12/- Per Share","10","03-Sep-2010","-","07-Sep-2010","16-Sep-2010"
"PFC","Power Finance Corporation Limited","EQ","Annual General Meeting And Dividend Rs.1.50 Per Share","10","03-Sep-2010","-","07-Sep-2010","21-Sep-2010"
"SAKTHIFIN","Sakthi Finance Limited","EQ","Annual General Meeting","10","03-Sep-2010","-","07-Sep-2010","14-Sep-2010"
"CIPLA","Cipla Limited","EQ","Special Interim Dividend Re.0.80 Per Share","2","03-Sep-2010","06-Sep-2010","-","-"
"SUPERSPIN","Super Spinning Mills Limited","EQ","Annual General Meeting","1","03-Sep-2010","-","07-Sep-2010","13-Sep-2010"
"SURYAROSNI","Surya Roshni Limited","EQ","Dividend-Rs.2/- Per Share","5","03-Sep-2010","-","07-Sep-2010","10-Sep-2010"
"TFL","Transwarranty Finance Limited","EQ","Annual General Meeting","10","03-Sep-2010","-","07-Sep-2010","16-Sep-2010"
"MARALOVER","Maral Overseas Limited","EQ","Annual General Meeting","10","03-Sep-2010","-","07-Sep-2010","14-Sep-2010"
"CONCOR","Container Corporation of India Limited","EQ","Dividend-Rs.8/- Per Share","5","03-Sep-2010","-","07-Sep-2010","17-Sep-2010"
"SPIC","Southern Petrochemicals Industries Corporation  Limited","EQ","Annual General Meeting","10","03-Sep-2010","-","07-Sep-2010","21-Sep-2010"
"SMLMAH","SML Mahindra Limited","EQ","Annual General Meeting And Dividend Rs.4/- Per Share","10","03-Sep-2010","-","07-Sep-2010","15-Sep-2010"
"KITPLYIND","Kitply Industries Limited","EQ","Annual General Meeting (Bc Start Date Revised)","10","03-Sep-2010","-","07-Sep-2010","15-Sep-2010"
"ENGINERSIN","Engineers India Limited","EQ","Annual General Meeting","5","03-Sep-2010","-","07-Sep-2010","14-Sep-2010"
"IFCI","IFCI Limited","EQ","Annual General Meeting And Dividend Re.1/- Per Share","10","06-Sep-2010","-","08-Sep-2010","17-Sep-2010"
"TPHQ","Teamo Productions HQ Limited","EQ","Annual General Meeting","1","06-Sep-2010","-","08-Sep-2010","14-Sep-2010"
"MFSL","Max Financial Services Limited","EQ","Annual General Meeting","2","06-Sep-2010","-","08-Sep-2010","15-Sep-2010"
"NORBTEAEXP","Norben Tea & Exports Limited","EQ","Annual General Meeting","10","06-Sep-2010","-","08-Sep-2010","16-Sep-2010"
"HAVELLS","Havells India Limited","EQ","Dividend-Rs.2.50 Per Share","1","06-Sep-2010","-","08-Sep-2010","10-Sep-2010"
"ECLERX","eClerx Services Limited","EQ","Annual General Meeting And Dividend Rs.10/- Per Share","10","06-Sep-2010","-","08-Sep-2010","16-Sep-2010"
"IITL","Industrial Investment Trust Limited","EQ","Annual General Meeting / Dividend Re.1.50 Per Share","10","06-Sep-2010","-","08-Sep-2010","17-Sep-2010"
"ZODJRDMKJ","Zodiac JRD- MKJ Limited","EQ","Annual General Meeting And Dividend Re.0.50 Per Share","10","06-Sep-2010","-","08-Sep-2010","17-Sep-2010"
"TANTIACONS","Tantia Constructions Limited","EQ","Annual General Meeting And Dividend Rs.1.50 Per Share","10","06-Sep-2010","-","08-Sep-2010","15-Sep-2010"
"KABRAEXTRU","Kabra Extrusion Technik Limited","EQ","Bonus 1:1","5","06-Sep-2010","07-Sep-2010","-","-"
"SEINVEST","S.E. Investments Limited","EQ","Annual General Meeting","1","06-Sep-2010","-","08-Sep-2010","13-Sep-2010"
"CAIRN","Cairn India Limited","EQ","Annual General Meeting","10","06-Sep-2010","-","08-Sep-2010","15-Sep-2010"
"SAKUMA","Sakuma Exports Limited","EQ","Annual General Meeting","1","06-Sep-2010","-","08-Sep-2010","15-Sep-2010"
"SUBEX","Subex Limited","EQ","Annual Book Closure","10","06-Sep-2010","-","08-Sep-2010","13-Sep-2010"
"GENESYS","Genesys International Corporation Limited","EQ","Annual General Meeting And Dividend Re.0.75 Per Share","5","06-Sep-2010","-","08-Sep-2010","14-Sep-2010"
"ANTELOPUS","Antelopus Selan Energy Limited","EQ","Annual General Meeting","10","06-Sep-2010","-","08-Sep-2010","15-Sep-2010"
"TEAMGTY","Team India Guaranty Limited","EQ","Annual General Meeting","10","07-Sep-2010","-","09-Sep-2010","21-Sep-2010"
"FSL","Firstsource Solutions Limited","EQ","Annual General Meeting","10","07-Sep-2010","-","09-Sep-2010","16-Sep-2010"
"POWERGRID","Power Grid Corporation of India Limited","EQ","Annual General Meeting And Dividend Re.1/- Per Share","10","07-Sep-2010","-","09-Sep-2010","24-Sep-2010"
"BALMLAWRIE","Balmer Lawrie & Company Limited","EQ","Annual General Meeting And Dividend Rs.23/- Per Share","10","07-Sep-2010","-","09-Sep-2010","24-Sep-2010"
"NOL","National Oxygen Limited","EQ","Annual General Meeting And Dividend Re.1/- Per Share","10","07-Sep-2010","-","09-Sep-2010","17-Sep-2010"
"NITCO","Nitco Limited","EQ","Annual General Meeting","10","07-Sep-2010","-","09-Sep-2010","15-Sep-2010"
"AARTIIND","Aarti Industries Limited","EQ","Annual General Meeting And Final Dividend Re.0.70 Per Share","5","07-Sep-2010","-","09-Sep-2010","16-Sep-2010"
"NHPC","NHPC Limited","EQ","Annual General Meeting And Dividend Re.0.55 Per Share","10","07-Sep-2010","-","09-Sep-2010","22-Sep-2010"
"RSWM","RSWM Limited","EQ","Annual General Meeting And Dividend Rs.2.50 Per Share","10","07-Sep-2010","-","09-Sep-2010","16-Sep-2010"
"SPLIL","SPL Industries Limited","EQ","Annual General Meeting","10","08-Sep-2010","-","10-Sep-2010","20-Sep-2010"
"ALOKTEXT","Alok Industries Limited","EQ","Annual General Meeting And Dividend Re.0.25 Per Share","10","08-Sep-2010","-","10-Sep-2010","17-Sep-2010"
"IVRCLINFRA","IVRCL Limited","EQ","Annual General Meeting And Dividend Re.0.80 Per Share","2","08-Sep-2010","-","10-Sep-2010","18-Sep-2010"
"MBLINFRA","MBL Infrastructure Limited","EQ","Annual General Meeting And Dividend Rs.2/- Per Share","10","08-Sep-2010","-","11-Sep-2010","18-Sep-2010"
"RAJVIR","Rajvir Industries Limited","EQ","Annual General Meeting And Dividend Rs.2/- Per Share","10","08-Sep-2010","-","11-Sep-2010","18-Sep-2010"
"TNTELE","Tamilnadu Telecommunication Limited","EQ","Annual General Meeting","10","08-Sep-2010","-","10-Sep-2010","14-Sep-2010"
"COX&KINGS","Cox & Kings Limited","EQ","Annual General Meeting And Dividend Re.1/- Per Share","5","08-Sep-2010","-","10-Sep-2010","18-Sep-2010"
"GOLDENTOBC","Golden Tobacco Limited","EQ","Annual General Meeting","10","08-Sep-2010","-","11-Sep-2010","18-Sep-2010"
"SALONACOT","Salona Cotspin Limited","EQ","Annual General Meeting And Dividend Re.1/- Per Share","10","08-Sep-2010","-","11-Sep-2010","13-Sep-2010"
"HEG","HEG Limited","EQ","Agm / Dividend Rs 10 Per Share","2","08-Sep-2010","-","10-Sep-2010","20-Sep-2010"
"AGI","AGI Greenpac Limited","EQ","Dividend-Rs.2/- Per Share","2","08-Sep-2010","-","13-Sep-2010","22-Sep-2010"
"TVSMOTOR","TVS Motor Company Limited","EQ","Bonus 1:1","1","08-Sep-2010","09-Sep-2010","-","-"
"GARFIBRES","Garware Technical Fibres Limited","EQ","Dividend-Rs.2.50 Per Share","10","08-Sep-2010","-","11-Sep-2010","18-Sep-2010"
"AHLUCONT","Ahluwalia Contracts (India) Limited","EQ","Annual General Meeting And Dividend Re.0.80 Per Share","2","08-Sep-2010","-","10-Sep-2010","17-Sep-2010"
"AMBIKCO","Ambika Cotton Mills Limited","EQ","Annual General Meeting And Dividend Rs.3/- Per Share","10","08-Sep-2010","-","13-Sep-2010","27-Sep-2010"
"PRECWIRE","Precision Wires India Limited","EQ","Interim  Dividend-Rs.2.40 Per Share","1","08-Sep-2010","10-Sep-2010","-","-"
"GEECEE","GeeCee Ventures Limited","EQ","Annual General Meeting And Dividend Rs.1.50 Per Share","10","08-Sep-2010","-","10-Sep-2010","21-Sep-2010"
"UTTAMSTL","Uttam Galva Steels Limited","EQ","Annual General Meeting","10","08-Sep-2010","-","13-Sep-2010","18-Sep-2010"
"DABUR","Dabur India Limited","EQ","Bonus 1:1","1","08-Sep-2010","10-Sep-2010","-","-"
"GITANJALI","Gitanjali Gems Limited","EQ","Annual General Meeting And Final Dividend Rs.2/- Per Share","10","08-Sep-2010","-","11-Sep-2010","25-Sep-2010"
"KPIL","Kalpataru Projects International Limited","EQ","Face Value Split From Rs.10/- To Rs.2/-","2","08-Sep-2010","09-Sep-2010","-","-"
"WOCKPHARMA","Wockhardt Limited","EQ","Annual General Meeting","5","08-Sep-2010","-","13-Sep-2010","20-Sep-2010"
"VICEROY","Viceroy Hotels Limited","EQ","Annual General Meeting","10","08-Sep-2010","-","13-Sep-2010","20-Sep-2010"
"GDL","Gateway Distriparks Limited","EQ","Annual General Meeting / Final Dividend Re.0.50 Per Share / Special Dividend (Interim) Re.1/- Per Share (Purpose Revised)","10","08-Sep-2010","-","10-Sep-2010","20-Sep-2010"
"EASTSILK","Eastern Silk Industries Limited","EQ","Annual General Meeting And Dividend Re.0.12 Per Share (Purpose Revised)","2","08-Sep-2010","-","10-Sep-2010","22-Sep-2010"
"LOTUSEYE","Lotus Eye Hospital and Institute Limited","EQ","Annual General Meeting","10","08-Sep-2010","-","12-Sep-2010","17-Sep-2010"
"MMTC","MMTC Limited","EQ","Annual General Meeting And Dividend Re.0.90 Per Share","1","08-Sep-2010","-","10-Sep-2010","21-Sep-2010"
"SAGCEM","Sagar Cements Limited","EQ","Annual General Meeting And Dividend Rs.2.50 Per Share","2","08-Sep-2010","-","10-Sep-2010","20-Sep-2010"
"ARIES","Aries Agro Limited","EQ","Annual General Meeting And Final Dividend Rs.1.50 Per Share","10","08-Sep-2010","-","11-Sep-2010","17-Sep-2010"
"BPCL","Bharat Petroleum Corporation Limited","EQ","Annual General Meeting And Dividend Rs.14/- Per Share","10","08-Sep-2010","-","13-Sep-2010","24-Sep-2010"
"STARPAPER","Star Paper Mills Limited","EQ","Annual General Meeting And Dividend Re.0.75 Per Share","10","08-Sep-2010","-","10-Sep-2010","17-Sep-2010"
"UNICHEMLAB","Unichem Laboratories Limited","EQ","Annual General Meeting","2","08-Sep-2010","-","13-Sep-2010","15-Sep-2010"
"BRITANNIA","Britannia Industries Limited","EQ","Face Value Split From Rs.10/- To Rs.2/-","1","08-Sep-2010","09-Sep-2010","-","-"
"GSFC","Gujarat State Fertilizers & Chemicals Limited","EQ","Annual General Meeting And Dividend Rs.4.50 Per Share","2","08-Sep-2010","-","11-Sep-2010","24-Sep-2010"
"SALSTEEL","S.A.L. Steel Limited","EQ","Annual General Meeting","10","08-Sep-2010","-","10-Sep-2010","24-Sep-2010"
"SHAHALLOYS","Shah Alloys Limited","EQ","Annual General Meeting","10","08-Sep-2010","-","10-Sep-2010","24-Sep-2010"
"SUBROS","Subros Limited","EQ","Annual General Meeting And Dividend Re.0.70 Per Share","2","08-Sep-2010","-","11-Sep-2010","20-Sep-2010"
"IOC","Indian Oil Corporation Limited","EQ","Annual General Meeting And Dividend Rs.13/- Per Share","10","08-Sep-2010","-","13-Sep-2010","21-Sep-2010"
"MALUPAPER","Malu Paper Mills Limited","EQ","Annual General Meeting","10","08-Sep-2010","-","13-Sep-2010","21-Sep-2010"
"BAJAJ-AUTO","Bajaj Auto Limited","EQ","Bonus 1:1","10","08-Sep-2010","10-Sep-2010","-","-"
"HINDDORROL","Hindustan Dorr-Oliver Limited","EQ","Annual General Meeting And Dividend Re.0.80 Per Share","2","08-Sep-2010","-","13-Sep-2010","15-Sep-2010"
"TRANSWORLD","TRANSWORLD SHIPPING LINES LIMITED","EQ","Annual General Meeting","10","08-Sep-2010","-","13-Sep-2010","21-Sep-2010"
"NEPCAGRO","NEPC  Agro Foods Limited","EQ","Annual General Meeting","10","08-Sep-2010","-","13-Sep-2010","17-Sep-2010"
"IGARASHI","Igarashi Motors India Limited","EQ","Annual General Meeting","10","08-Sep-2010","-","13-Sep-2010","16-Sep-2010"
"NTPC","NTPC Limited","EQ","Annual General Meeting And Final Dividend Re.0.80 Per Share","10","08-Sep-2010","-","11-Sep-2010","23-Sep-2010"
"OMNITECH","Omnitech Infosolutions Limited","EQ","Annual General Meeting And Dividend Rs.1.50 Per Share","10","08-Sep-2010","-","11-Sep-2010","29-Sep-2010"
"OCL","OCL India Limited","EQ","Annual General Meeting And Dividend Rs.4/- Per Share","2","08-Sep-2010","-","10-Sep-2010","17-Sep-2010"
"RAJTV","Raj Television Network Limited","EQ","Annual General Meeting","5","08-Sep-2010","-","10-Sep-2010","16-Sep-2010"
"RUCHIRA","Ruchira Papers Limited","EQ","Annual General Meeting","10","08-Sep-2010","-","10-Sep-2010","16-Sep-2010"
"ABHISHEK","Abhishek Corporation Limited","EQ","Annual General Meeting","10","08-Sep-2010","-","13-Sep-2010","17-Sep-2010"
"UGARSUGAR","The Ugar Sugar Works Limited","EQ","Annual General Meeting","1","08-Sep-2010","-","13-Sep-2010","25-Sep-2010"
"JBMA","JBM Auto Limited","EQ","Annual General Meeting And Dividend Rs.1.50 Per Share","1","08-Sep-2010","-","10-Sep-2010","20-Sep-2010"
"BELCERAMIC","Bell Ceramics Limited","EQ","Annual General Meeting","10","08-Sep-2010","-","13-Sep-2010","18-Sep-2010"
"TIIL","Technocraft Industries (India) Limited","EQ","Annual General Meeting And Dividend Rs.1.50 Per Share","10","08-Sep-2010","-","10-Sep-2010","16-Sep-2010"
"SINTEX","Sintex Industries Limited","EQ","Annual General Meeting And Dividend Rs.1.20 Per Share","1","09-Sep-2010","-","14-Sep-2010","23-Sep-2010"
"JAYAGROGN","Jayant Agro Organics Limited","EQ","Annual General Meeting And Dividend Rs.1.50 Per Share","5","09-Sep-2010","-","14-Sep-2010","18-Sep-2010"
"JINDALSAW","Jindal Saw Limited","EQ","Annual General Meeting And Dividend Rs.1.25 Per Share","1","09-Sep-2010","-","14-Sep-2010","17-Sep-2010"
"KAMATHOTEL","Kamat Hotels (I) Limited","EQ","Annual General Meeting","10","09-Sep-2010","-","14-Sep-2010","25-Sep-2010"
"INFODRIVE","Info-Drive Software Limited","EQ","Annual General Meeting And Dividend Re.0.50 Per Share","1","09-Sep-2010","-","14-Sep-2010","30-Sep-2010"
"TULSI","Tulsi Extrusions Limited","EQ","Annual General Meeting And Dividend Re.0.50 Per Share","10","09-Sep-2010","-","14-Sep-2010","17-Sep-2010"
"GENUSPOWER","Genus Power Infrastructures Limited","EQ","Annual General Meeting And Dividend Re.1/- Per Share","1","09-Sep-2010","-","14-Sep-2010","17-Sep-2010"
"CALSOFT","California Software Company Limited","EQ","Annual General Meeting And Dividend Rs.2/- Per Share","10","09-Sep-2010","-","14-Sep-2010","17-Sep-2010"
"GOKEX","Gokaldas Exports Limited","EQ","Annual General Meeting","5","09-Sep-2010","-","14-Sep-2010","17-Sep-2010"
"KOTHARIPET","Kothari Petrochemicals Limited","EQ","Annual General Meeting","10","09-Sep-2010","-","14-Sep-2010","22-Sep-2010"
"BAYERCROP","Bayer Cropscience Limited","EQ","Annual General Meeting And Dividend Rs.4/- Per Share","10","09-Sep-2010","-","14-Sep-2010","28-Sep-2010"
"EVEREADY","Eveready Industries India Limited","EQ","Annual General Meeting And Dividend Re.0.50 Per Share","5","09-Sep-2010","-","14-Sep-2010","24-Sep-2010"
"BPL","BPL Limited","EQ","Annual General Meeting","10","09-Sep-2010","-","14-Sep-2010","24-Sep-2010"
"VLSFINANCE","VLS Finance Limited","EQ","Annual General Meeting","10","09-Sep-2010","-","14-Sep-2010","21-Sep-2010"
"SUNPHARMA","Sun Pharmaceutical Industries Limited","EQ","Dividend-Rs.13.75 Per Share","1","09-Sep-2010","-","14-Sep-2010","24-Sep-2010"
"VIVIMEDLAB","Vivimed Labs Limited","EQ","Annual General Meeting And Dividend Rs.1.50 Per Share","2","09-Sep-2010","-","14-Sep-2010","18-Sep-2010"
"AHLWEST","Asian Hotels (West) Limited","EQ","Annual General Meeting And Dividend Rs.3/- Per Share","10","09-Sep-2010","-","14-Sep-2010","18-Sep-2010"
"ONGC","Oil & Natural Gas Corporation Limited","EQ","Annual General Meeting And Final Dividend Rs.15/- Per Share","5","09-Sep-2010","-","14-Sep-2010","23-Sep-2010"
"JKIL","J.Kumar Infraprojects Limited","EQ","Annual General Meeting","5","09-Sep-2010","-","14-Sep-2010","21-Sep-2010"
"ARVIND","Arvind Limited","EQ","Annual General Meeting","10","09-Sep-2010","-","14-Sep-2010","24-Sep-2010"
"KOTHARIPRO","Kothari Products Limited","EQ","Annual General Meeting And Dividend Rs.20/- Per Share","10","09-Sep-2010","-","14-Sep-2010","21-Sep-2010"
"IVRCLAH","IVRCL Assets & Holdings Limited","EQ","Annual General Meeting","10","09-Sep-2010","-","14-Sep-2010","18-Sep-2010"
"SEZALGLASS","Sezal Glass Limited","EQ","Annual General Meeting","1","13-Sep-2010","-","15-Sep-2010","20-Sep-2010"
"CLASSIC","Classic Diamonds (India) Limited","EQ","Annual General Meeting And Dividend Re.0.10 Per Share","2","13-Sep-2010","-","15-Sep-2010","22-Sep-2010"
"PRADIP","Pradip Overseas Limited","EQ","Annual General Meeting And Dividend Re.1/- Per Share","10","13-Sep-2010","-","15-Sep-2010","29-Sep-2010"
"NOIDATOLL","Noida Toll Bridge Company Limited","EQ","Annual General Meeting (Bc Dates Revised)","10","13-Sep-2010","-","15-Sep-2010","15-Sep-2010"
"MANALIPETC","Manali Petrochemicals Limited","EQ","Annual General Meeting And Dividend Re.0.375 Per Share","5","13-Sep-2010","-","15-Sep-2010","22-Sep-2010"
"RELCAPITAL","Reliance Capital Limited","EQ","Annual General Meeting And Dividend Rs.6.50 Per Share","10","13-Sep-2010","-","15-Sep-2010","28-Sep-2010"
"RPOWER","Reliance Power Limited","EQ","Annual General Meeting","10","13-Sep-2010","-","15-Sep-2010","28-Sep-2010"
"SEPC","SEPC Limited","EQ","Annual General Meeting And Dividend Rs.1.20 Per Share","10","13-Sep-2010","-","15-Sep-2010","29-Sep-2010"
"JINDALSTEL","JINDAL STEEL LIMITED","EQ","Dividend-Rs.1.25 Per Share","1","13-Sep-2010","-","15-Sep-2010","17-Sep-2010"
"RCOM","Reliance Communications Limited","EQ","Annual General Meeting And Dividend Re.0.85 Per Share","5","13-Sep-2010","-","15-Sep-2010","28-Sep-2010"
"DCHL","Deccan Chronicle Holdings Limited","EQ","Annual General Meeting","2","13-Sep-2010","-","15-Sep-2010","22-Sep-2010"
"VIKASHMET","Vikash Metal & Power Limited","EQ","Annual General Meeting And Dividend Re.0.25 Per Share","10","13-Sep-2010","-","15-Sep-2010","22-Sep-2010"
"DYNAMATECH","Dynamatic Technologies Limited","EQ","Annual General Meeting And Final Dividend Rs.3/- Per Share","10","13-Sep-2010","-","15-Sep-2010","22-Sep-2010"
"AUROPHARMA","Aurobindo Pharma Limited","EQ","Annual General Meeting And Dividend Rs.2/- Per Share","1","13-Sep-2010","-","15-Sep-2010","23-Sep-2010"
"GLOBALVECT","Global Vectra Helicorp Limited","EQ","Annual General Meeting","10","13-Sep-2010","-","15-Sep-2010","16-Sep-2010"
"FORTIS","Fortis Healthcare Limited","EQ","Annual General Meeting","10","13-Sep-2010","-","15-Sep-2010","18-Sep-2010"
"KOTARISUG","Kothari Sugars And Chemicals Limited","EQ","Annual General Meeting","10","13-Sep-2010","-","15-Sep-2010","21-Sep-2010"
"LAKSHMIMIL","The Lakshmi Mills Company Limited","EQ","Annual General Meeting And Dividend Rs.9/- Per Share","100","13-Sep-2010","-","15-Sep-2010","22-Sep-2010"
"WSI","W S Industries (I) Limited","EQ","Annual General Meeting","10","13-Sep-2010","-","15-Sep-2010","29-Sep-2010"
"BASML","Bannari Amman Spinning Mills Limited","EQ","Annual General Meeting And Dividend Rs.1.50 Per Share","5","13-Sep-2010","-","15-Sep-2010","20-Sep-2010"
"BHARATIDIL","Bharati Defence and Infrastructure Limited","EQ","Dividend-Rs.3/- Per Share","10","13-Sep-2010","-","15-Sep-2010","22-Sep-2010"
"INSPIRISYS","Inspirisys Solutions Limited","EQ","Annual General Meeting","10","13-Sep-2010","-","15-Sep-2010","22-Sep-2010"
"ASIANELEC","Asian Electronics Limited","EQ","Annual General Meeting","5","13-Sep-2010","-","15-Sep-2010","21-Sep-2010"
"PDPL","Parenteral Drugs (India) Limited","EQ","Annual General Meeting/Dividend Rs.2/- Per Share/Bonus 1:3","10","13-Sep-2010","-","15-Sep-2010","15-Sep-2010"
"SAVERA","Savera Industries Limited","EQ","Annual General Meeting/ Div-Rs.1.20 Per Share","10","13-Sep-2010","-","15-Sep-2010","25-Sep-2010"
"SHIVTEX","Shiva Texyarn Limited","EQ","Annual General Meeting And Dividend Re.1/- Per Share","10","13-Sep-2010","-","15-Sep-2010","20-Sep-2010"
"GSPL","Gujarat State Petronet Limited","EQ","Annual General Meeting And Dividend Re.1/- Per Share","10","13-Sep-2010","-","15-Sep-2010","21-Sep-2010"
"BEL","Bharat Electronics Limited","EQ","Annual General Meeting And Dividend Rs.13.20 Per Share","1","13-Sep-2010","-","15-Sep-2010","28-Sep-2010"
"DUNCANSIND","Duncans Industries Limited","EQ","Annual General Meeting","10","13-Sep-2010","-","15-Sep-2010","21-Sep-2010"
"KOTAKBANK","Kotak Mahindra Bank Limited","EQ","Face Value Split From Rs.10/- To Rs.5/-","1","13-Sep-2010","14-Sep-2010","-","-"
"REGENCERAM","Regency Ceramics Limited","EQ","Annual General Meeting","10","14-Sep-2010","-","16-Sep-2010","25-Sep-2010"
"KECL","Kirloskar Electric Company Limited","EQ","Annual General Meeting","10","14-Sep-2010","-","16-Sep-2010","23-Sep-2010"
"LAKSHMIFIN","The Lakshmi Finance & Industrial Corporation Limited","EQ","Annual General Meeting And Dividend Of Rs.2.50 Per Share","10","14-Sep-2010","-","16-Sep-2010","18-Sep-2010"
"SATHAISPAT","Sathavahana Ispat Limited","EQ","Annual General Meeting And Dividend Rs.1.50 Per Share","10","14-Sep-2010","-","16-Sep-2010","30-Sep-2010"
"GPIL","Godawari Power And Ispat limited","EQ","Dividend-Rs.2.50 Per Share","1","14-Sep-2010","-","16-Sep-2010","25-Sep-2010"
"DELTAMAGNT","Delta Manufacturing Limited","EQ","Annual General Meeting","10","14-Sep-2010","-","16-Sep-2010","23-Sep-2010"
"EMAMIREAL","Emami Realty Limited","EQ","Annual General Meeting","2","14-Sep-2010","-","16-Sep-2010","16-Sep-2010"
"GILLANDERS","Gillanders Arbuthnot & Company Limited","EQ","Bonus 1:2","10","14-Sep-2010","15-Sep-2010","-","-"
"AICHAMP","AI Champdany Industries Limited","EQ","Annual General Meeting","5","14-Sep-2010","-","16-Sep-2010","29-Sep-2010"
"PEPL","Pearl Engineering Polymers Limited","EQ","Annual General Meeting","10","14-Sep-2010","-","16-Sep-2010","24-Sep-2010"
"NITINFIRE","Nitin Fire Protection Industries Limited","EQ","Annual General Meeting And Dividend Rs.3.50 Per Share","2","14-Sep-2010","-","16-Sep-2010","21-Sep-2010"
"SUPERFORGE","Super Forgings & Steels Limited","EQ","Annual General Meeting","10","14-Sep-2010","-","16-Sep-2010","29-Sep-2010"
"ARROWTEX","Arrow Textiles Limited","EQ","Annual General Meeting","10","14-Sep-2010","-","16-Sep-2010","23-Sep-2010"
"PHOENIXLL","Phoenix Lamps Limited","EQ","Annual General Meeting","10","14-Sep-2010","-","16-Sep-2010","16-Sep-2010"
"FAME","Fame India Limited","EQ","Annual General Meeting","10","14-Sep-2010","-","16-Sep-2010","22-Sep-2010"
"BRFL","Bombay Rayon Fashions Limited","EQ","Annual General Meeting And Dividend Rs.1.50 Per Share","10","14-Sep-2010","-","16-Sep-2010","21-Sep-2010"
"FIRSTLEASE","First Leasing Company of India Limited","EQ","Dividend-Rs.1.80 Per Share","10","14-Sep-2010","-","16-Sep-2010","23-Sep-2010"
"TALWALKARS","Talwalkars Better Value Fitness Limited","EQ","Annual General Meeting And Dividend Re.0.50 Per Share","10","14-Sep-2010","-","16-Sep-2010","23-Sep-2010"
"TVSSRICHAK","TVS Srichakra Limited","EQ","Annual General Meeting","10","14-Sep-2010","-","16-Sep-2010","20-Sep-2010"
"GUJALKALI","Gujarat Alkalies and Chemicals Limited","EQ","Annual General Meeting And Dividend Rs.3/- Per Share","10","14-Sep-2010","-","16-Sep-2010","28-Sep-2010"
"SUPREMEINF","Supreme Infrastructure India Limited","EQ","Annual General Meeting And Dividend Rs.1.50 Per Share","10","14-Sep-2010","-","16-Sep-2010","20-Sep-2010"
"EASUNREYRL","Easun Reyrolle Limited","EQ","Annual General Meeting/Final Dividend Re.1/- Per Share And Special Dividend Rs.3/- Per Share","2","14-Sep-2010","-","16-Sep-2010","29-Sep-2010"
"KRBL","KRBL Limited","EQ","Annual General Meeting And Dividend Re.0.15 Per Share","1","14-Sep-2010","-","16-Sep-2010","21-Sep-2010"
"MAGNUM","Magnum Ventures Limited","EQ","Annual General Meeting","10","15-Sep-2010","-","17-Sep-2010","17-Sep-2010"
"MELSTAR","Melstar Information Technologies Limited","EQ","Annual General Meeting","10","15-Sep-2010","-","17-Sep-2010","24-Sep-2010"
"PITTIENG","Pitti Engineering Limited","EQ","Annual General Meeting","5","15-Sep-2010","-","17-Sep-2010","20-Sep-2010"
"INFOMEDIA","Infomedia Press Limited","EQ","Annual General Meeting","10","15-Sep-2010","-","17-Sep-2010","17-Sep-2010"
"HITECHGEAR","The Hi-Tech Gears Limited","EQ","Dividend-Rs.4.50 Per Share","10","15-Sep-2010","-","17-Sep-2010","27-Sep-2010"
"KARUNACAB","Karuna Cables Limited","EQ","Annual General Meeting","2","15-Sep-2010","-","17-Sep-2010","18-Sep-2010"
"RAJSREESUG","Rajshree Sugars & Chemicals Limited","EQ","Annual General Meeting And Dividend Rs.3/- Per Share","10","15-Sep-2010","-","17-Sep-2010","20-Sep-2010"
"RESURGERE","Resurgere Mines & Minerals India Limited","EQ","Annual General Meeting/Bonus 2:1/Face Value Split From Rs.10/- To Re.1/-","1","15-Sep-2010","-","17-Sep-2010","19-Sep-2010"
"ASHAPURMIN","Ashapura Minechem Limited","EQ","Annual Book Closure","2","15-Sep-2010","-","17-Sep-2010","24-Sep-2010"
"PARSVNATH","Parsvnath Developers Limited","EQ","Annual General Meeting","5","15-Sep-2010","-","17-Sep-2010","18-Sep-2010"
"TCPLTD","TCP Limited","EQ","Annual General Meetng And Dividend Of Rs.3/- Per Share","10","15-Sep-2010","-","17-Sep-2010","24-Sep-2010"
"DONEAR","Donear Industries Limited","EQ","Annual General Meeting And Dividend Re.0.50 Per Share","2","15-Sep-2010","-","17-Sep-2010","25-Sep-2010"
"JPASSOCIAT","Jaiprakash Associates Limited","EQ","Annual General Meeting And Dividend Re.0.54 Per Share","2","15-Sep-2010","-","17-Sep-2010","21-Sep-2010"
"GALLANTT","Gallantt Ispat Limited","EQ","Annual General Meeting","10","15-Sep-2010","-","17-Sep-2010","24-Sep-2010"
"EPL","EPL Limited","EQ","Annual General Meeting And Dividend Re.0.40 Per Share","2","15-Sep-2010","-","17-Sep-2010","24-Sep-2010"
"ASTRAL","Astral Limited","EQ","Face Value Split From Rs.10/- To Rs.5/-","1","15-Sep-2010","16-Sep-2010","-","-"
"RAJESHEXPO","Rajesh Exports Limited","EQ","Annual General Meeting And Dividend Re.1/- Per Share","1","15-Sep-2010","-","17-Sep-2010","22-Sep-2010"
"JPINFRATEC","Jaypee Infratech Limited","EQ","Annual General Meeting","10","15-Sep-2010","-","17-Sep-2010","21-Sep-2010"
"HINDNATGLS","Hindusthan National Glass & Industries Limited","EQ","Annual General Meeting And Dividend Rs.1.50 Per Share","2","15-Sep-2010","-","17-Sep-2010","24-Sep-2010"
"ABAN","Aban Offshore Limited","EQ","Annual General Meeting And Dividend Rs.3.60 Per Share","2","15-Sep-2010","-","17-Sep-2010","24-Sep-2010"
"ARSHIYA","Arshiya Limited","EQ","Annual General Meeting And Dividend Re.1/- Per Share","2","15-Sep-2010","-","17-Sep-2010","24-Sep-2010"
"PRESSMN","Pressman Advertising Limited","EQ","Annual General Meeting","2","15-Sep-2010","-","17-Sep-2010","25-Sep-2010"
"CRESTANI","Crest Animation Studios Limited","EQ","Annual General Meeting","10","15-Sep-2010","-","17-Sep-2010","24-Sep-2010"
"CREATIVEYE","Creative Eye Limited","EQ","Annual General Meeting","5","15-Sep-2010","-","17-Sep-2010","24-Sep-2010"
"RUBYMILLS","The Ruby Mills Limited","EQ","Annual General Meeting And Final Dividend Rs.4/- Per Share","5","15-Sep-2010","-","17-Sep-2010","24-Sep-2010"
"EDUCOMP","Educomp Solutions Limited","EQ","Annual General Meeting And Dividend Rs.1.75 Per Share","2","16-Sep-2010","-","18-Sep-2010","27-Sep-2010"
"KAVDEFENCE","Kavveri Defence & Wireless Technologies Limited","EQ","Annual General Meeting And Final Dividend Rs.2/- Per Share","10","16-Sep-2010","-","18-Sep-2010","30-Sep-2010"
"KLGSYSTEL","KLG Systel Limited","EQ","Annual General Meeting And Dividend Re.0.50 Per Share","10","16-Sep-2010","-","20-Sep-2010","25-Sep-2010"
"NAHARINDUS","Nahar Industrial Enterprises Limited","EQ","Annual General Meeting And Dividend Re.1/- Per Share","10","16-Sep-2010","-","18-Sep-2010","30-Sep-2010"
"ACCELYA","Accelya Solutions India Limited","EQ","Annual General Meeting And Dividend Rs.2/- Per Share","10","16-Sep-2010","-","20-Sep-2010","28-Sep-2010"
"PANASONIC","Panasonic Appliances India Company Limited","EQ","Annual General Meeting And Dividend Re.1/- Per Share","10","16-Sep-2010","-","18-Sep-2010","24-Sep-2010"
"PIONDIST","Pioneer Distilleries Limited","EQ","Annual General Meeting And Dividend Re.1/- Per Share","10","16-Sep-2010","-","20-Sep-2010","25-Sep-2010"
"MANDHANA","Mandhana Industries Limited","EQ","Annual General Meeting And Final Dividend Re.0.75 Per Share","10","16-Sep-2010","-","18-Sep-2010","27-Sep-2010"
"NICCO","Nicco Corporation Limited","EQ","Annual General Meeting","2","16-Sep-2010","-","18-Sep-2010","28-Sep-2010"
"KHAITANLTD","Khaitan (India) Limited","EQ","Annual General Meeting","10","16-Sep-2010","-","20-Sep-2010","27-Sep-2010"
"PRITHVI","Prithvi Information Solutions Limited","EQ","Annual General Meeting","10","16-Sep-2010","-","20-Sep-2010","29-Sep-2010"
"SHILPAMED","Shilpa Medicare Limited","EQ","Annual General Meeting And Dividend Re.0.70 Per Share","1","16-Sep-2010","-","20-Sep-2010","22-Sep-2010"
"JAIBALAJI","Jai Balaji Industries Limited","EQ","Annual General Meeting And Dividend Re.0.40 Per Share","2","16-Sep-2010","-","18-Sep-2010","22-Sep-2010"
"RICOAUTO","Rico Auto Industries Limited","EQ","Annual General Meeting And Dividend Re.0.15 Per Share","1","16-Sep-2010","-","18-Sep-2010","30-Sep-2010"
"AUTOIND","Autoline Industries Limited","EQ","Annual General Meeting And Dividend Rs.2/- Per Share","10","16-Sep-2010","-","18-Sep-2010","24-Sep-2010"
"ELDERPHARM","Elder Pharmaceuticals Limited","EQ","Dividend-Rs.3/- Per Share","10","16-Sep-2010","-","20-Sep-2010","28-Sep-2010"
"NAHARCAP","Nahar Capital and Financial Services Limited","EQ","Dividend-Rs.1.50 Per Share","5","16-Sep-2010","-","18-Sep-2010","30-Sep-2010"
"NAHARPOLY","Nahar Poly Films Limited","EQ","Dividend-Re.0.35 Per Share","5","16-Sep-2010","-","18-Sep-2010","30-Sep-2010"
"JISLJALEQS","Jain Irrigation Systems Limited","EQ","Annual General Meeting And Dividend Rs.4.50 Per Share","2","16-Sep-2010","-","20-Sep-2010","30-Sep-2010"
"PTC","PTC India Limited","EQ","Annual General Meeting And Dividend Rs.1.20 Per Share","10","16-Sep-2010","-","18-Sep-2010","23-Sep-2010"
"JPPOWER","Jaiprakash Power Ventures Limited","EQ","Annual General Meeting","10","16-Sep-2010","-","18-Sep-2010","24-Sep-2010"
"KAMDHENU","Kamdhenu Limited","EQ","Annual General Meeting","1","16-Sep-2010","-","20-Sep-2010","29-Sep-2010"
"IDEA","Vodafone Idea Limited","EQ","Annual General Meeting","10","16-Sep-2010","-","20-Sep-2010","27-Sep-2010"
"ABGSHIP","ABG Shipyard Limited","EQ","Annual General Meeting And Dividend Rs.4/- Per Share","10","16-Sep-2010","-","20-Sep-2010","30-Sep-2010"
"MANUGRAPH","Manugraph India Limited","EQ","Annual General Meeting And Dividend Re.1/- Per Share","2","16-Sep-2010","-","18-Sep-2010","27-Sep-2010"
"GLENMARK","Glenmark Pharmaceuticals Limited","EQ","Annual General Meeting And Dividend Re.0.40 Per Share","1","16-Sep-2010","-","20-Sep-2010","27-Sep-2010"
"KAKATCEM","Kakatiya Cement Sugar & Industries Limited","EQ","Annual General Meeting And Dividend Rs.2.70 Per Share","10","16-Sep-2010","-","20-Sep-2010","24-Sep-2010"
"APLAB","Aplab Limited","EQ","Annual General Meeting","10","16-Sep-2010","-","18-Sep-2010","24-Sep-2010"
"OIL","Oil India Limited","EQ","Annual General Meeting And Final Dividend Rs.16/- Per Share","10","16-Sep-2010","-","18-Sep-2010","25-Sep-2010"
"PROVOGUE","Provogue (India) Limited","EQ","Annual General Meeting And Dividend Re.0.20 Per Share","2","16-Sep-2010","-","20-Sep-2010","24-Sep-2010"
"APTECHT","Aptech Limited","EQ","Dividend-Re.1/- Per Share","10","16-Sep-2010","-","20-Sep-2010","27-Sep-2010"
"CELEBRITY","Celebrity Fashions Limited","EQ","Annual General Meeting","10","16-Sep-2010","-","20-Sep-2010","24-Sep-2010"
"CHETTINAD","Chettinad Cement Corporation Limited","EQ","Annual General Meeting","10","16-Sep-2010","-","18-Sep-2010","21-Sep-2010"
"JINDALPOLY","Jindal Poly Films Limited","EQ","Annual General Meeting And Dividend Rs.10/- Per Share","10","16-Sep-2010","-","20-Sep-2010","23-Sep-2010"
"SRHHYPOLTD","Sree Rayalaseema Hi-Strength Hypo Limited","EQ","Annual General Meeting","10","16-Sep-2010","-","20-Sep-2010","24-Sep-2010"
"MOHOTAIND","Mohota Industries Limited","EQ","Annual General Meeting","10","16-Sep-2010","-","20-Sep-2010","27-Sep-2010"
"GUJAPOLLO","Gujarat Apollo Industries Limited","EQ","Dividend-Rs.2.50 Per Share","10","16-Sep-2010","-","18-Sep-2010","25-Sep-2010"
"SIMPLEX","Simplex Projects Limited","EQ","Annual General Meeting And Dividend Rs.1.50 Per Share","10","16-Sep-2010","-","18-Sep-2010","22-Sep-2010"
"NITINSPIN","Nitin Spinners Limited","EQ","Annual General Meeting","10","16-Sep-2010","-","18-Sep-2010","25-Sep-2010"
"BGRENERGY","BGR Energy Systems Limited","EQ","Annual General Meeting And Dividend Rs.7/- Per Share","10","16-Sep-2010","-","20-Sep-2010","24-Sep-2010"
"GAEL","Gujarat Ambuja Exports Limited","EQ","Annual General Meeting","1","16-Sep-2010","-","20-Sep-2010","28-Sep-2010"
"GOENKA","Goenka Diamond and Jewels Limited","EQ","Annual General Meeting And Dividend Re.1/- Per Share","1","16-Sep-2010","-","18-Sep-2010","25-Sep-2010"
"HYDROS&S","Hydro S & S Industries Limited","EQ","Annual General Meeting","10","16-Sep-2010","-","18-Sep-2010","23-Sep-2010"
"IL&FSENGG","IL&FS Engineering and Construction Company Limited","EQ","Annual General Meeting (Bc End Date Revised)","10","16-Sep-2010","-","20-Sep-2010","23-Sep-2010"
"CINEVISTA","Cinevista Limited","EQ","Annual General Meeting","2","16-Sep-2010","-","18-Sep-2010","24-Sep-2010"
"TRIGYN","Trigyn Technologies Limited","EQ","Annual General Meeting","10","16-Sep-2010","-","20-Sep-2010","30-Sep-2010"
"KARURVYSYA","Karur Vysya Bank Limited","EQ","Bonus 2:5","2","16-Sep-2010","18-Sep-2010","-","-"
"MADHAV","Madhav Marbles and Granites Limited","EQ","Annual General Meeting And Dividend Re.1/- Per Share","10","16-Sep-2010","-","18-Sep-2010","25-Sep-2010"
"BIRLAPOWER","Birla Power Solutions Limited","EQ","Annual General Meeting And Dividend Re.0.075 Per Share","1","16-Sep-2010","-","20-Sep-2010","20-Sep-2010"
"BRANDHOUSE","Brandhouse Retails Limited","EQ","Annual General Meeting","10","16-Sep-2010","-","18-Sep-2010","28-Sep-2010"
"SICAL","Sical Logistics Limited","EQ","Annual General Meeting","10","16-Sep-2010","-","18-Sep-2010","23-Sep-2010"
"SUNTECK","Sunteck Realty Limited","EQ","Annual General Meeting And Final Dividend Re.0.12 Per Share","1","16-Sep-2010","-","20-Sep-2010","27-Sep-2010"
"SARLAPOLY","Sarla Performance Fibers Limited","EQ","Annual General Meeting And Dividend Rs.3.50 Per Share","1","16-Sep-2010","-","18-Sep-2010","25-Sep-2010"
"HUBTOWN","Hubtown Limited","EQ","Annual General Meeting And Dividend Rs.5/- Per Share","10","16-Sep-2010","-","20-Sep-2010","29-Sep-2010"
"ASIANTILES","Asian Granito India Limited","EQ","Annual General Meeting And Dividend Re.1/- Per Share","10","16-Sep-2010","-","18-Sep-2010","25-Sep-2010"
"PVRINOX","PVR INOX Limited","EQ","Annual General Meeting And Final Dividend Re.1/- Per Share","10","16-Sep-2010","-","20-Sep-2010","27-Sep-2010"
"SANGAMIND","Sangam (India) Limited","EQ","Annual General Meeting And Dividend Re.1/- Per Share","10","16-Sep-2010","-","20-Sep-2010","30-Sep-2010"
"JDORGOCHEM","JD Orgochem Limited","EQ","Annual General Meeting","1","16-Sep-2010","-","20-Sep-2010","24-Sep-2010"
"MUNJALAU","Munjal Auto Industries Limited","EQ","Annual General Meeting And Dividend Rs.5/- Per Share","2","16-Sep-2010","-","18-Sep-2010","25-Sep-2010"
"PPAP","PPAP Automotive Limited","EQ","Annual General Meeting And Dividend Rs.3/- Per Share","10","16-Sep-2010","-","20-Sep-2010","24-Sep-2010"
"RMCL","Radha Madhav Corporation Limited","EQ","Annual Book Closure","10","16-Sep-2010","-","20-Sep-2010","25-Sep-2010"
"BEARDSELL","Beardsell Limited","EQ","Annual General Meeting","2","16-Sep-2010","-","18-Sep-2010","27-Sep-2010"
"PGIL","Pearl Global Industries Limited","EQ","Annual General Meeting","5","16-Sep-2010","-","18-Sep-2010","25-Sep-2010"
"RAMANEWS","Shree Rama Newsprint Limited","EQ","Annual General Meeting","10","16-Sep-2010","-","18-Sep-2010","29-Sep-2010"
"NAHARSPING","Nahar Spinning Mills Limited","EQ","Dividend-Rs.1.50 Per Share","5","16-Sep-2010","-","18-Sep-2010","30-Sep-2010"
"NEPCMICON","NEPC India Limited","EQ","Annual General Meeting","10","16-Sep-2010","-","20-Sep-2010","24-Sep-2010"
"ELECTHERM","Electrotherm (India) Limited","EQ","Annual General Meeting And Dividend Rs.2.50 Per Share","10","16-Sep-2010","-","20-Sep-2010","24-Sep-2010"
"ALMONDZ","Almondz Global Securities Limited","EQ","Annual General Meeting And Dividend Re.0.42 Per Share","1","16-Sep-2010","-","18-Sep-2010","28-Sep-2010"
"BIL","Bhartiya International Limited","EQ","Dividend-Rs.1/- Per Share","10","16-Sep-2010","-","20-Sep-2010","24-Sep-2010"
"TIMETECHNO","Time Technoplast Limited","EQ","Annual General Meeting And Final Dividend Re.0.40 Per Share","1","16-Sep-2010","-","20-Sep-2010","25-Sep-2010"
"INDSWFTLAB","Ind-Swift Laboratories Limited","EQ","Annual General Meeting And Dividend Re.1/- Per Share","10","16-Sep-2010","-","20-Sep-2010","22-Sep-2010"
"LEEL","LEEL Electricals Limited","EQ","Annual General Meeting And Dividend Re.1/- Per Share","10","16-Sep-2010","-","20-Sep-2010","28-Sep-2010"
"MSPL","MSP Steel & Power Limited","EQ","Dividend-Re.0.50 Per Share","10","16-Sep-2010","-","20-Sep-2010","29-Sep-2010"
"KERNEX","Kernex Microsystems (India) Limited","EQ","Annual General Meeting","10","16-Sep-2010","-","19-Sep-2010","24-Sep-2010"
"PANACEABIO","Panacea Biotec Limited","EQ","Annual General Meeting And Dividend Re.0.25 Per Share","1","16-Sep-2010","-","20-Sep-2010","25-Sep-2010"
"POLYPLEX","Polyplex Corporation Limited","EQ","Annual General Meeting And Dividend Rs.8/- Per Share","10","16-Sep-2010","-","20-Sep-2010","25-Sep-2010"
"SHREERAMA","Shree Rama Multi-Tech Limited","EQ","Annual General Meeting","5","16-Sep-2010","-","20-Sep-2010","25-Sep-2010"
"SANGHVIMOV","Sanghvi Movers Limited","EQ","Annual General Meeting And Dividend Rs.3/- Per Share","1","16-Sep-2010","-","18-Sep-2010","27-Sep-2010"
"TRIDENT","Trident Limited","EQ","Annual General Meeting","1","16-Sep-2010","-","18-Sep-2010","25-Sep-2010"
"BROADCAST","Broadcast Initiatives Limited","EQ","Annual General Meeting","10","16-Sep-2010","-","20-Sep-2010","27-Sep-2010"
"SRHHLINDST","SRHHL Industries Limited","EQ","Annual General Meeting","10","16-Sep-2010","-","20-Sep-2010","24-Sep-2010"
"BANCOINDIA","Banco Products (I) Limited","EQ","Annual General Meeting And Dividend Rs.2/- Per Share","2","16-Sep-2010","-","18-Sep-2010","28-Sep-2010"
"FEL","Future Enterprises Limited","EQ","Scheme Of Arrangement","2","17-Sep-2010","20-Sep-2010","-","-"
"GMDCLTD","Gujarat Mineral Development Corporation Limited","EQ","Dividend-Rs.2.50 Per Share","2","17-Sep-2010","-","21-Sep-2010","28-Sep-2010"
"FELDVR","Future Enterprises Limited","EQ","Scheme Of Arrangement","2","17-Sep-2010","20-Sep-2010","-","-"
"SSWL","Steel Strips Wheels Limited","EQ","Annual General Meeting And Dividend Rs.1/- Per Share","1","17-Sep-2010","-","21-Sep-2010","30-Sep-2010"
"ITI","ITI Limited","EQ","Annual General Meeting","10","17-Sep-2010","-","21-Sep-2010","30-Sep-2010"
"JUBLPHARMA","Jubilant Pharmova Limited","EQ","Annual General Meeting And Dividend Rs.2/- Per Share","1","17-Sep-2010","-","21-Sep-2010","28-Sep-2010"
"NSIL","Nalwa Sons Investments Limited","EQ","Annual General Meeting","10","17-Sep-2010","-","21-Sep-2010","24-Sep-2010"
"KHANDSE","Khandwala Securities Limited","EQ","Annual General Meeting","10","17-Sep-2010","-","21-Sep-2010","24-Sep-2010"
"WINSOMEDJ","Winsome Diamonds and Jewellery Limited","EQ","Annual General Meeting And Dividend Re.1/- Per Share","10","17-Sep-2010","-","21-Sep-2010","30-Sep-2010"
"NAGREEKEXP","Nagreeka Exports Limited","EQ","Annual General Meeting","5","17-Sep-2010","-","21-Sep-2010","28-Sep-2010"
"WILLAMAGOR","Williamson Magor & Company Limited","EQ","Annual General Meeting","10","17-Sep-2010","-","21-Sep-2010","29-Sep-2010"
"ISFT","Intrasoft Technologies Limited","EQ","Annual General Meeting And Dividend Re.0.75 Per Share","10","17-Sep-2010","-","21-Sep-2010","28-Sep-2010"
"MAANALU","Maan Aluminium Limited","EQ","Annual General Meeting And Dividend Re.1/- Per Share","5","17-Sep-2010","-","21-Sep-2010","29-Sep-2010"
"BHAGYNAGAR","Bhagyanagar India Limited","EQ","Annual General Meeting And Dividend Re.0.40 Per Share","2","17-Sep-2010","-","21-Sep-2010","24-Sep-2010"
"GRANULES","Granules India Limited","EQ","Annual General Meeting And Dividend Rs.1.25 Per Share","1","17-Sep-2010","-","21-Sep-2010","27-Sep-2010"
"NAGREEKCAP","Nagreeka Capital & Infrastructure Limited","EQ","Annual General Meeting","5","17-Sep-2010","-","21-Sep-2010","28-Sep-2010"
"UCAL","UCAL LIMITED","EQ","Annual General Meeting And Dividend Re.1/- Per Share","10","17-Sep-2010","-","21-Sep-2010","30-Sep-2010"
"SABERORGAN","Sabero Organics Gujarat Limited","EQ","Dividend-Rs.1.20 Per Share","10","17-Sep-2010","-","21-Sep-2010","28-Sep-2010"
"DLF","DLF Limited","EQ","Annual General Meeting And Dividend Rs.2/- Per Share","2","17-Sep-2010","-","21-Sep-2010","28-Sep-2010"
"PATINTLOG","Patel Integrated Logistics Limited","EQ","Annual General Meeting And Dividend Re.1/- Per Share","10","17-Sep-2010","-","21-Sep-2010","28-Sep-2010"
"PARABDRUGS","Parabolic Drugs Limited","EQ","Annual Book Closure","10","17-Sep-2010","-","21-Sep-2010","28-Sep-2010"
"LOKESHMACH","Lokesh Machines Limited","EQ","Annual General Meeting And Dividend Re.1/- Per Share","10","17-Sep-2010","-","21-Sep-2010","28-Sep-2010"
"LCCINFOTEC","LCC Infotech Limited","EQ","Annual General Meeting","2","17-Sep-2010","-","21-Sep-2010","28-Sep-2010"
"ANSALHSG","Ansal Housing Limited","EQ","Dividend-Re.0.80 Per Share","10","17-Sep-2010","-","21-Sep-2010","27-Sep-2010"
"BLUEBIRD","Blue Bird (India) Limited","EQ","Annual General Meeting","10","17-Sep-2010","-","21-Sep-2010","30-Sep-2010"
"ALPHAGEO","Alphageo (India) Limited","EQ","Annual General Meeting And Final Dividend Rs.1.50 Per Share","10","17-Sep-2010","-","21-Sep-2010","24-Sep-2010"
"MIRZAINT","Mirza International Limited","EQ","Annual General Meeting And Dividend Re.0.40 Per Share","2","17-Sep-2010","-","21-Sep-2010","29-Sep-2010"
"GRANDFONRY","Grand Foundry Limited","EQ","Annual General Meeting","10","17-Sep-2010","-","21-Sep-2010","29-Sep-2010"
"SURANAT&P","Surana Telecom and Power Limited","EQ","Dividend-Re.0.50 Per Share","1","17-Sep-2010","-","21-Sep-2010","24-Sep-2010"
"PHOENIXLTD","The Phoenix Mills Limited","EQ","Annual General Meeting And Final Dividend Rs.1.20 Per Share","2","17-Sep-2010","-","21-Sep-2010","28-Sep-2010"
"JCTEL","JCT Electronics Limited","EQ","Annual General Meeting","1","17-Sep-2010","-","21-Sep-2010","28-Sep-2010"
"PEARLPOLY","Pearl Polymers Limited","EQ","Annual General Meeting","10","17-Sep-2010","-","21-Sep-2010","28-Sep-2010"
"AHLEAST","Asian Hotels (East) Limited","EQ","Annual General Meeting And Dividend Rs.3/- Per Share","10","20-Sep-2010","-","22-Sep-2010","29-Sep-2010"
"KLRF","KLRF Limited","EQ","Annual General Meeting","10","20-Sep-2010","-","22-Sep-2010","29-Sep-2010"
"GUFICBIO","Gufic Biosciences Limited","EQ","Annual General Meeting And Dividend Re.0.05 Per Share","1","20-Sep-2010","-","22-Sep-2010","30-Sep-2010"
"NARMADASUG","Girdharilal Sugar and Allied Industries Limited","EQ","Annual General Meeting","10","20-Sep-2010","-","22-Sep-2010","29-Sep-2010"
"TEXMOPIPES","Texmo Pipes and Products Limited","EQ","Annual General Meeting","10","20-Sep-2010","-","22-Sep-2010","25-Sep-2010"
"HSCL","Himadri Speciality Chemical Limited","EQ","Annual General Meeting And Dividend Re.1/- Per Share","1","20-Sep-2010","-","22-Sep-2010","28-Sep-2010"
"KOPRAN","Kopran Limited","EQ","Annual General Meeting","10","20-Sep-2010","-","22-Sep-2010","25-Sep-2010"
"FIRSTWIN","First Winner Industries Limited","EQ","Annual General Meeting And Dividend Re.0.50 Per Share","10","20-Sep-2010","-","22-Sep-2010","27-Sep-2010"
"TGBHOTELS","TGB Banquets And Hotels Limited","EQ","Annual General Meeting And Dividend Re.1/- Per Share","10","20-Sep-2010","-","22-Sep-2010","29-Sep-2010"
"SURYALAXMI","Suryalakshmi Cotton Mills Limited","EQ","Annual General Meeting And Dividend Re.1/- Per Share","10","20-Sep-2010","-","22-Sep-2010","29-Sep-2010"
"LAKPRE","Lakshmi Precision Screws Limited","EQ","Dividend-Re.1/- Per Share","10","20-Sep-2010","-","22-Sep-2010","29-Sep-2010"
"POCHIRAJU","Pochiraju Industries Limited","EQ","Annual General Meeting","10","20-Sep-2010","-","22-Sep-2010","28-Sep-2010"
"KAUSHALYA","Kaushalya Infrastructure Development Corporation Limited","EQ","Annual General Meeting","1000","20-Sep-2010","-","22-Sep-2010","29-Sep-2010"
"HATHWAY","Hathway Cable & Datacom Limited","EQ","Annual General Meeting","2","20-Sep-2010","-","22-Sep-2010","28-Sep-2010"
"BLBLIMITED","BLB Limited","EQ","Annual General Meeting","1","20-Sep-2010","-","22-Sep-2010","22-Sep-2010"
"ADSL","Allied Digital Services Limited","EQ","Annual General Meeting And Dividend Re.1/- Per Share","5","20-Sep-2010","-","22-Sep-2010","29-Sep-2010"
"ZENITHEXPO","Zenith Exports Limited","EQ","Annual General Meeting","10","20-Sep-2010","-","22-Sep-2010","29-Sep-2010"
"ALLIEDRES","Allied Resins and Chemicals Limited","EQ","Annual General Meeting","10","20-Sep-2010","-","22-Sep-2010","29-Sep-2010"
"DSKULKARNI","DS Kulkarni Developers Limited","EQ","Annual General Meeting And Dividend Re.1/- Per Share","10","20-Sep-2010","-","22-Sep-2010","29-Sep-2010"
"DYNACONS","Dynacons Systems & Solutions Limited","EQ","Annual General Meeting","2","20-Sep-2010","-","22-Sep-2010","28-Sep-2010"
"ALCHEM","Alchemist Limited","EQ","Annual General Meeting And Dividend Rs.2/- Per Share","10","20-Sep-2010","-","22-Sep-2010","28-Sep-2010"
"SUPPETRO","Supreme Petrochem Limited","EQ","Dividend-Rs.1.80 Per Share","10","20-Sep-2010","-","22-Sep-2010","06-Oct-2010"
"AUTOLITIND","Autolite (India) Limited","EQ","Annual General Meeting","10","20-Sep-2010","-","22-Sep-2010","28-Sep-2010"
"EDL","Empee Distilleries Limited","EQ","Annual General Meeting And Dividend Rs.6/- Per Share","10","20-Sep-2010","-","22-Sep-2010","29-Sep-2010"
"SCI","Shipping Corporation Of India Limited","EQ","Annual General Meeting And Final Dividend Rs.5/- Per Share","10","20-Sep-2010","-","22-Sep-2010","29-Sep-2010"
"ANSALAPI","Ansal Properties & Infrastructure Limited","EQ","Annual General Meeting And Dividend Re.0.50 Per Share","5","20-Sep-2010","-","22-Sep-2010","29-Sep-2010"
"TARMAT","Tarmat Limited","EQ","Annual General Meeting And Dividend Re.1/- Per Share","10","20-Sep-2010","-","22-Sep-2010","27-Sep-2010"
"SEMAC","Semac Construction Limited","EQ","Annual General Meeting","10","20-Sep-2010","-","22-Sep-2010","29-Sep-2010"
"AUTORIDFIN","Autoriders Finance Limited","EQ","Annual General Meeting (Bc Start Date Revised)","10","20-Sep-2010","-","22-Sep-2010","29-Sep-2010"
"OLECTRA","Olectra Greentech Limited","EQ","Annual General Meeting And Dividend Re.0.20 Per Share","4","20-Sep-2010","-","22-Sep-2010","29-Sep-2010"
"BODHTREE","Bodhtree Consulting Limited","EQ","Annual General Meeting And Dividend Rs.1.20/- Per Share","10","20-Sep-2010","-","22-Sep-2010","29-Sep-2010"
"HBLENGINE","HBL Engineering Limited","EQ","Annual General Meeting And Dividend Re.0.30 Per Share","1","20-Sep-2010","-","22-Sep-2010","27-Sep-2010"
"CYBERMEDIA","Cyber Media (India) Limited","EQ","Annual General Meeting","10","20-Sep-2010","-","22-Sep-2010","29-Sep-2010"
"AMDIND","AMD Industries Limited","EQ","Annual General Meeting And Final Dividend Re.1/- Per Share","10","20-Sep-2010","-","22-Sep-2010","24-Sep-2010"
"TWILITAKA","Twilight Litaka Pharma Limited","EQ","Annual General Meeting And Dividend Rs.1.50 Per Share","5","20-Sep-2010","-","22-Sep-2010","25-Sep-2010"
"ESSAROIL","Essar Oil Limited","EQ","Annual General Meeting","10","20-Sep-2010","-","22-Sep-2010","24-Sep-2010"
"SKUMARSYNF","S. Kumars Nationwide Limited","EQ","Annual General Meeting","10","20-Sep-2010","-","22-Sep-2010","28-Sep-2010"
"TAINWALCHM","Tainwala Chemical and Plastic (I) Limited","EQ","Annual General Meeting","10","20-Sep-2010","-","22-Sep-2010","28-Sep-2010"
"HMT","HMT Limited","EQ","Annual General Meeting","10","20-Sep-2010","-","22-Sep-2010","29-Sep-2010"
"MUKTAARTS","Mukta Arts Limited","EQ","Annual General Meeting","5","21-Sep-2010","-","23-Sep-2010","30-Sep-2010"
"GRABALALK","Grabal Alok Impex Limited","EQ","Annual General Meeting And Dividend Re.0.80 Per Share","10","21-Sep-2010","-","23-Sep-2010","30-Sep-2010"
"MANGALAM","Mangalam Drugs And Organics Limited","EQ","Annual General Meeting","10","21-Sep-2010","-","23-Sep-2010","30-Sep-2010"
"ROHITFERRO","Rohit Ferro-Tech Limited","EQ","Annual General Meeting And Dividend Re.0.50 Per Share","10","21-Sep-2010","-","23-Sep-2010","27-Sep-2010"
"RAMSARUP","Ramsarup Industries Limited","EQ","Annual General Meeting","10","21-Sep-2010","-","23-Sep-2010","27-Sep-2010"
"KNRCON","KNR Constructions Limited","EQ","Annual General Meeting And Dividend Rs.2/- Per Share","2","21-Sep-2010","-","23-Sep-2010","29-Sep-2010"
"AMARJOTHI","Amarjothi Spinning Mills Limited","EQ","Annual General Meeting And Dividend Rs 1.80 Per Share","10","21-Sep-2010","-","23-Sep-2010","29-Sep-2010"
"PVP","PVP Ventures Limited","EQ","Annual General Meeting","10","21-Sep-2010","-","23-Sep-2010","30-Sep-2010"
"ICDSLTD","ICDS Limited","EQ","Annual General Meeting","10","21-Sep-2010","-","23-Sep-2010","27-Sep-2010"
"IRB","IRB Infrastructure Developers Limited","EQ","Annual General Meeting And Dividend Rs.1.50 Per Share","1","21-Sep-2010","-","23-Sep-2010","27-Sep-2010"
"GANESHHOU","GANESH HOUSING LIMITED","EQ","Annual General Meeting And Dividend Rs.1.80 Per Share","10","21-Sep-2010","-","23-Sep-2010","30-Sep-2010"
"LIBERTSHOE","Liberty Shoes Limited","EQ","Annual General Meeting","10","21-Sep-2010","-","23-Sep-2010","27-Sep-2010"
"ANKURDRUGS","Ankur Drugs And Pharma Limited","EQ","Annual General Meeting And Dividend Rs.2.25 Per Share","10","21-Sep-2010","-","23-Sep-2010","30-Sep-2010"
"BURNPUR","Burnpur Cement Limited","EQ","Annual General Meeting","10","21-Sep-2010","-","23-Sep-2010","29-Sep-2010"
"DELTACORP","Delta Corp Limited","EQ","Annual General Meeting And Dividend Re.0.25 Per Share","1","21-Sep-2010","-","23-Sep-2010","27-Sep-2010"
"FCSSOFT","FCS Software Solutions Limited","EQ","Annual General Meeting","1","21-Sep-2010","-","23-Sep-2010","27-Sep-2010"
"AMAR","Amar Remedies Limited","EQ","Annual General Meeting And Dividend Re.1/- Per Share","10","21-Sep-2010","-","23-Sep-2010","30-Sep-2010"
"PFOCUS","Prime Focus Limited","EQ","Annual General Meeting","1","21-Sep-2010","-","23-Sep-2010","30-Sep-2010"
"ANTGRAPHIC","Antarctica Limited","EQ","Annual General Meeting","1","21-Sep-2010","-","23-Sep-2010","29-Sep-2010"
"METKORE","Metkore Alloys & Industries Limited","EQ","Annual General Meeting","2","21-Sep-2010","-","23-Sep-2010","29-Sep-2010"
"OPTOCIRCUI","Opto Circuits (India) Limited","EQ","Annual General Meeting And Dividend Rs.4/- Per Share","10","21-Sep-2010","-","23-Sep-2010","28-Sep-2010"
"QUINTEGRA","Quintegra Solutions Limited","EQ","Annual General Meeting","10","21-Sep-2010","-","23-Sep-2010","30-Sep-2010"
"MANGCHEFER","Mangalore Chemicals & Fertilizers Limited","EQ","Annual General Meeting And Dividend Re.1/- Per Share","10","21-Sep-2010","-","23-Sep-2010","29-Sep-2010"
"SHYAMTEL","Shyam Telecom Limited","EQ","Annual General Meeting","10","21-Sep-2010","-","23-Sep-2010","27-Sep-2010"
"CAROLINFO","Carol Info Services Limited","EQ","Annual General Meeting And Dividend Rs.2/- Per Share","10","21-Sep-2010","-","23-Sep-2010","30-Sep-2010"
"NCLIND","NCL Industries Limited","EQ","Annual General Meeting And Dividend Re.1/- Per Share","10","21-Sep-2010","-","23-Sep-2010","30-Sep-2010"
"KSCL","Kaveri Seed Company Limited","EQ","Annual General Meeting And Dividend Rs.2/- Per Share","2","21-Sep-2010","-","23-Sep-2010","27-Sep-2010"
"ATLASCYCLE","Atlas Cycles (Haryana) Limited","EQ","Annual General Meeting / Dividend Rs.4.50 Per Share","5","21-Sep-2010","-","23-Sep-2010","30-Sep-2010"
"BLUECOAST","Blue Coast Hotels Limited","EQ","Annual General Meeting","10","21-Sep-2010","-","23-Sep-2010","29-Sep-2010"
"ECEIND","ECE Industries Limited","EQ","Dividend-Re.0.25 Per Share","10","21-Sep-2010","-","23-Sep-2010","30-Sep-2010"
"EDSERV","Edserv Softsystems Limited","EQ","Annual General Meeting And Dividend Rs.3/- Per Share","10","21-Sep-2010","-","23-Sep-2010","29-Sep-2010"
"ENTEGRA","Entegra Limited","EQ","Annual General Meeting","10","21-Sep-2010","-","23-Sep-2010","24-Sep-2010"
"STCINDIA","The State Trading Corporation of India Limited","EQ","Annual General Meeting And Dividend Rs.2.25 Per Share","10","21-Sep-2010","-","23-Sep-2010","27-Sep-2010"
"ZYLOG","Zylog Systems Limited","EQ","Dividend-Rs.6/- Per Share","5","21-Sep-2010","-","23-Sep-2010","30-Sep-2010"
"ATLANTAA","ATLANTAA LIMITED","EQ","Annual General Meeting And Dividend Re.1/- Per Share","2","21-Sep-2010","-","23-Sep-2010","30-Sep-2010"
"GKB","GKB Ophthalmics Limited","EQ","Annual General Meeting And Dividend Of Rs.1.20 Per Share","10","21-Sep-2010","-","23-Sep-2010","30-Sep-2010"
"PARAL","Parekh Aluminex Limited","EQ","Dividend-Rs.3/- Per Share","10","21-Sep-2010","-","23-Sep-2010","30-Sep-2010"
"ARCHIDPLY","Archidply Industries Limited","EQ","Annual General Meeting","10","21-Sep-2010","-","23-Sep-2010","29-Sep-2010"
"RAJOIL","Raj Oil Mills Limited","EQ","Annual General Meeting","10","21-Sep-2010","-","23-Sep-2010","30-Sep-2010"
"TRICOM","Tricom India Limited","EQ","Annual General Meeting And Dividend Re.0.24 Per Share","2","21-Sep-2010","-","23-Sep-2010","30-Sep-2010"
"AJMERA","Ajmera Realty & Infra India Limited","EQ","Annual General Meeting And Dividend Rs.1.10 Per Share","2","21-Sep-2010","-","23-Sep-2010","29-Sep-2010"
"ATNINTER","ATN International Limited","EQ","Annual General Meeting","4","21-Sep-2010","-","23-Sep-2010","30-Sep-2010"
"KWALITY","kwality limited","EQ","Annual General Meeting And Dividend Re.0.10 Per Share","1","21-Sep-2010","-","23-Sep-2010","27-Sep-2010"
"PARACABLES","Paramount Communications Limited","EQ","Annual General Meeting","2","21-Sep-2010","-","23-Sep-2010","27-Sep-2010"
"NKIND","NK Industries Limited","EQ","Annual General Meeting","10","21-Sep-2010","-","23-Sep-2010","30-Sep-2010"
"JENSONICOL","Jenson & Nicholson (India) Limited","EQ","Annual General Meeting","2","21-Sep-2010","-","23-Sep-2010","29-Sep-2010"
"ANDHRSUGAR","The Andhra Sugars Limited","EQ","Annual General Meeting And Dividend Rs.5/- Per Share","2","21-Sep-2010","-","23-Sep-2010","29-Sep-2010"
"TATASTLBSL","Tata Steel Bsl Limited","EQ","Annual General Meeting / Dividend Rs.2.50 Per Share And Face Value Split From Rs.10/- To Rs.2/-","2","21-Sep-2010","-","23-Sep-2010","25-Sep-2010"
"CYBERTECH","Cybertech Systems And Software Limited","EQ","Annual General Meeting And Dividend Re.1/- Per Share","10","21-Sep-2010","-","23-Sep-2010","30-Sep-2010"
"LUMAXAUTO","Lumax Automotive Systems Limited","EQ","Annual General Meeting","10","21-Sep-2010","-","23-Sep-2010","30-Sep-2010"
"JAGSNPHARM","Jagsonpal Pharmaceuticals Limited","EQ","Annual General Meeting And Dividend Re.0.50 Per Share","2","21-Sep-2010","-","23-Sep-2010","25-Sep-2010"
"KGL","Karuturi Global Limited","EQ","Annual General Meeting And Dividend Re.0.10 Per Share","1","21-Sep-2010","-","23-Sep-2010","25-Sep-2010"
"MASTEK","Mastek Limited","EQ","Annual General Meeting And Final Dividend Rs.1.25 Per Share","5","21-Sep-2010","-","23-Sep-2010","01-Oct-2010"
"ASTRAMICRO","Astra Microwave Products Limited","EQ","Annual General Meeting And Dividend Re.0.50 Per Share","2","21-Sep-2010","-","23-Sep-2010","30-Sep-2010"
"UNITDSPR","United Spirits Limited","EQ","Annual General Meeting And Dividend Rs.2.50 Per Share","2","21-Sep-2010","-","23-Sep-2010","29-Sep-2010"
"DIGISPICE","DiGiSPICE Technologies Limited","EQ","Annual General Meeting And Dividend Rs.1.50 Per Share","3","21-Sep-2010","-","23-Sep-2010","29-Sep-2010"
"PSL","PSL Limited","EQ","Annual General Meeting And Final Dividend Rs.1.50 Per Share","10","22-Sep-2010","-","24-Sep-2010","30-Sep-2010"
"MOTOGENFIN","The Motor & General Finance Limited","EQ","Annual General Meeting And Dividend Rs.2/- Per Share","5","22-Sep-2010","-","24-Sep-2010","29-Sep-2010"
"POLARIND","Polar Industries Limited","EQ","Annual General Meeting","10","22-Sep-2010","-","24-Sep-2010","24-Sep-2010"
"OSWALAGRO","Oswal Agro Mills Limited","EQ","Annual General Meeting","10","22-Sep-2010","-","24-Sep-2010","30-Sep-2010"
"SABTN","Sri Adhikari Brothers Television Network Limited","EQ","Annual General Meeting And Dividend Re.0.60 Per Share","10","22-Sep-2010","-","24-Sep-2010","29-Sep-2010"
"SHREEASHTA","Shree Ashtavinayak Cine Vision Limited","EQ","Annual General Meeting And Final Dividend Re.0.02 Per Share","1","22-Sep-2010","-","24-Sep-2010","29-Sep-2010"
"SITASHREE","Sita Shree Food Products Limited","EQ","Annual General Meeting","10","22-Sep-2010","-","24-Sep-2010","30-Sep-2010"
"NITESHEST","NEL Holdings Limited","EQ","Annual General Meeting","10","22-Sep-2010","-","24-Sep-2010","29-Sep-2010"
"MBECL","Mcnally Bharat Engineering Company Limited","EQ","Annual General Meeting And Dividend Rs.1.50 Per Share","10","22-Sep-2010","-","24-Sep-2010","30-Sep-2010"
"GEINDSYS","GEI Industrial Systems Limited","EQ","Annual General Meeting And Dividend Re.1/- Per Share","10","22-Sep-2010","-","24-Sep-2010","30-Sep-2010"
"EMBDL","Embassy Developments Limited","EQ","Annual General Meeting","2","22-Sep-2010","-","24-Sep-2010","30-Sep-2010"
"PRIMESECU","Prime Securities Limited","EQ","Annual General Meeting","5","22-Sep-2010","-","24-Sep-2010","30-Sep-2010"
"ARCHIES","Archies Limited","EQ","Annual General Meeting And Final Dividend Rs.2/- Per Share","2","22-Sep-2010","-","24-Sep-2010","30-Sep-2010"
"PIONEEREMB","Pioneer Embroideries Limited","EQ","Annual General Meeting","10","22-Sep-2010","-","24-Sep-2010","28-Sep-2010"
"OSWALGREEN","Oswal Greentech Limited","EQ","Annual General Meeting","10","22-Sep-2010","-","24-Sep-2010","30-Sep-2010"
"JINDALPHOT","Jindal Photo Limited","EQ","Dividend-Re.1/- Per Share","10","22-Sep-2010","-","24-Sep-2010","29-Sep-2010"
"KOUTONS","Koutons Retail India Limited","EQ","Annual General Meeting And Dividend Re.0.20 Per Share","10","22-Sep-2010","-","24-Sep-2010","30-Sep-2010"
"EMMBI","Emmbi Industries Limited","EQ","Annual General Meeting","10","22-Sep-2010","-","24-Sep-2010","30-Sep-2010"
"SHIVAMAUTO","Shivam Autotech Limited","EQ","Annual General Meeting And Dividend Rs.1.50 Per Share","2","22-Sep-2010","-","24-Sep-2010","29-Sep-2010"
"GLORY","Glory Polyfilms Limited","EQ","Annual General Meeting","10","22-Sep-2010","-","24-Sep-2010","29-Sep-2010"
"FIEMIND","Fiem Industries Limited","EQ","Annual General Meeting And Dividend Rs.2.50 Per Share","10","22-Sep-2010","-","24-Sep-2010","30-Sep-2010"
"CONSOFINVT","Consolidated Finvest & Holdings Limited","EQ","Dividend-Re.0.50 Pr Share","10","22-Sep-2010","-","24-Sep-2010","28-Sep-2010"
"BANG","Bang Overseas Limited","EQ","Annual General Meeting","10","22-Sep-2010","-","24-Sep-2010","30-Sep-2010"
"GEODESIC","Geodesic Limited","EQ","Annual General Meeting And Dividend Re.1/- Per Share","2","22-Sep-2010","-","24-Sep-2010","28-Sep-2010"
"PANORAMUNI","Panoramic Universal Limited","EQ","Annual General Meeting","5","22-Sep-2010","-","24-Sep-2010","28-Sep-2010"
"REISIXTEN","REI Six Ten Retail Limited","EQ","Annual General Meeting And Final Dividend Re.0.20 Per Share","2","22-Sep-2010","-","24-Sep-2010","24-Sep-2010"
"ROHLTD","Royal Orchid Hotels Limited","EQ","Annual General Meeting","10","22-Sep-2010","-","24-Sep-2010","24-Sep-2010"
"EUROMULTI","Euro Multivision Limited","EQ","Annual General Meeting","10","22-Sep-2010","-","24-Sep-2010","30-Sep-2010"
"63MOONS","63 moons technologies limited","EQ","Annual General Meeting And Final Dividend Rs.2/- Per Share","2","22-Sep-2010","-","24-Sep-2010","29-Sep-2010"
"PALRED","Palred Technologies Limited","EQ","Annual General Meeting","5","22-Sep-2010","-","24-Sep-2010","28-Sep-2010"
"DBREALTY","Valor Estate Limited","EQ","Annual General Meeting","10","22-Sep-2010","-","24-Sep-2010","29-Sep-2010"
"21STCENMGM","21st Century Management Services Limited","EQ","Annual General Meeting","10","22-Sep-2010","-","24-Sep-2010","27-Sep-2010"
"MALWACOTT","Malwa Cotton Spg. Mills Limited","EQ","Annual General Meeting","10","22-Sep-2010","-","24-Sep-2010","25-Sep-2010"
"SGL","STL Global Limited","EQ","Annual General Meeting","10","22-Sep-2010","-","24-Sep-2010","30-Sep-2010"
"ASIANHOTNR","Asian Hotels (North) Limited","EQ","Dividend-Rs.5/- Per Share","10","22-Sep-2010","-","24-Sep-2010","28-Sep-2010"
"UNIVAFOODS","Univa Foods Limited","EQ","Annual General Meeting","10","22-Sep-2010","-","24-Sep-2010","29-Sep-2010"
"RTNPOWER","RattanIndia Power Limited","EQ","Annual General Meeting","10","22-Sep-2010","-","24-Sep-2010","30-Sep-2010"
"REIAGROLTD","Rei Agro Limited","EQ","Annual General Meeting And Final Dividend Re.0.20 Per Share","1","22-Sep-2010","-","24-Sep-2010","24-Sep-2010"
"VIPUL","Vipul Limited","EQ","Annual General Meeting And Dividend Re.0.125 Per Share","1","22-Sep-2010","-","24-Sep-2010","30-Sep-2010"
"AMLSTEEL","AML Steel Limited","EQ","Annual General Meeting","10","22-Sep-2010","-","24-Sep-2010","30-Sep-2010"
"ARENTERP","Rajdarshan Industries Limited","EQ","Annual General Meeting","10","22-Sep-2010","-","24-Sep-2010","30-Sep-2010"
"HILTON","Hilton Metal Forging Limited","EQ","Annual General Meeting And Dividend Re.0.25 Per Share","10","22-Sep-2010","-","24-Sep-2010","30-Sep-2010"
"JINDCOT","Jindal Cotex Limited","EQ","Annual General Meeting","10","22-Sep-2010","-","24-Sep-2010","28-Sep-2010"
"MARKSANS","Marksans Pharma Limited","EQ","Annual General Meeting","1","22-Sep-2010","-","24-Sep-2010","28-Sep-2010"
"PARASPETRO","Paras Petrofils Limited","EQ","Annual General Meeting","1","22-Sep-2010","-","24-Sep-2010","30-Sep-2010"
"GULFPETRO","GP Petroleums Limited","EQ","Annual General Meeting And Dividend Re.0.01 Per Share","5","22-Sep-2010","-","24-Sep-2010","30-Sep-2010"
"SORILINFRA","SORIL Infra Resources Limited","EQ","Annual General Meeting","10","22-Sep-2010","-","24-Sep-2010","30-Sep-2010"
"ORGINFO","ORG Informatics Limited","EQ","Annual General Meeting","10","22-Sep-2010","-","24-Sep-2010","30-Sep-2010"
"CLUTCHAUTO","Clutch Auto Limited","EQ","Annual General Meeting","10","23-Sep-2010","-","25-Sep-2010","29-Sep-2010"
"TARAPUR","Tarapur Transformers Limited","EQ","Annual General Meeting And Dividend Re.0.50 Per Share","10","23-Sep-2010","-","27-Sep-2010","30-Sep-2010"
"ZICOM","Zicom Electronic Security Systems Limited","EQ","Annual General Meeting And Dividend Rs.5/- Per Share","10","23-Sep-2010","-","25-Sep-2010","29-Sep-2010"
"CORDSCABLE","Cords Cable Industries Limited","EQ","Annual General Meeting And Dividend Rs.1/- Per Share","10","23-Sep-2010","-","25-Sep-2010","30-Sep-2010"
"TANLA","Tanla Platforms Limited","EQ","Annual General Meeting And Dividend Re.0.10 Per Share","1","23-Sep-2010","-","25-Sep-2010","30-Sep-2010"
"GOLDTECH","AION-TECH SOLUTIONS LIMITED","EQ","Annual General Meeting","10","23-Sep-2010","-","25-Sep-2010","29-Sep-2010"
"COREEDUTEC","CORE Education & Technologies Limited","EQ","Annual General Meeting And Dividend Re.0.60 Per Share","2","23-Sep-2010","-","27-Sep-2010","30-Sep-2010"
"NOVAIRNSTL","Nova Iron & Steel Limited","EQ","Annual General Meeting","10","23-Sep-2010","-","26-Sep-2010","08-Oct-2010"
"ORIENTALTL","Oriental Trimex Limited","EQ","Annual General Meeting","10","23-Sep-2010","-","25-Sep-2010","28-Sep-2010"
"PADMALAYAT","Padmalaya Telefilms Limited","EQ","Annual General Meeting","10","23-Sep-2010","-","26-Sep-2010","30-Sep-2010"
"AFTEK","Aftek Limited","EQ","Annual General Meeting","2","23-Sep-2010","-","25-Sep-2010","29-Sep-2010"
"ASIL","Amit Spinning Industries Limited","EQ","Annual General Meeting","5","23-Sep-2010","-","27-Sep-2010","29-Sep-2010"
"SIRPAPER","The Sirpur Paper Mills Limited","EQ","Annual General Meeting","10","23-Sep-2010","-","25-Sep-2010","30-Sep-2010"
"CTE","Cambridge Technology Enterprises Limited","EQ","Annual General Meeting","10","23-Sep-2010","-","25-Sep-2010","30-Sep-2010"
"TELEDATAGL","Teledata Informatics Limited","EQ","Annual General Meeting","2","23-Sep-2010","-","27-Sep-2010","30-Sep-2010"
"KRISHNAENG","Krishna Engineering Works Limited","EQ","Annual General Meeting","10","23-Sep-2010","-","25-Sep-2010","27-Sep-2010"
"PRAENG","Prajay Engineers Syndicate Limited","EQ","Annual General Meeting","10","23-Sep-2010","-","25-Sep-2010","30-Sep-2010"
"GAMMONIND","Gammon India Limited","EQ","Dividend-Re.0.60 Per Share","2","23-Sep-2010","-","27-Sep-2010","28-Sep-2010"
"KSERASERA","KSS Limited","EQ","Annual General Meeting","1","23-Sep-2010","-","25-Sep-2010","30-Sep-2010"
"PNC","Pritish Nandy Communications Limited","EQ","Annual General Meeting","10","23-Sep-2010","-","25-Sep-2010","30-Sep-2010"
"RUCHINFRA","Ruchi Infrastructure Limited","EQ","Annual General Meeting And Dividend Re.0.08 Per Share","1","23-Sep-2010","-","27-Sep-2010","30-Sep-2010"
"RUCHISOYA","Ruchi Soya Industries Limited","EQ","Dividend-Re.0.50 Per Share","2","23-Sep-2010","-","27-Sep-2010","30-Sep-2010"
"TODAYS","Todays Writing Instruments Limited","EQ","Annual General Meeting","10","23-Sep-2010","-","25-Sep-2010","29-Sep-2010"
"VISESHINFO","Visesh Infotecnics Limited","EQ","Annual General Meeting","1","23-Sep-2010","-","25-Sep-2010","29-Sep-2010"
"SANWARIA","Sanwaria Consumer Limited","EQ","Annual General Meeting And Final Dividend Re.0.20 Per Share (Purpose Revised)","1","23-Sep-2010","-","25-Sep-2010","30-Sep-2010"
"MARG","Marg Limited","EQ","Annual General Meeting And Dividend Rs.2 Per Share","10","23-Sep-2010","-","25-Sep-2010","30-Sep-2010"
"PGHH","Procter & Gamble Hygiene and Health Care Limited","EQ","Annual General Meeting And Dividend Rs.22.50 Per Share","10","23-Sep-2010","-","25-Sep-2010","08-Oct-2010"
"JAINSTUDIO","Jain Studios Limited","EQ","Annual General Meeting","10","23-Sep-2010","-","25-Sep-2010","29-Sep-2010"
"KIRIINDUS","Kiri Industries Limited","EQ","Annual General Meeting And Dividend Rs.1.50 Per Share","10","23-Sep-2010","-","25-Sep-2010","30-Sep-2010"
"KNDENGTECH","KND Engineering Technologies Limited","EQ","Annual General Meeting","10","23-Sep-2010","-","25-Sep-2010","30-Sep-2010"
"KRISNAFILA","Krishna Filaments Limited","EQ","Annual General Meeting","10","23-Sep-2010","-","27-Sep-2010","30-Sep-2010"
"KSOILS","K S Oils Limited","EQ","Annual General Meeting And Dividend Re.0.18 Per Share","1","23-Sep-2010","-","26-Sep-2010","30-Sep-2010"
"MAHAPEXLTD","Maha Rashtra Apex Corporation Limited","EQ","Annual General Meeting","10","23-Sep-2010","-","27-Sep-2010","29-Sep-2010"
"PRUDMOULI","Prudential Sugar Corporation Limited","EQ","Annual General Meeting","10","23-Sep-2010","-","26-Sep-2010","30-Sep-2010"
"SB&TINTL","SB&T International Limited","EQ","Annual General Meeting And Dividend Re.0.10 Per Share","10","23-Sep-2010","-","25-Sep-2010","30-Sep-2010"
"MCDHOLDING","McDowell Holdings Limited","EQ","Annual General Meeting","10","23-Sep-2010","-","27-Sep-2010","29-Sep-2010"
"MAHSEAMLES","Maharashtra Seamless Limited","EQ","Annual General Meeting And Dividend Rs.6/- Per Share","5","23-Sep-2010","-","25-Sep-2010","30-Sep-2010"
"INDUSFILA","Indus Fila Limited","EQ","Annual General Meeting","10","23-Sep-2010","-","27-Sep-2010","28-Sep-2010"
"KFA","Kingfisher Airlines Limited","EQ","Annual General Meeting","10","23-Sep-2010","-","27-Sep-2010","30-Sep-2010"
"MURLIIND","Murli Industries Limited","EQ","Annual General Meeting And Dividend Re.0.40 Per Share","2","23-Sep-2010","-","25-Sep-2010","29-Sep-2010"
"NATCOPHARM","Natco Pharma Limited","EQ","Annual General Meeting","2","23-Sep-2010","-","27-Sep-2010","30-Sep-2010"
"MADHUCON","Madhucon Projects Limited","EQ","Annual General Meeting And Dividend Re.0.40 Per Share","1","23-Sep-2010","-","25-Sep-2010","30-Sep-2010"
"FACT","Fertilizers and Chemicals Travancore Limited","EQ","Annual General Meeting","10","23-Sep-2010","-","27-Sep-2010","29-Sep-2010"
"OMAXAUTO","Omax Autos Limited","EQ","Annual General Meeting And Dividend Rs.1.50 Per Share","10","23-Sep-2010","-","27-Sep-2010","30-Sep-2010"
"SMSPHARMA","SMS Pharmaceuticals Limited","EQ","Annual General Meeting And Dividend Re.1/- Per Share","1","23-Sep-2010","-","25-Sep-2010","29-Sep-2010"
"PBAINFRA","PBA Infrastructure Limited","EQ","Annual General Meeting And Dividend Rs.2/- Per Share","10","23-Sep-2010","-","25-Sep-2010","30-Sep-2010"
"RADAAN","Radaan Mediaworks India Limited","EQ","Annual General Meeting","2","23-Sep-2010","-","27-Sep-2010","28-Sep-2010"
"SANGHIIND","Sanghi Industries Limited","EQ","Annual General Meeting","10","23-Sep-2010","-","27-Sep-2010","30-Sep-2010"
"CLCIND","CLC Industries Limited","EQ","Annual General Meeting","10","23-Sep-2010","-","25-Sep-2010","30-Sep-2010"
"MANJEERA","Manjeera Constructions Limited","EQ","Agm & Dividend Of Rs 1.20 Per Share","10","23-Sep-2010","-","25-Sep-2010","30-Sep-2010"
"ANGIND","ANG Industries Limited","EQ","Annual General Meeting","10","23-Sep-2010","-","27-Sep-2010","28-Sep-2010"
"COMPUTECH","Computech International Limited","EQ","Annual General Meeting","5","23-Sep-2010","-","27-Sep-2010","30-Sep-2010"
"LTFOODS","LT Foods Limited","EQ","Annual General Meeting And Final Dividend Rs.1.50 Per Share","1","23-Sep-2010","-","25-Sep-2010","30-Sep-2010"
"ADANIPORTS","Adani Ports and Special Economic Zone Limited","EQ","Face Value Split From Rs.10/- To Rs.2/-","2","23-Sep-2010","24-Sep-2010","-","-"
"AURIONPRO","Aurionpro Solutions Limited","EQ","Annual General Meeting And Dividend Rs.2/- Per Share","10","23-Sep-2010","-","25-Sep-2010","30-Sep-2010"
"AJRINFRA","AJR INFRA AND TOLLING LIMITED","EQ","Annual General Meeting","2","23-Sep-2010","-","27-Sep-2010","27-Sep-2010"
"BALPHARMA","Bal Pharma Limited","EQ","Annual General Meeting","10","23-Sep-2010","-","27-Sep-2010","27-Sep-2010"
"BLUEBLENDS","Blue Blends (I) Limited","EQ","Annual General Meeting","10","23-Sep-2010","-","27-Sep-2010","29-Sep-2010"
"ETPCORP","ETP Corporation Limited","EQ","Annual General Meeting","10","23-Sep-2010","-","27-Sep-2010","27-Sep-2010"
"KARURKCP","Karur K.C.P. Packkagings Limited","EQ","Annual General Meeting And Dividend Of Re.1/- Per Share","10","23-Sep-2010","-","25-Sep-2010","30-Sep-2010"
"COUNCODOS","Country Condo's Limited","EQ","Annual General Meeting","1","23-Sep-2010","-","27-Sep-2010","29-Sep-2010"
"SNOWCEMIND","Snowcem India Limited","EQ","Annual General Meeting","10","23-Sep-2010","-","25-Sep-2010","30-Sep-2010"
"IMPEXFERRO","Impex Ferro Tech Limited","EQ","Annual General Meeting","10","23-Sep-2010","-","25-Sep-2010","30-Sep-2010"
"AGRODUTCH","Agro Dutch Industries Limited","EQ","Annual General Meeting","10","23-Sep-2010","-","27-Sep-2010","28-Sep-2010"
"CELESTIAL","Celestial Biolabs Limited","EQ","Annual General Meeting","10","23-Sep-2010","-","27-Sep-2010","30-Sep-2010"
"ALICON","Alicon Castalloy Limited","EQ","Annual General Meeting And Dividend Re.1/- Per Share","5","23-Sep-2010","-","25-Sep-2010","29-Sep-2010"
"SOUTHBANK","The South Indian Bank Limited","EQ","Face Value Split From Rs.10/- To Re.1/-","1","23-Sep-2010","24-Sep-2010","-","-"
"SUNILHITEC","Sunil Hitech Engineers Limited","EQ","Annual General Meeting","1","23-Sep-2010","-","27-Sep-2010","30-Sep-2010"
"VAIBHAVGBL","Vaibhav Global Limited","EQ","Annual General Meeting","2","23-Sep-2010","-","25-Sep-2010","30-Sep-2010"
"VIMTALABS","Vimta Labs Limited","EQ","Annual General Meeting And Dividend Re.0.80 Per Share","2","23-Sep-2010","-","27-Sep-2010","30-Sep-2010"
"AMBICAAGAR","Ambica Agarbathies & Aroma industries Limited","EQ","Annual General Meeting","10","23-Sep-2010","-","27-Sep-2010","30-Sep-2010"
"AUSTRAL","Austral Coke & Projects Limited","EQ","Annual General Meeting","1","23-Sep-2010","-","27-Sep-2010","30-Sep-2010"
"CENTUM","Centum Electronics Limited","EQ","Annual General Meeting And Dividend Re.1/- Per Share","10","23-Sep-2010","-","27-Sep-2010","28-Sep-2010"
"EVINIX","Evinix Accessories Limited","EQ","Annual General Meeting","1","23-Sep-2010","-","25-Sep-2010","30-Sep-2010"
"EMTEXIND","Emtex Industries ( India ) Limited","EQ","Annual General Meeting","10","23-Sep-2010","-","25-Sep-2010","29-Sep-2010"
"JAYNECOIND","Jayaswal Neco Industries Limited","EQ","Annual General Meeting","10","23-Sep-2010","-","27-Sep-2010","30-Sep-2010"
"KEYFINSERV","Keynote Financial Services Limited","EQ","Annual General Meeting And Dividend Rs.1.50 Per Share","10","23-Sep-2010","-","25-Sep-2010","29-Sep-2010"
"VGL","VARVEE GLOBAL LIMITED","EQ","Final Dividend-Re.0.50 Per Share","5","23-Sep-2010","-","27-Sep-2010","30-Sep-2010"
"AUSOMENT","Ausom Enterprise Limited","EQ","Annual General Meeting","10","23-Sep-2010","-","25-Sep-2010","29-Sep-2010"
"NECLIFE","Nectar Lifesciences Limited","EQ","Annual General Meeting","1","23-Sep-2010","-","25-Sep-2010","29-Sep-2010"
"SHREYANIND","Shreyans Industries Limited","EQ","Annual General Meeting","10","23-Sep-2010","-","25-Sep-2010","28-Sep-2010"
"VENUSREM","Venus Remedies Limited","EQ","Annual General Meeting And Dividend Rs.3/- Per Share","10","23-Sep-2010","-","25-Sep-2010","30-Sep-2010"
"BILPOWER","Bilpower  Limited","EQ","Annual General Meeting And Dividend Rs.1.80 Per Share","10","23-Sep-2010","-","27-Sep-2010","30-Sep-2010"
"ARL","Arvind Remedies Limited","EQ","Annual General Meeting And Dividend Re.0.05 Per Share","1","23-Sep-2010","-","25-Sep-2010","28-Sep-2010"
"TOKYOPLAST","Tokyo Plast International Limited","EQ","Annual General Meeting","10","24-Sep-2010","-","28-Sep-2010","29-Sep-2010"
"VISUINTL","Visu International Limited","EQ","Annual General Meeting","10","24-Sep-2010","-","28-Sep-2010","30-Sep-2010"
"NORTHGATE","Northgate Technologies Limited","EQ","Annual General Meeting","10","24-Sep-2010","-","28-Sep-2010","30-Sep-2010"
"SVOGL","SVOGL Oil Gas And Energy Limited","EQ","Annual General Meeting And Dividend Re.1/- Per Share","10","24-Sep-2010","-","28-Sep-2010","30-Sep-2010"
"DALMIASUG","Dalmia Bharat Sugar and Industries Limited","EQ","Scheme Of Arrangement","2","24-Sep-2010","27-Sep-2010","-","-"
"GEMINI","Gemini Communication Limited","EQ","Dividend-Re.0.05 Per Share","1","24-Sep-2010","-","28-Sep-2010","30-Sep-2010"
"BSELINFRA","BSEL Infrastructure Realty Limited","EQ","Annual General Meeting","10","24-Sep-2010","-","28-Sep-2010","30-Sep-2010"
"INDSWFTLTD","Ind-Swift Limited","EQ","Annual General Meeting And Dividend Re.0.40 Per Share","2","24-Sep-2010","-","28-Sep-2010","30-Sep-2010"
"CURATECH","Cura Technologies Limited","EQ","Annual General Meeting And Dividend Re.0.50 Per Share","10","24-Sep-2010","-","28-Sep-2010","30-Sep-2010"
"HINDOILEXP","Hindustan Oil Exploration Company Limited","EQ","Annual General Meeting","10","24-Sep-2010","-","28-Sep-2010","30-Sep-2010"
"ARAVALIIND","Aravali Industries Limited","EQ","Annual General Meeting","10","24-Sep-2010","-","28-Sep-2010","30-Sep-2010"
"WINSOMYARN","Winsome Yarns Limited","EQ","Annual General Meeting","1","24-Sep-2010","-","28-Sep-2010","30-Sep-2010"
"ELAND","E-Land Apparel Limited","EQ","Annual General Meeting And Dividend Re.0.60 Per Share","10","24-Sep-2010","-","28-Sep-2010","30-Sep-2010"
"S&SPOWER","S&S Power Switchgears Limited","EQ","Annual General Meeting","10","24-Sep-2010","-","28-Sep-2010","30-Sep-2010"
"DECOLIGHT","Decolight Ceramics Limited","EQ","Annual General Meeting","10","24-Sep-2010","-","28-Sep-2010","29-Sep-2010"
"UBHOLDINGS","United Breweries (Holdings) Limited","EQ","Annual General Meeting And Dividend @ Re.1/- Per Share","10","24-Sep-2010","-","28-Sep-2010","30-Sep-2010"
"ANIKINDS","Anik Industries Limited","EQ","Annual General Meeting And Dividend Re.0.60 Per Share","10","24-Sep-2010","-","28-Sep-2010","30-Sep-2010"
"RAMGOPOLY","Ramgopal Polytex Limited","EQ","Annual General Meeting","10","24-Sep-2010","-","28-Sep-2010","30-Sep-2010"
"KALINDEE","Kalindee Rail Nirman (Engineers) Limited","EQ","Annual General Meeting","10","24-Sep-2010","-","28-Sep-2010","30-Sep-2010"
"NAUKRI","Info Edge (India) Limited","EQ","Bonus 1:1","2","27-Sep-2010","28-Sep-2010","-","-"
"SPMLINFRA","SPML Infra Limited","EQ","Annual General Meeting And Dividend Re.0.80 Per Share","2","27-Sep-2010","-","29-Sep-2010","30-Sep-2010"
"SURYAPHARM","Surya Pharmaceutical Limited","EQ","Annual General Meeting And Final Dividend Rs.1.50 Per Share","1","27-Sep-2010","-","29-Sep-2010","30-Sep-2010"
"NISSAN","Nissan Copper Limited","EQ","Face Value Split From Rs.10/- To Re.1/-","1","27-Sep-2010","28-Sep-2010","-","-"
"VITALCOMM","Vital Communications Limited","EQ","Annual General Meeting","10","27-Sep-2010","-","29-Sep-2010","30-Sep-2010"
"MOSERBAER","Moser-Baer (I) Limited","EQ","Annual General Meeting And Dividend Re.0.60 Per Share","10","27-Sep-2010","-","29-Sep-2010","30-Sep-2010"
"SRGINFOTEC","SRG Infotec (India) Limited","EQ","Annual General Meeting","10","27-Sep-2010","-","29-Sep-2010","30-Sep-2010"
"IZMO","IZMO Limited","EQ","Annual General Meeting","10","27-Sep-2010","-","29-Sep-2010","29-Sep-2010"
"OISL","OCL Iron and Steel Limited","EQ","Annual General Meeting","1","28-Sep-2010","-","30-Sep-2010","30-Sep-2010"
"TI","Tilaknagar Industries Limited","EQ","Bonus 2:1","10","28-Sep-2010","30-Sep-2010","-","-"
"NAMASTEXP","Namaste Exports Limited","EQ","Annual General Meeting","10","28-Sep-2010","-","30-Sep-2010","30-Sep-2010"
"HARRMALAYA","Harrisons  Malayalam Limited","EQ","Dividend-Rs.2/- Per Share","10","29-Sep-2010","-","02-Oct-2010","05-Oct-2010"
"BLKASHYAP","B. L. Kashyap and Sons Limited","EQ","Bonus 1:1 / Face Value Split From Rs. 5/- To Re. 1/-","1","29-Sep-2010","01-Oct-2010","-","-"
"BIRLACOT","Birla Cotsyn (India) Limited","EQ","Bonus 1:5","1","29-Sep-2010","01-Oct-2010","-","-"
"AQUA","Aqua Logistics Limited","EQ","Face Value Split From Rs.10/- To Re.1/-","1","01-Oct-2010","04-Oct-2010","-","-"
"SBBJ","State Bank of Bikaner and Jaipur","EQ","Interim Dividend Rs.7.20 Per Share (Purpose Revised)","10","04-Oct-2010","-","06-Oct-2010","13-Oct-2010"
"RENUKA","Shree Renuka Sugars Limited","EQ","Interim Dividend-Re.1/- Per Share (Purpose Revised)","1","05-Oct-2010","06-Oct-2010","-","-"
"SBT","State Bank of Travancore","EQ","Interim Dividend-Rs.8/- Per Share","10","07-Oct-2010","08-Oct-2010","-","-"
"ZEEL","Zee Entertainment Enterprises Limited","EQ","Annual General Meeting / Dividend Rs.2/- Per Share / Scheme Of Arrangement","1","07-Oct-2010","-","09-Oct-2010","12-Oct-2010"
"MTNL","Mahanagar Telephone Nigam Limited","EQ","Annual General Meeting","10","08-Oct-2010","-","12-Oct-2010","13-Oct-2010"
"HAVELLS","Havells India Limited","EQ","Bonus 1:1","1","08-Oct-2010","11-Oct-2010","-","-"
"GREAVESCOT","Greaves Cotton Limited","EQ","Final Dividend Rs.3/- Per Share And Special Dividend Rs.7.50 Per Share","2","08-Oct-2010","-","12-Oct-2010","19-Oct-2010"
"GLOBOFFS","Global Offshore Services Limited","EQ","Interim Dividend-Re.0.70 Per Share","10","13-Oct-2010","14-Oct-2010","-","-"
"NOIDATOLL","Noida Toll Bridge Company Limited","EQ","Interim Dividend-Re.0.50 Per Share","10","14-Oct-2010","16-Oct-2010","-","-"
"KILITCH","Kilitch Drugs (India) Limited","EQ","Dividend-Re.1/- Per Share","10","14-Oct-2010","15-Oct-2010","-","-"
"INDORAMA","Indo Rama Synthetics (India) Limited","EQ","Annual General Meeting","10","14-Oct-2010","-","18-Oct-2010","25-Oct-2010"
"SUPREMEIND","Supreme Industries Limited","EQ","Face Value Split From Rs.10/- To Rs.2/-","2","18-Oct-2010","19-Oct-2010","-","-"
"PARSVNATH","Parsvnath Developers Limited","EQ","Face Value Split From Rs.10/- To Rs.5/-","5","18-Oct-2010","19-Oct-2010","-","-"
"MURUDCERA","Murudeshwar Ceramics Limited","EQ","Rights 1:1 @ Premium Rs.10/- Per Share","10","19-Oct-2010","20-Oct-2010","-","-"
"FEL","Future Enterprises Limited","EQ","Dividend-Re.0.80 Per Share","2","20-Oct-2010","-","22-Oct-2010","25-Oct-2010"
"EONELECT","Eon Electric Limited","EQ","Special Interim Dividend Rs.10/- Per Share","10","20-Oct-2010","21-Oct-2010","-","-"
"FELDVR","Future Enterprises Limited","EQ","Dividend-Re.0.90 Per Share","2","20-Oct-2010","-","22-Oct-2010","25-Oct-2010"
"BIRLAPOWER","Birla Power Solutions Limited","EQ","Bonus 1:5","1","20-Oct-2010","21-Oct-2010","-","-"
"TCI","Transport Corporation of India Limited","EQ","Scheme Of Arrangement","2","20-Oct-2010","21-Oct-2010","-","-"
"V2RETAIL","V2 Retail Limited","EQ","Annual General Meeting","1","21-Oct-2010","-","25-Oct-2010","29-Oct-2010"
"UNICHEMLAB","Unichem Laboratories Limited","EQ","Interim Dividend Rs.3/- Per Share And Face Value Split From Rs.5/- To Rs.2/- (Purpose Revised)","2","21-Oct-2010","22-Oct-2010","-","-"
"INFY","Infosys Limited","EQ","Interim Dividend Rs.10/- Per Share And Special Dividend Rs.30/- Per Share (Purpose Revised)","5","21-Oct-2010","22-Oct-2010","-","-"
"ACLGATI","Allcargo Gati Limited","EQ","Annual General Meeting And Dividend Re.0.40 Per Share","2","21-Oct-2010","-","25-Oct-2010","27-Oct-2010"
"EXIDEIND","Exide Industries Limited","EQ","Interim Dividend-Re.0.90 Per Share","1","21-Oct-2010","22-Oct-2010","-","-"
"SEZALGLASS","Sezal Glass Limited","EQ","Face Value Split From Rs.10/- To Re.1/-","1","21-Oct-2010","22-Oct-2010","-","-"
"CANDC","C & C Constructions Limited","EQ","Annual General Meeting And Dividend Rs.2.75 Per Share","10","21-Oct-2010","-","25-Oct-2010","29-Oct-2010"
"MODIRUBBER","Modi Rubber Limited","EQ","Annual General Meeting","10","21-Oct-2010","-","23-Oct-2010","29-Oct-2010"
"HCLTECH","HCL Technologies Limited","EQ","Annual General Meeting/Final Dividend Re.1/- Per Share/Interim Dividend Rs.1.50 Per Share (Purpose Revised)","2","22-Oct-2010","-","26-Oct-2010","28-Oct-2010"
"PGHL","Procter & Gamble Health Limited","EQ","Interim Dividend-Rs.95/- Per Share (Purpose Revised)","10","22-Oct-2010","25-Oct-2010","-","-"
"JINDALPOLY","Jindal Poly Films Limited","EQ","Bonus 1:1","10","22-Oct-2010","25-Oct-2010","-","-"
"REIAGROLTD","Rei Agro Limited","EQ","Interim Dividend-Re.0.10 Per Share","1","22-Oct-2010","25-Oct-2010","-","-"
"CRISIL","CRISIL Limited","EQ","3rd Interim Dividend-Rs.25/- Per Share (Purpose Revised)","1","22-Oct-2010","25-Oct-2010","-","-"
"GENUSPOWER","Genus Power Infrastructures Limited","EQ","Face Value Split From Rs.10/- To Re.1/-","1","22-Oct-2010","25-Oct-2010","-","-"
"STAN","Standard Chartered PLC","DR","To Distribute Net Proceeds From The Sale Of Rights Entitlement",,"22-Oct-2010","25-Oct-2010","-","-"
"SAVERA","Savera Industries Limited","EQ","Bonus 1:1","10","25-Oct-2010","26-Oct-2010","-","-"
"CELEBRITY","Celebrity Fashions Limited","EQ","Scheme Of Arrangement","10","26-Oct-2010","27-Oct-2010","-","-"
"DHANI","Dhani Services Limited","EQ","Interim Dividend-Re.1/- Per Share","2","27-Oct-2010","28-Oct-2010","-","-"
"SINTEX","Sintex Industries Limited","EQ","Face Value Split From Rs.2/- To Re.1/-","1","27-Oct-2010","28-Oct-2010","-","-"
"RALLIS","Rallis India Limited","EQ","Interim Dividend-Rs.9/- Per Share","1","28-Oct-2010","29-Oct-2010","-","-"
"IPCALAB","IPCA Laboratories Limited","EQ","Interim Dividend-Re.1/- Per Share (Purpose Revised)","1","28-Oct-2010","29-Oct-2010","-","-"
"INGERRAND","Ingersoll Rand (India) Limited","EQ","Interim Dividend-Rs.3/- Per Share","10","28-Oct-2010","29-Oct-2010","-","-"
"FOSECOIND","Foseco India Limited","EQ","3rd Interim Dividend-Rs.5/- Per Share (Purpose Revised)","10","28-Oct-2010","29-Oct-2010","-","-"
"JISLJALEQS","Jain Irrigation Systems Limited","EQ","Face Value Split From Rs.10/- To Rs.2/-","2","29-Oct-2010","01-Nov-2010","-","-"
"PFOCUS","Prime Focus Limited","EQ","Face Value Split From Rs.10/- To Re.1/-","1","29-Oct-2010","01-Nov-2010","-","-"
"SEINVEST","S.E. Investments Limited","EQ","Face Value Split From Rs.2/- To Re.1/-","1","29-Oct-2010","01-Nov-2010","-","-"
"CGPOWER","CG Power and Industrial Solutions Limited","EQ","Interim Dividend-Re.0.80 Per Share (Purpose Revised)","2","29-Oct-2010","01-Nov-2010","-","-"
"ASIANPAINT","Asian Paints Limited","EQ","Interim Dividend-Rs.8.50 Per Share (Purpose Revised)","1","29-Oct-2010","01-Nov-2010","-","-"
"MINDTREE","MindTree Limited","EQ","Interim Dividend-Rs.1.25 Per Share","10","01-Nov-2010","02-Nov-2010","-","-"
"TEXINFRA","Texmaco Infrastructure & Holdings Limited","EQ","Scheme Of Arrangement","1","01-Nov-2010","02-Nov-2010","-","-"
"TCS","Tata Consultancy Services Limited","EQ","2nd Interim Dividend-Rs.2/- Per Share","1","01-Nov-2010","02-Nov-2010","-","-"
"INDIABULLS","Indiabulls Financial Services Limited","EQ","Interim Dividend-Rs.5/- Per Share","2","01-Nov-2010","02-Nov-2010","-","-"
"RAMCOIND","Ramco Industries Limited","EQ","Interim Dividend-Re.0.50 Per Share (Purpose Revised)","1","01-Nov-2010","02-Nov-2010","-","-"
"HINDUNILVR","Hindustan Unilever Limited","EQ","Interim Dividend-Rs.3/- Per Share (Purpose Revised)","1","01-Nov-2010","02-Nov-2010","-","-"
"MARICO","Marico Limited","EQ","Interim Dividend-Re.0.30 Per Share (Purpose Revised)","1","01-Nov-2010","02-Nov-2010","-","-"
"HGM","HandsOn Global Management (HGM) Limited","EQ","2nd Interim Dividend-Rs.2/- Per Share (Purpose Revised)","10","02-Nov-2010","03-Nov-2010","-","-"
"MRF","MRF Limited","EQ","2nd Interim Dividend-Rs.3/- Per Share","10","02-Nov-2010","03-Nov-2010","-","-"
"SASKEN","Sasken Technologies Limited","EQ","Interim Dividend-Rs.2.50 Per Share","10","02-Nov-2010","03-Nov-2010","-","-"
"KSB","Ksb Limited","EQ","Interim Dividend-Rs.2/- Per Share","2","02-Nov-2010","03-Nov-2010","-","-"
"DABUR","Dabur India Limited","EQ","Interim Dividend-Re.0.50 Per Share (Purpose Revised)","1","02-Nov-2010","03-Nov-2010","-","-"
"SRF","SRF Limited","EQ","Interim Dividend-Rs.7/- Per Share (Purpose Revised)","10","02-Nov-2010","03-Nov-2010","-","-"
"GESHIP","The Great Eastern Shipping Company Limited","EQ","Interim Dividend-Rs.3.50 Per Share (Purpose Revised)","10","02-Nov-2010","03-Nov-2010","-","-"
"KPRMILL","K.P.R. Mill Limited","EQ","Interim Dividend-Rs.3/- Per Share (Purpose Revised)","1","02-Nov-2010","03-Nov-2010","-","-"
"ARCHIES","Archies Limited","EQ","Face Value Split From Rs.10/- To Rs.2/-","2","02-Nov-2010","03-Nov-2010","-","-"
"HCL-INSYS","HCL Infosystems Limited","EQ","Annual General Meeting/Final Dividend Rs.2/- Per Share/Interim Dividend Rs.2/- Per Share (Purpose Revised)","2","03-Nov-2010","-","08-Nov-2010","09-Nov-2010"
"DISHTV","Dish TV India Limited","EQ","Annual General Meeting","1","03-Nov-2010","-","08-Nov-2010","10-Nov-2010"
"APARINDS","Apar Industries Limited","EQ","Interim Dividend-Rs.2.50 Per Share","10","03-Nov-2010","04-Nov-2010","-","-"
"ASTRAL","Astral Limited","EQ","Interim Dividend-Re.0.50 Per Share","1","03-Nov-2010","04-Nov-2010","-","-"
"BILPOWER","Bilpower  Limited","EQ","Scheme Of Arrangement","10","03-Nov-2010","05-Nov-2010","-","-"
"NESTLEIND","Nestle India Limited","EQ","2nd Interim Dividend - Rs 27/- Per Share (Purpose Revised)","1","03-Nov-2010","04-Nov-2010","-","-"
"PRSMJOHNSN","Prism Johnson Limited","EQ","Interim Dividend - Re. 1 Per Share (Pupose Revised)","10","03-Nov-2010","04-Nov-2010","-","-"
"ISMTLTD","ISMT Limited","EQ","Annual General Meeting And Dividend Re.1/- Per Share","5","03-Nov-2010","-","08-Nov-2010","15-Nov-2010"
"CCL","CCL Products (India) Limited","EQ","Annual General Meeting And Dividend Rs.1.50 Per Share","2","03-Nov-2010","-","05-Nov-2010","10-Nov-2010"
"KCP","KCP Limited","EQ","Interim Dividend - Rs. 0.25 Per Share (Purpose Revised)","1","03-Nov-2010","05-Nov-2010","-","-"
"BIRLACORPN","Birla Corporation Limited","EQ","Interim Dividend-Rs.2.50 Per Share","10","04-Nov-2010","08-Nov-2010","-","-"
"NITINFIRE","Nitin Fire Protection Industries Limited","EQ","Face Value Split From Rs.10/- To Rs.2/-","2","04-Nov-2010","08-Nov-2010","-","-"
"TRANSWORLD","TRANSWORLD SHIPPING LINES LIMITED","EQ","Interim Dividend-Re.0.50 Per Share","10","04-Nov-2010","08-Nov-2010","-","-"
"BANSWRAS","Banswara Syntex Limited","EQ","Interim Dividend-Rs.2/- Per Share","5","04-Nov-2010","08-Nov-2010","-","-"
"KKCL","Kewal Kiran Clothing Limited","EQ","Interim Dividend-Rs.6.50 Per Share","10","08-Nov-2010","09-Nov-2010","-","-"
"SHRIRAMFIN","Shriram Finance Limited","EQ","Interim Dividend-Rs.2.50 Per Share","2","08-Nov-2010","09-Nov-2010","-","-"
"GODREJCP","Godrej Consumer Products Limited","EQ","Interim Dividend - Re 1 Per Share (Purpose Revised)","1","08-Nov-2010","09-Nov-2010","-","-"
"HSCL","Himadri Speciality Chemical Limited","EQ","Face Value Split From Rs.10/- To Re.1/-","1","08-Nov-2010","09-Nov-2010","-","-"
"ATLANTAA","ATLANTAA LIMITED","EQ","Face Value Split From Rs.10/- To Rs.2/-","2","08-Nov-2010","09-Nov-2010","-","-"
"CENTRALBK","Central Bank of India","EQ","Interim Dividend - Re.1/- Per Share","10","09-Nov-2010","10-Nov-2010","-","-"
"SHRIRAMCIT","Shriram City Union Finance Limited","EQ","Interim Divided - Rs 2.50/- Per Share","10","09-Nov-2010","10-Nov-2010","-","-"
"GILLETTE","Gillette India Limited","EQ","Dividend-Rs.15/- Per Share","10","09-Nov-2010","-","11-Nov-2010","18-Nov-2010"
"MONSANTO","Monsanto India Limited","EQ","Interim Dividend- Rs.10/- Per Share","10","09-Nov-2010","10-Nov-2010","-","-"
"VISAKAIND","Visaka Industries Limited","EQ","Interim Dividend-Rs.3/- Per Share","2","10-Nov-2010","11-Nov-2010","-","-"
"INFINITE","Infinite Computer Solutions (India) Limited","EQ","Interim Dividend - Rs 2 And Special Dividend Re 1 Per Share (Purpose Revised)","10","10-Nov-2010","11-Nov-2010","-","-"
"ORIENTHOT","Oriental Hotels Limited","EQ","Face Value Split From Rs.10/- To Re.1/-","1","10-Nov-2010","11-Nov-2010","-","-"
"AEGISLOG","Aegis Logistics Limited","EQ","Interim Dividend - Rs 2 Per Share","1","10-Nov-2010","11-Nov-2010","-","-"
"NAVINFLUOR","Navin Fluorine International Limited","EQ","Interim Dividend-Rs.6.50 Per Share","2","11-Nov-2010","12-Nov-2010","-","-"
"AUROPHARMA","Aurobindo Pharma Limited","EQ","Interim Dividend - Rs 5 Per Share","1","11-Nov-2010","12-Nov-2010","-","-"
"HINDCOPPER","Hindustan Copper Limited","EQ","Interim Dividend - Rs.0.50/- Per Share","5","11-Nov-2010","12-Nov-2010","-","-"
"SOMANYCERA","Somany Ceramics Limited","EQ","Face Value Split From Rs.10/- To Rs.2/-","2","11-Nov-2010","12-Nov-2010","-","-"
"ZEEL","Zee Entertainment Enterprises Limited","EQ","Bonus 1:1","1","11-Nov-2010","12-Nov-2010","-","-"
"SOLARINDS","Solar Industries India Limited","EQ","Interim Dividend - Rs 4 Per Share","2","11-Nov-2010","12-Nov-2010","-","-"
"IMFA","Indian Metals & Ferro Alloys Limited","EQ","Interim Dividend - Rs.5/- Per Share","10","11-Nov-2010","12-Nov-2010","-","-"
"SGJHL","Shree Ganesh Jewellery House (I) Limited","EQ","Interim Dividend-Rs.3/- Per Share","10","15-Nov-2010","16-Nov-2010","-","-"
"GABRIEL","Gabriel India Limited","EQ","Interim Dividend - Re 0.30 Per Share","1","15-Nov-2010","16-Nov-2010","-","-"
"MORARJETEX","Morarjee Textiles Limited","EQ","Annual General Meeting","10","15-Nov-2010","-","18-Nov-2010","25-Nov-2010"
"BALLARPUR","Ballarpur Industries Limited","EQ","Annual General Meeting And Dividend - Re 0.50 Per Share","2","15-Nov-2010","-","18-Nov-2010","01-Dec-2010"
"POLYPLEX","Polyplex Corporation Limited","EQ","Interim Dividend Rs 6/- Per Share","10","15-Nov-2010","16-Nov-2010","-","-"
"KEMROCK","Kemrock Industries and Exports Limited","EQ","Annual General Meeting And Final Dividend Re.1/- Per Share","10","15-Nov-2010","-","17-Nov-2010","19-Nov-2010"
"ROLTA","Rolta India Limited","EQ","Annual General Meeting And Dividend Rs.3.25 Per Share","10","15-Nov-2010","-","17-Nov-2010","24-Nov-2010"
"MVL","MVL Limited","EQ","Face Value Split From Rs.2/- To Re.1/-","1","16-Nov-2010","18-Nov-2010","-","-"
"SUNDRMFAST","Sundram Fasteners Limited","EQ","Interim Dividend - Rs. 0.55 Per Share","1","16-Nov-2010","18-Nov-2010","-","-"
"SONATSOFTW","Sonata Software Limited","EQ","Interim Dividend Re 1/- Per Share (Purpose Revised)","1","16-Nov-2010","18-Nov-2010","-","-"
"EMPEESUG","Empee Sugars and Chemicals Limited","EQ","Interim Dividend - Re.0.50 Per Share","10","18-Nov-2010","20-Nov-2010","-","-"
"PAGEIND","Page Industries Limited","EQ","2nd Interim Dividend Rs 8/- Per Share (Purpose Revised)","10","18-Nov-2010","19-Nov-2010","-","-"
"WELENT","Welspun Enterprises Limited","EQ","Annual General Meeting / Dividend @ Re.1/- Per Share","10","18-Nov-2010","-","22-Nov-2010","30-Nov-2010"
"63MOONS","63 moons technologies limited","EQ","Interim Dividend - Rs 2 Per Share","2","18-Nov-2010","20-Nov-2010","-","-"
"BALAMINES","Balaji Amines Limited","EQ","Face Value Split From Rs.10/- To Rs.2/-","2","18-Nov-2010","19-Nov-2010","-","-"
"SHIRPUR-G","Shirpur Gold Refinery Limited","EQ","Annual General Meeting","10","19-Nov-2010","-","23-Nov-2010","30-Nov-2010"
"DYNAMATECH","Dynamatic Technologies Limited","EQ","Interim Dividend Rs 3/- Per Share (Purpose Revised)","10","19-Nov-2010","22-Nov-2010","-","-"
"GDL","Gateway Distriparks Limited","EQ","2nd Interim Dividend Rs.2/- Per Share (Purpose Revised)","10","22-Nov-2010","23-Nov-2010","-","-"
"NOVOPANIND","Novopan Industries Limited","EQ","Annual General Meeting","10","22-Nov-2010","-","24-Nov-2010","27-Nov-2010"
"SHLAKSHMI","Shri Lakshmi Cotsyn Limited","EQ","Annual General Meeting And Dividend Rs.3/- Per Share","10","23-Nov-2010","-","25-Nov-2010","27-Nov-2010"
"MANINFRA","Man Infraconstruction Limited","EQ","Interim Dividend Rs 1.80/- Per Share","2","24-Nov-2010","25-Nov-2010","-","-"
"GREAVESCOT","Greaves Cotton Limited","EQ","Interim Dividend Rs 2/- Per Share And Face Value Split From Rs 10/- To Rs 2/-","2","24-Nov-2010","25-Nov-2010","-","-"
"CGCL","Capri Global Capital Limited","EQ","Interim Dividend Rs 1.25 Per Share","1","24-Nov-2010","25-Nov-2010","-","-"
"ALLCARGO","Allcargo Logistics Limited","EQ","Interim Dividend Re 0.50 Per Share","2","24-Nov-2010","25-Nov-2010","-","-"
"KESORAMIND","Kesoram Industries Limited","EQ","Interim Dividend Rs 2.25 Per Share","10","24-Nov-2010","25-Nov-2010","-","-"
"BLISSGVS","Bliss GVS Pharma Limited","EQ","Interim Dividend Re 0.30 Per Share","1","25-Nov-2010","27-Nov-2010","-","-"
"SUNPHARMA","Sun Pharmaceutical Industries Limited","EQ","Face Value Split From Rs.5/- To Re.1/-","1","25-Nov-2010","26-Nov-2010","-","-"
"JUBLPHARMA","Jubilant Pharmova Limited","EQ","Scheme Of Demerger","1","25-Nov-2010","26-Nov-2010","-","-"
"REFEX","Refex Industries Limited","EQ","Annual General Meeting","2","25-Nov-2010","-","29-Nov-2010","03-Dec-2010"
"GUJSTATFIN","Gujarat State Financial Corporation","EQ","Annual General Meeting","10","26-Nov-2010","-","30-Nov-2010","02-Dec-2010"
"BBOX","Black Box Limited","EQ","Annual General Meeting And Dividend Rs.4.50 Per Share","2","29-Nov-2010","-","01-Dec-2010","20-Dec-2010"
"HITECHGEAR","The Hi-Tech Gears Limited","EQ","Bonus 1:1","10","01-Dec-2010","02-Dec-2010","-","-"
"FARMAXIND","Farmax India Limited","EQ","Annual General Meeting","1","03-Dec-2010","-","07-Dec-2010","09-Dec-2010"
"ESSDEE","Ess Dee Aluminium Limited","EQ","Annual General Meeting /Dividend - Rs.2/- Per Share","10","07-Dec-2010","-","09-Dec-2010","14-Dec-2010"
"SADBHAV","Sadbhav Engineering Limited","EQ","Face Value Split From Rs.10/- To Re.1/-","1","07-Dec-2010","08-Dec-2010","-","-"
"ISPATPROF","Ispat Profile (I) Limited","EQ","Annual General Meeting","10","07-Dec-2010","-","09-Dec-2010","15-Dec-2010"
"ENERGYDEV","Energy Development Company Limited","EQ","Annual General Meeting And Dividend Re.1/- Per Share","10","07-Dec-2010","-","09-Dec-2010","13-Dec-2010"
"WEIZMANIND","Weizmann Limited","EQ","Dividend Re.0.50 Per Share And Scheme Of Arrangement","10","08-Dec-2010","-","10-Dec-2010","10-Dec-2010"
"INDOWIND","Indowind Energy Limited","EQ","Annual General Meeting","10","09-Dec-2010","-","13-Dec-2010","20-Dec-2010"
"BECREL","Best & Crompton Engg. Limited","EQ","Annual General Meeting","10","09-Dec-2010","-","13-Dec-2010","20-Dec-2010"
"ADVANIHOTR","Advani Hotels & Resorts (India) Limited","EQ","Annual General Meeting And Dividend Re.0.10 Per Share","2","09-Dec-2010","-","11-Dec-2010","15-Dec-2010"
"INDLMETER","IMP Powers Limited","EQ","Annual General Meeting","10","09-Dec-2010","-","13-Dec-2010","20-Dec-2010"
"TELEDATAIT","Teledata Technology Solutions Limited","EQ","Annual General Meeting","2","10-Dec-2010","-","14-Dec-2010","20-Dec-2010"
"RELINFRA","Reliance Infrastructure Limited","EQ","Annual General Meeting","10","14-Dec-2010","-","16-Dec-2010","22-Dec-2010"
"KESARENT","Kesar Enterprises Limited","EQ","Annual General Meeting And Dividend Re.1/- Per Share","10","14-Dec-2010","-","16-Dec-2010","23-Dec-2010"
"EUROCERA","Euro Ceramics Limited","EQ","Annual General Meeting","10","14-Dec-2010","-","16-Dec-2010","22-Dec-2010"
"ELGIEQUIP","Elgi Equipments Limited","EQ","Bonus 1:1","1","14-Dec-2010","-","16-Dec-2010","17-Dec-2010"
"COLPAL","Colgate Palmolive (India) Limited","EQ","2nd Interim Dividend Rs.5/- Per Share (Purpose Revised)","1","14-Dec-2010","15-Dec-2010","-","-"
"JSWISPAT","JSW ISPAT Steel Limited","EQ","Annual General Meeting","10","14-Dec-2010","-","16-Dec-2010","20-Dec-2010"
"NOESISIND","Noesis Industries Limited","EQ","Annual General Meeting","10","15-Dec-2010","-","20-Dec-2010","22-Dec-2010"
"MANAKSIA","Manaksia Limited","EQ","Annual General Meeting And Dividend Rs.2.40 Per Share","2","15-Dec-2010","-","18-Dec-2010","28-Dec-2010"
"UNOMINDA","UNO Minda Limited","EQ","Annual General Meeting / Dividend - Rs 3 Per Share","2","15-Dec-2010","-","17-Dec-2010","24-Dec-2010"
"NEPCTEX","Nepc Textiles Limited","EQ","Annual General Meeting","10","15-Dec-2010","-","20-Dec-2010","24-Dec-2010"
"UPERGANGES","Upper Ganges Sugar & Industries Limited","EQ","Annual General Meeting","10","15-Dec-2010","-","17-Dec-2010","22-Dec-2010"
"OUDHSUG","The Oudh Sugar Mills Limited","EQ","Annual General Meeting","10","15-Dec-2010","-","17-Dec-2010","21-Dec-2010"
"SATYAMCOMP","Satyam Computer Services Limited","EQ","Annual General Meeting For The Years 2008-09 And 2009-10","2","15-Dec-2010","-","20-Dec-2010","21-Dec-2010"
"NOVASTEEL","Nova Steel India Limited","EQ","Annual General Meeting","10","15-Dec-2010","-","17-Dec-2010","29-Dec-2010"
"STINDIA","STI India Limited","EQ","Annual General Meeting","10","15-Dec-2010","-","20-Dec-2010","24-Dec-2010"
"WINDSOR","Windsor Machines Limited","EQ","Annual General Meeting","10","15-Dec-2010","-","18-Dec-2010","28-Dec-2010"
"PAREKHPLAT","Parekh Platinum Limited","EQ","Annual General Meeting","10","16-Dec-2010","-","21-Dec-2010","28-Dec-2010"
"NOVAELEMAG","Nova Electro Magnetics Limited","EQ","Annual General Meeting","10","16-Dec-2010","-","21-Dec-2010","28-Dec-2010"
"DCMFINSERV","DCM Financial Services Limited","EQ","Annual General Meeting","10","20-Dec-2010","-","22-Dec-2010","30-Dec-2010"
"NUCHEM","Nuchem Limited","EQ","Annual General Meeting","10","20-Dec-2010","-","22-Dec-2010","29-Dec-2010"
"BALKRISIND","Balkrishna Industries Limited","EQ","Face Value Split From Rs.10/- To Rs.2/-","2","20-Dec-2010","21-Dec-2010","-","-"
"SOUISPAT","Southern Ispat And Energy Limited","EQ","Annual General Meeting","1","20-Dec-2010","-","22-Dec-2010","27-Dec-2010"
"ONGC","Oil & Natural Gas Corporation Limited","EQ","Special Interim Dividend-Rs.32/- Per Share (Purpose Revised)","5","20-Dec-2010","21-Dec-2010","-","-"
"CORALHUB","Coral Hub Limited","EQ","Annual General Meeting (Purpose Revised)","1","21-Dec-2010","-","23-Dec-2010","28-Dec-2010"
"BARTRONICS","Bartronics India Limited","EQ","Annual General Meeting And Dividend Re.1/- Per Share","10","21-Dec-2010","-","23-Dec-2010","28-Dec-2010"
"USHERAGRO","Usher Agro Limited","EQ","Annual Book Closure","10","21-Dec-2010","-","23-Dec-2010","24-Dec-2010"
"GLODYNE","Glodyne Technoserve Limited","EQ","Annual General Meeting And Dividend Rs.4.20 Per Share","6","21-Dec-2010","-","23-Dec-2010","24-Dec-2010"
"GSS","GSS Infotech Limited","EQ","Annual General Meeting And Dividend Rs.1.50 Per Share","10","21-Dec-2010","-","23-Dec-2010","27-Dec-2010"
"TRIVENI","Triveni Engineering & Industries Limited","EQ","Annual Book Closure","1","21-Dec-2010","-","23-Dec-2010","24-Dec-2010"
"MONNETISPA","Monnet Ispat and Energy Limited","EQ","Annual General Meeting And Dividend Rs.5/- Per Share","10","21-Dec-2010","-","23-Dec-2010","30-Dec-2010"
"MIC","MIC Electronics Limited","EQ","Annual General Meeting","2","22-Dec-2010","-","24-Dec-2010","30-Dec-2010"
"WEBELSOLAR","Websol Energy System Limited","EQ","Annual General Meeting","1","22-Dec-2010","-","24-Dec-2010","29-Dec-2010"
"VATSMUSC","Vatsa Music Limited","EQ","Annual General Meeting","1","22-Dec-2010","-","24-Dec-2010","30-Dec-2010"
"JHS","JHS Svendgaard Laboratories Limited","EQ","Annual General Meeting And Dividend Re.0.50 Per Share","10","22-Dec-2010","-","24-Dec-2010","28-Dec-2010"
"KSERASERA","KSS Limited","EQ","Annual General Meeting","1","23-Dec-2010","-","25-Dec-2010","30-Dec-2010"
"CIMCOBIRLA","Cimmco Birla Limited","EQ","Annual General Meeting","10","23-Dec-2010","-","27-Dec-2010","29-Dec-2010"
"POLYPLEX","Polyplex Corporation Limited","EQ","Bonus 1:1","10","23-Dec-2010","25-Dec-2010","-","-"
"FEDDERELEC","Fedders Electric and Engineering Limited","EQ","Annual General Meeting And Dividend Re.1/- Per Share","10","23-Dec-2010","-","25-Dec-2010","29-Dec-2010"
"CRANESSOFT","Cranes Software International Limited","EQ","Annual General Meeting","2","23-Dec-2010","-","25-Dec-2010","30-Dec-2010"
"COROMANDEL","Coromandel International Limited","EQ","Face Value Split From Rs.2/- To Re.1/-","1","23-Dec-2010","24-Dec-2010","-","-"
"SURYAPHARM","Surya Pharmaceutical Limited","EQ","Face Value Split From Rs.10/- To Re.1/-","1","23-Dec-2010","24-Dec-2010","-","-"
"EIDPARRY","EID Parry India Limited","EQ","Face Value Split From Rs.2/- To Re.1/-","1","23-Dec-2010","24-Dec-2010","-","-"
"GSLNOVA","GSL Nova Petrochemicals Limited","EQ","Annual General Meeting","5","23-Dec-2010","-","27-Dec-2010","29-Dec-2010"
"KUNDANMM","Kundan Minerals and Metals Limited","EQ","Annual General Meeting","10","24-Dec-2010","-","28-Dec-2010","31-Dec-2010"
"VINCARDS","Vintage Cards & Creations Limited","EQ","Annual General Meeting","10","24-Dec-2010","-","28-Dec-2010","30-Dec-2010"
"NEHAINT","Neha International Limited","EQ","Annual General Meeting","10","27-Dec-2010","-","29-Dec-2010","30-Dec-2010"
"GAIL","GAIL (India) Limited","EQ","Interim Dividend-Rs.2/- Per Share (Purpose Revised)","10","27-Dec-2010","28-Dec-2010","-","-"
"METALFORGE","Metalyst Forgings Limited","EQ","Annual General Meeting And Dividend Rs.2/- Per Share","10","29-Dec-2010","-","31-Dec-2010","31-Dec-2010"
"CASTEXTECH","Castex Technologies Limited","EQ","Annual General Meeting And Dividend Re.0.40 Per Share","2","29-Dec-2010","-","31-Dec-2010","31-Dec-2010"
"AMTEKAUTO","Amtek Auto Limited","EQ","Annual General Meeting And Dividend Re.1/- Per Share","2","29-Dec-2010","-","31-Dec-2010","31-Dec-2010"
"KEC","KEC International Limited","EQ","Face Value Split From Rs.10/- To Rs.2/-","2","30-Dec-2010","31-Dec-2010","-","-"
"LICHSGFIN","LIC Housing Finance Limited","EQ","Face Value Split From Rs.10/- To Rs.2/-","2","30-Dec-2010","31-Dec-2010","-","-"
"ASTRAMICRO","Astra Microwave Products Limited","EQ","Bonus 1:2","2","30-Dec-2010","31-Dec-2010","-","-"
"ANTELOPUS","Antelopus Selan Energy Limited","EQ","Bonus 1:10","10","31-Dec-2010","03-Jan-2011","-","-"