"SYMBOL","COMPANY NAME","SERIES","PURPOSE","FACE VALUE","EX-DATE","RECORD DATE","BOOK CLOSURE START DATE","BOOK CLOSURE END DATE"
"SURYAROSNI","Surya Roshni Limited","EQ","Bonus 1:1","5","01-Jan-2025","01-Jan-2025","-","-"
"GARFIBRES","Garware Technical Fibres Limited","EQ","Bonus 4:1","10","03-Jan-2025","03-Jan-2025","-","-"
"REDTAPE","Redtape Limited","EQ","Interim Dividend - Rs 2 Per Share","2","03-Jan-2025","03-Jan-2025","-","-"
"KPIGREEN","KPI Green Energy Limited","EQ","Bonus 1:2","5","03-Jan-2025","03-Jan-2025","-","-"
"ITC","ITC Limited","EQ","Demerger","1","06-Jan-2025","06-Jan-2025","-","-"
"JAGSNPHARM","Jagsonpal Pharmaceuticals Limited","EQ","Face Value Split (Sub-Division) - From Rs 5/- Per Share To Rs 2/- Per Share","2","08-Jan-2025","08-Jan-2025","-","-"
"CAMLINFINE","Camlin Fine Sciences Limited","EQ","Rights 5:41 @ Premium Rs 109/-","1","08-Jan-2025","08-Jan-2025","-","-"
"KAMDHENU","Kamdhenu Limited","EQ","Face Value Split (Sub-Division) - From Rs 10/- Per Share To Re 1/- Per Share","1","08-Jan-2025","08-Jan-2025","-","-"
"759GS2026","GOVERNMENT OF INDIA","GS","Interest Payment","100","10-Jan-2025","10-Jan-2025","-","-"
"SHRIRAMFIN","Shriram Finance Limited","EQ","Face Value Split (Sub-Division) - From Rs 10/- Per Share To Rs 2/- Per Share","2","10-Jan-2025","10-Jan-2025","-","-"
"726GS2029","GOVERNMENT OF INDIA","GS","Interest Payment","100","13-Jan-2025","13-Jan-2025","-","-"
"CALSOFT","California Software Company Limited","EQ","Rights 3:1 @ Premium Rs 0/-","10","15-Jan-2025","15-Jan-2025","-","-"
"CESC","CESC Limited","EQ","Interim Dividend - Rs 4.50 Per Share","1","16-Jan-2025","16-Jan-2025","-","-"
"PCBL","PCBL Chemical Limited","EQ","Interim Dividend - Rs 5.50 Per Share","1","16-Jan-2025","16-Jan-2025","-","-"
"KITEX","Kitex Garments Limited","EQ","Bonus 2:1","1","17-Jan-2025","17-Jan-2025","-","-"
"HCLTECH","HCL Technologies Limited","EQ","Interim Dividend - Rs 12 Per Share Special Dividend - Rs 6 Per Share","2","17-Jan-2025","17-Jan-2025","-","-"
"GLOBE","GLOBE ENTERPRISES (INDIA) LIMITED","EQ","Rights 1:2 @ Premium Rs 1/-","2","17-Jan-2025","17-Jan-2025","-","-"
"683GS2039","GOVERNMENT OF INDIA","GS","Interest Payment","100","17-Jan-2025","17-Jan-2025","-","-"
"JAIBALAJI","Jai Balaji Industries Limited","EQ","Face Value Split (Sub-Division) - From Rs 10/- Per Share To Rs 2/- Per Share","2","17-Jan-2025","17-Jan-2025","-","-"
"TCS","Tata Consultancy Services Limited","EQ","Interim Dividend - Rs 10 Per Share Special Dividend - Rs 66 Per Share","1","17-Jan-2025","17-Jan-2025","-","-"
"NAVA","NAVA LIMITED","EQ","Face Value Split (Sub-Division) - From Rs 2/- Per Share To Re 1/- Per Share","1","20-Jan-2025","20-Jan-2025","-","-"
"SHRADHA","Shradha Realty Limited","EQ","Extra Ordinary General Meeting","2","21-Jan-2025","-","22-Jan-2025","30-Jan-2025"
"SVLL","Shree Vasu Logistics Limited","EQ","Extra Ordinary General Meeting","10","21-Jan-2025","-","22-Jan-2025","28-Jan-2025"
"ANGELONE","Angel One Limited","EQ","Interim Dividend - Rs 11 Per Share","1","21-Jan-2025","21-Jan-2025","-","-"
"HAVELLS","Havells India Limited","EQ","Interim Dividend - Rs 4 Per Share","1","22-Jan-2025","22-Jan-2025","-","-"
"ANZEN","Anzen India Energy Yield Plus Trust","IV","Distribution - Rs 2.45 Per Unit Consisting Of Interest - Rs 2.40 Per Unit Principal Payment - Re 0.02 Per Unit Other Income - Re 0.03 Per Unit","100","22-Jan-2025","22-Jan-2025","-","-"
"BEPL","Bhansali Engineering Polymers Limited","EQ","Interim Dividend - Re 1 Per Share","1","22-Jan-2025","22-Jan-2025","-","-"
"CONTROLPR","Control Print Limited","EQ","Interim Dividend - Rs 4 Per Share","10","24-Jan-2025","24-Jan-2025","-","-"
"MASTEK","Mastek Limited","EQ","Interim Dividend - Rs 7 Per Share","5","24-Jan-2025","24-Jan-2025","-","-"
"REPL","Rudrabhishek Enterprises Limited","EQ","Extra Ordinary General Meeting","10","24-Jan-2025","24-Jan-2025","-","-"
"OBEROIRLTY","Oberoi Realty Limited","EQ","Interim Dividend - Rs 2 Per Share","10","24-Jan-2025","24-Jan-2025","-","-"
"VIDHIING","Vidhi Specialty Food Ingredients Limited","EQ","Interim Dividend - Rs 1.50 Per Share","1","24-Jan-2025","24-Jan-2025","-","-"
"DCMSHRIRAM","DCM Shriram Limited","EQ","Interim Dividend - Rs 3.60 Per Share","2","24-Jan-2025","24-Jan-2025","-","-"
"TANLA","Tanla Platforms Limited","EQ","Interim Dividend - Rs 6 Per Share","1","27-Jan-2025","27-Jan-2025","-","-"
"PGINVIT","POWERGRID Infrastructure Investment Trust","IV","Distribution - Rs 3 Per Unit Consists Of Interest- Rs 1.88 Per Unit/Total Dividend - Re 0.46 Per Unit/Repayment Of Spv Debt- Re 0.65 Per Unit/Treasury Income Re 0.01 Per Unit","100","27-Jan-2025","27-Jan-2025","-","-"
"KEI","KEI Industries Limited","EQ","Interim Dividend - Rs 4 Per Share","2","27-Jan-2025","27-Jan-2025","-","-"
"MAZDA","Mazda Limited","EQ","Face Value Split (Sub-Division) - From Rs 10/- Per Share To Rs 2/- Per Share","2","28-Jan-2025","28-Jan-2025","-","-"
"WIPRO","Wipro Limited","EQ","Interim Dividend - Rs 6 Per Share","2","28-Jan-2025","28-Jan-2025","-","-"
"INDIGRID","IndiGrid Infrastructure Trust","IV","Distribution - Rs 3.75 Per Unit Consisting Of Dividend Re 0.1284 Per Unit/ Interest Rs 2.7533 Per Unit/Capital Repayment Re 0.8188/Other Income Re 0.0495","100","28-Jan-2025","28-Jan-2025","-","-"
"ZENSARTECH","Zensar Technologies Limited","EQ","Interim Dividend - Rs 2 Per Sh","2","28-Jan-2025","28-Jan-2025","-","-"
"WENDT","Wendt (India) Limited","EQ","Interim Dividend - Rs 30 Per Share","10","28-Jan-2025","28-Jan-2025","-","-"
"TIPSMUSIC","Tips Music Limited","EQ","Interim Dividend - Rs 3 Per Sh","1","28-Jan-2025","28-Jan-2025","-","-"
"MINDSPACE","Mindspace Business Parks REIT","RR","Distribution - Rs 5.32 Per Unit Consisting Of Dividend - Rs 3.20 Per Unit/ Interest - Re 0.22 Per Unit/ Repayment Of Spv Debt - Rs 1.88 Per Unit /Other Income - Re 0.02 Per Unit","275","29-Jan-2025","29-Jan-2025","-","-"
"BPCL","Bharat Petroleum Corporation Limited","EQ","Interim Dividend - Rs 5 Per Share","10","29-Jan-2025","29-Jan-2025","-","-"
"MPSLTD","MPS Limited","EQ","Interim Dividend - Rs 33 Per Share","10","29-Jan-2025","29-Jan-2025","-","-"
"IRBIT","IRB INFRASTRUCTURE TRUST","IV","Distribution - Re 0.46 Per Unit Comprises Of Re 0.19 Per Unit As Interest And Re 0.27 Per Unit As Return On Capital","100","30-Jan-2025","30-Jan-2025","-","-"
"IRBINVIT","IRB InvIT Fund","IV","Distribution - Rs 2 Per Unit Consisting Of Interest Rs 0.74 Per Unit/ Return Of Capital Re 1.02 /Dividend Re 0.24 Per Unit","102","30-Jan-2025","30-Jan-2025","-","-"
"BALKRISIND","Balkrishna Industries Limited","EQ","Interim Dividend - Rs 4 Per Share","2","30-Jan-2025","30-Jan-2025","-","-"
"ACCELYA","Accelya Solutions India Limited","EQ","Interim Dividend - Rs 50 Per Share","10","30-Jan-2025","30-Jan-2025","-","-"
"SEITINVIT","Sustainable Energy Infra Trust","IV","Distribution - Rs 2.28129 Per Unit Comprising Of Rs 2.27935 Per Unit In The Form Of Interest And Re 0.00194 Per Unit As Other Income","100","30-Jan-2025","30-Jan-2025","-","-"
"TCI","Transport Corporation of India Limited","EQ","Interim Dividend - Rs 4.50 Per Share","2","30-Jan-2025","30-Jan-2025","-","-"
"SIEMENS","Siemens Limited","EQ","Dividend - Rs 12 Per Share","2","30-Jan-2025","30-Jan-2025","-","-"
"HUDCO","Housing & Urban Development Corporation Limited","EQ","Interim Dividend - Rs 2.05 Per Share","10","30-Jan-2025","30-Jan-2025","-","-"
"COFORGE","Coforge Limited","EQ","Interim Dividend - Rs 19 Per Share","2","30-Jan-2025","30-Jan-2025","-","-"
"MOTILALOFS","Motilal Oswal Financial Services Limited","EQ","Interim Dividend - Rs 5 Per Sh","1","31-Jan-2025","01-Feb-2025","-","-"
"RITES","RITES Limited","EQ","Interim Dividend - Rs 1.90 Per Share","10","31-Jan-2025","01-Feb-2025","-","-"
"ROUTE","ROUTE MOBILE LIMITED","EQ","Interim Dividend - Rs 3 Per Sh","10","31-Jan-2025","01-Feb-2025","-","-"
"TORNTPHARM","Torrent Pharmaceuticals Limited","EQ","Interim Dividend - Rs 26 Per Sh","5","31-Jan-2025","01-Feb-2025","-","-"
"WEALTH","Wealth First Portfolio Managers Limited","EQ","Interim Dividend - Rs 4 Per Sh","10","31-Jan-2025","31-Jan-2025","-","-"
"JBMA","JBM Auto Limited","EQ","Face Value Split (Sub-Division) - From Rs 2/- Per Share To Re 1/- Per Share","1","31-Jan-2025","31-Jan-2025","-","-"
"SENCO","Senco Gold Limited","EQ","Face Value Split (Sub-Division) - From Rs 10/- Per Share To Rs 5/- Per Share","5","31-Jan-2025","31-Jan-2025","-","-"
"EMBASSY","Embassy Office Parks REIT","RR","Distribution - Rs 5.90 Per Unit Comprises Of Re 0.52 Per Unit As Interest And Rs 3.01 Per Unit As Repayment Of Spv Level Debt And Rs 2.37 As Dividend","300","31-Jan-2025","01-Feb-2025","-","-"
"SHREMINVIT","Shrem Invit","IV","Distribution - Rs 4.5 Per Unit Consists Of Rs. 1.4798 Per Unit As Dividend/Rs. 1.4254 Per Unit As Interest/ Rs. 1.5948 Per Unit As Return Of Capital","100","31-Jan-2025","01-Feb-2025","-","-"
"IEX","Indian Energy Exchange Limited","EQ","Interim Dividend - Rs 1.50 Per Share","1","31-Jan-2025","31-Jan-2025","-","-"
"PERSISTENT","Persistent Systems Limited","EQ","Interim Dividend - Rs 20 Per Share","5","31-Jan-2025","31-Jan-2025","-","-"
"SHRIRAMFIN","Shriram Finance Limited","EQ","Interim Dividend - Rs 2.50 Per Share","2","31-Jan-2025","31-Jan-2025","-","-"
"COALINDIA","Coal India Limited","EQ","Interim Dividend - Rs 5.60 Per Share","10","31-Jan-2025","31-Jan-2025","-","-"
"NTPC","NTPC Limited","EQ","Interim Dividend - Rs 2.50 Per Share","10","31-Jan-2025","31-Jan-2025","-","-"
"IGL","Indraprastha Gas Limited","EQ","Bonus 1:1","2","31-Jan-2025","31-Jan-2025","-","-"
"SIYSIL","Siyaram Silk Mills Limited","EQ","Interim Dividend - Rs 3 Per Share","2","03-Feb-2025","03-Feb-2025","-","-"
"SHAREINDIA","Share India Securities Limited","EQ","Interim Dividend - Re 0.20 Per Share","2","03-Feb-2025","03-Feb-2025","-","-"
"GESHIP","The Great Eastern Shipping Company Limited","EQ","Interim Dividend - Rs 8.10 Per Share","10","03-Feb-2025","03-Feb-2025","-","-"
"GODREJCP","Godrej Consumer Products Limited","EQ","Interim Dividend - Rs 5 Per Share","1","03-Feb-2025","03-Feb-2025","-","-"
"WHEELS","Wheels India Limited","EQ","Interim Dividend - Rs 4.50 Per Share","10","03-Feb-2025","03-Feb-2025","-","-"
"JUBLINGREA","Jubilant Ingrevia Limited","EQ","Interim Dividend - Rs 2.50 Per Share","1","03-Feb-2025","03-Feb-2025","-","-"
"APCOTEXIND","Apcotex Industries Limited","EQ","Interim Dividend - Rs 2 Per Share","2","03-Feb-2025","03-Feb-2025","-","-"
"INDUSINVIT","Indus Infra Trust","IV","Distribution - Rs 2.75 Per Unit Consisting Of Interest - Rs 2.51 Per Unit/ Dividend - Re 0.24 Per Unit","100","03-Feb-2025","03-Feb-2025","-","-"
"MGL","Mahanagar Gas Limited","EQ","Interim Dividend - Rs 12 Per Share","10","03-Feb-2025","03-Feb-2025","-","-"
"LTFOODS","LT Foods Limited","EQ","Interimdividend - Re 0.50 Per Share","1","04-Feb-2025","04-Feb-2025","-","-"
"EMAMILTD","Emami Limited","EQ","Interim Dividend - Rs 4 Per Share","1","04-Feb-2025","04-Feb-2025","-","-"
"TSFINV","TSF INVESTMENTS LIMITED","EQ","Interim Dividend - Rs 3.7 Per Sh","5","04-Feb-2025","04-Feb-2025","-","-"
"CUBEINVIT","Cube Highways Trust","IV","Distribution - Rs 3.25 Per Unit Consisting Of Rs 1.44 Per Unit As Interest Income & Rs 1.81 Per Unit As Repayment Of Spv Loan","100","04-Feb-2025","04-Feb-2025","-","-"
"BIRET","Brookfield India Real Estate Trust","RR","Distribution - Rs 4.90 Per Unit Consisting Of Interest - Rs 1.55 Per Unit/ Repayment Of Spv Debt And Ncds - Rs 2.21 Per Unit/ Dividend - Re 1.05 Per Unit/ Interest On Fixed Deposit - Re 0.09 Per Unit","275","04-Feb-2025","04-Feb-2025","-","-"
"AURIONPRO","Aurionpro Solutions Limited","EQ","Interim Dividend - Re 1 Per Share","10","04-Feb-2025","04-Feb-2025","-","-"
"REDTAPE","Redtape Limited","EQ","Bonus 3:1","2","04-Feb-2025","04-Feb-2025","-","-"
"SRF","SRF Limited","EQ","Interim Dividend - Rs 3.6 Per Sh","10","04-Feb-2025","04-Feb-2025","-","-"
"ORIENTELEC","Orient Electric Limited","EQ","Interim Dividend - Re 0.75 Per Sh","1","04-Feb-2025","04-Feb-2025","-","-"
"KPITTECH","KPIT Technologies Limited","EQ","Interim Dividend - Rs 2.5 Per Sh","10","04-Feb-2025","04-Feb-2025","-","-"
"AARTIDRUGS","Aarti Drugs Limited","EQ","Interim Dividend - Re 1 Per Share","10","04-Feb-2025","04-Feb-2025","-","-"
"COROMANDEL","Coromandel International Limited","EQ","Interim Dividend - Rs 6 Per Share","1","05-Feb-2025","05-Feb-2025","-","-"
"SHREECEM","SHREE CEMENT LIMITED","EQ","Interim Dividend - Rs 50 Per Share","10","05-Feb-2025","05-Feb-2025","-","-"
"SMCGLOBAL","SMC Global Securities Limited","EQ","Interim Dividend - Rs 1.20 Per Share","2","05-Feb-2025","05-Feb-2025","-","-"
"MANBA","Manba Finance Limited","EQ","Interim Dividend - Re 0.25 Per Share","10","05-Feb-2025","05-Feb-2025","-","-"
"MASFIN","MAS Financial Services Limited","EQ","Interim Dividend - Re 1 Per Share","10","05-Feb-2025","05-Feb-2025","-","-"
"LALPATHLAB","Dr. Lal Path Labs Ltd.","EQ","Interim Dividend - Rs 6 Per Share","10","05-Feb-2025","05-Feb-2025","-","-"
"IMFA","Indian Metals & Ferro Alloys Limited","EQ","Interim Dividend - Rs 5 Per Share","10","05-Feb-2025","05-Feb-2025","-","-"
"SONACOMS","Sona BLW Precision Forgings Limited","EQ","Interim Dividend - Rs 1.60 Per Share","10","05-Feb-2025","05-Feb-2025","-","-"
"SHARDACROP","Sharda Cropchem Limited","EQ","Interim Dividend - Rs 3 Per Share","10","06-Feb-2025","06-Feb-2025","-","-"
"TRITURBINE","Triveni Turbine Limited","EQ","Interim Dividend - Rs 2 Per Share","1","06-Feb-2025","06-Feb-2025","-","-"
"KSOLVES","Ksolves India Limited","EQ","Face Value Split (Sub-Division) - From Rs 10/- Per Share To Rs 5/- Per Share","5","06-Feb-2025","06-Feb-2025","-","-"
"IMPAL","India Motor Parts and Accessories Limited","EQ","Interim Dividend - Rs 10 Per Share","10","06-Feb-2025","06-Feb-2025","-","-"
"SUNPHARMA","Sun Pharmaceutical Industries Limited","EQ","Interim Dividend - Rs 10.50 Per Share","1","06-Feb-2025","06-Feb-2025","-","-"
"CONCOR","Container Corporation of India Limited","EQ","Interim Dividend - Rs 4.25 Per Share","5","06-Feb-2025","06-Feb-2025","-","-"
"IRB","IRB Infrastructure Developers Limited","EQ","Interim Dividend - Re 0.10 Per Share","1","06-Feb-2025","06-Feb-2025","-","-"
"JBCHEPHARM","JB Chemicals & Pharmaceuticals Limited","EQ","Interim Dividend - Rs 8.50 Per Share","1","07-Feb-2025","08-Feb-2025","-","-"
"KPRMILL","K.P.R. Mill Limited","EQ","Interim Dividend - Rs 2.50 Per Share","1","07-Feb-2025","07-Feb-2025","-","-"
"SHRIPISTON","Shriram Pistons & Rings Limited","EQ","Interim Dividend - Rs 5 Per Share","10","07-Feb-2025","07-Feb-2025","-","-"
"VAIBHAVGBL","Vaibhav Global Limited","EQ","Interim Dividend - Rs 1.50 Per Share","2","07-Feb-2025","08-Feb-2025","-","-"
"WEL","Wonder Electricals Limited","EQ","Interim Dividend - Re 0.10 Per Share","1","07-Feb-2025","07-Feb-2025","-","-"
"CAMS","Computer Age Management Services Limited","EQ","Interim Dividend - Rs 17.50 Per Share","2","07-Feb-2025","07-Feb-2025","-","-"
"ONGC","Oil & Natural Gas Corporation Limited","EQ","Interim Dividend - Rs 5 Per Share","5","07-Feb-2025","07-Feb-2025","-","-"
"RAMAPHO","Rama Phosphates Limited","EQ","Face Value Split (Sub-Division) - From Rs 10/- Per Share To Rs 5/- Per Share","5","07-Feb-2025","07-Feb-2025","-","-"
"NLCINDIA","NLC India Limited","EQ","Interim Dividend - Rs 1.50 Per Share","10","07-Feb-2025","07-Feb-2025","-","-"
"POWERGRID","Power Grid Corporation of India Limited","EQ","Interim Dividend - Rs 3.25 Per Share","10","07-Feb-2025","07-Feb-2025","-","-"
"SUNDARMFIN","Sundaram Finance Limited","EQ","Interim Dividend - Rs 14 Per Share","10","07-Feb-2025","07-Feb-2025","-","-"
"AGIIL","Agi Infra Limited","EQ","Face Value Split (Sub-Division) - From Rs 10/- Per Share To Rs 5/- Per Share","1","07-Feb-2025","07-Feb-2025","-","-"
"TIINDIA","Tube Investments of India Limited","EQ","Interim Dividend - Rs 2 Per Share","1","07-Feb-2025","07-Feb-2025","-","-"
"GATEWAY","Gateway Distriparks Limited","EQ","Interim Dividend - Re 0.75 Per Share","10","07-Feb-2025","07-Feb-2025","-","-"
"GRSE","Garden Reach Shipbuilders & Engineers Limited","EQ","Interim Dividend - Rs 8.95 Per Share","10","07-Feb-2025","07-Feb-2025","-","-"
"HIKAL","Hikal Limited","EQ","Interim Dividend - Re 0.60 Per Share","2","07-Feb-2025","08-Feb-2025","-","-"
"NESTLEIND","Nestle India Limited","EQ","Interim Dividend - Rs 14.25 Per Share","1","07-Feb-2025","07-Feb-2025","-","-"
"BANARBEADS","Banaras Beads Limited","EQ","Interim Dividend - Rs 2.25 Per Share","10","07-Feb-2025","08-Feb-2025","-","-"
"CHOLAFIN","Cholamandalam Investment and Finance Company Limited","EQ","Interim Dividend - Rs 1.30 Per Share","2","07-Feb-2025","07-Feb-2025","-","-"
"CLEAN","Clean Science and Technology Limited","EQ","Interim Dividend - Rs 2 Per Share","1","07-Feb-2025","07-Feb-2025","-","-"
"EPIGRAL","Epigral Limited","EQ","Interim Dividend - Rs 2.50 Per Share","10","07-Feb-2025","07-Feb-2025","-","-"
"GAIL","GAIL (India) Limited","EQ","Interim Dividend - Rs 6.50 Per Share","10","07-Feb-2025","07-Feb-2025","-","-"
"JSL","Jindal Stainless Limited","EQ","Interim Dividend - Re 1 Per Share","2","07-Feb-2025","08-Feb-2025","-","-"
"KIRLPNU","Kirloskar Pneumatic Company Limited","EQ","Interim Dividend - Rs 3.50 Per Share","2","07-Feb-2025","07-Feb-2025","-","-"
"MARICO","Marico Limited","EQ","Interim Dividend - Rs 3.50 Per Share","1","07-Feb-2025","07-Feb-2025","-","-"
"QUESS","Quess Corp Limited","EQ","Interim Dividend - Rs 4 Per Share","10","07-Feb-2025","07-Feb-2025","-","-"
"SHANTIGEAR","Shanthi Gears Limited","EQ","Interim Dividend - Rs 3 Per Share","1","07-Feb-2025","07-Feb-2025","-","-"
"SHYAMMETL","Shyam Metalics and Energy Limited","EQ","Interim Dividend - Rs 2.25 Per Share","10","07-Feb-2025","07-Feb-2025","-","-"
"STEELCAS","Steelcast Limited","EQ","Interim Dividend - Rs 1.80 Per Share","1","07-Feb-2025","07-Feb-2025","-","-"
"TARACHAND","Tara Chand InfraLogistic Solutions Limited","EQ","Interim Dividend - Re 0.20 Per Share","2","07-Feb-2025","07-Feb-2025","-","-"
"JYOTISTRUC","Jyoti Structures Limited","EQ","Rights 9:26 @ Premium Rs 14/-","2","10-Feb-2025","10-Feb-2025","-","-"
"NHIT","National Highways Infra Trust","IV","Distribution - Rs 1.99 Per Unit In The Form Of Interest","101","10-Feb-2025","10-Feb-2025","-","-"
"ASTERDM","Aster DM Healthcare Limited","EQ","Interim Dividend - Rs 4 Per Share","10","10-Feb-2025","10-Feb-2025","-","-"
"GPTINFRA","GPT Infraprojects Limited","EQ","Interim Dividend - Re 1 Per Share","10","10-Feb-2025","10-Feb-2025","-","-"
"SURAJLTD","Suraj Limited","EQ","Interim Dividend - Rs 1.50 Per Share","10","10-Feb-2025","10-Feb-2025","-","-"
"CMSINFO","CMS Info Systems Limited","EQ","Interim Dividend - Rs 3.25 Per Share","10","11-Feb-2025","11-Feb-2025","-","-"
"THANGAMAYL","Thangamayil Jewellery Limited","EQ","Rights 2:15 @ Premium Rs 1390/-","10","11-Feb-2025","11-Feb-2025","-","-"
"SYMPHONY","Symphony Limited","EQ","Interim Dividend - Rs 2 Per Share","2","11-Feb-2025","11-Feb-2025","-","-"
"UNIPARTS","Uniparts India Limited","EQ","Interim Dividend - Rs 7.50 Per Share","10","12-Feb-2025","12-Feb-2025","-","-"
"TCIEXP","TCI Express Limited","EQ","Interim Dividend - Rs 3 Per Share","2","12-Feb-2025","12-Feb-2025","-","-"
"TORNTPOWER","Torrent Power Limited","EQ","Interim Dividend - Rs 14 Per Share","10","12-Feb-2025","12-Feb-2025","-","-"
"MANINFRA","Man Infraconstruction Limited","EQ","Interim Dividend - Re 0.45 Per Sh","2","12-Feb-2025","12-Feb-2025","-","-"
"NDRINVIT","NDR INVIT Trust","IV","Distribution - Rs 1.75 Per Unit Comprising Of Re 0.85 Per Unit In The Form Of Interest/ Re 0.90 Per Unit In The Form Of Return Of Capital","100","12-Feb-2025","12-Feb-2025","-","-"
"EXPLEOSOL","Expleo Solutions Limited","EQ","Interim Dividend - Rs 50 Per Share","10","12-Feb-2025","12-Feb-2025","-","-"
"COCHINSHIP","Cochin Shipyard Limited","EQ","Interim Dividend - Rs 3.50 Per Share","5","12-Feb-2025","12-Feb-2025","-","-"
"HEROMOTOCO","Hero MotoCorp Limited","EQ","Interim Dividend - Rs 100 Per Share","2","12-Feb-2025","12-Feb-2025","-","-"
"MINDACORP","Minda Corporation Limited","EQ","Interim Dividend - Re 0.50 Per Share","2","12-Feb-2025","12-Feb-2025","-","-"
"TTL","T T Limited","EQ","Face Value Split (Sub-Division) - From Rs 10/- Per Share To Re 1/- Per Share","1","12-Feb-2025","12-Feb-2025","-","-"
"UNOMINDA","UNO Minda Limited","EQ","Interim Dividend - Re 0.75 Per Share","2","12-Feb-2025","12-Feb-2025","-","-"
"ITC","ITC Limited","EQ","Interim Dividend - Rs 6.50 Per Share","1","12-Feb-2025","12-Feb-2025","-","-"
"NHPC","NHPC Limited","EQ","Interim Dividend - Rs 1.4 Per Share","10","13-Feb-2025","13-Feb-2025","-","-"
"PAGEIND","Page Industries Limited","EQ","Interim Dividend - Rs 150 Per Share","10","13-Feb-2025","13-Feb-2025","-","-"
"SUNTV","Sun TV Network Limited","EQ","Interim Dividend - Rs 2.5 Per Share","5","13-Feb-2025","13-Feb-2025","-","-"
"ERIS","Eris Lifesciences Limited","EQ","Interim Dividend - Rs 7.35 Per Share","1","13-Feb-2025","13-Feb-2025","-","-"
"NXT-INFRA","Nxt-Infra Trust","IV","Distribution - Rs 3.386 Per Unit Comprises Of Rs 1.462 Per Unit In The Form Of Interest/ Rs 1.924 Per Unit In The Form Of Return Of Capital","100","13-Feb-2025","13-Feb-2025","-","-"
"VEEDOL","Veedol Corporation Limited","EQ","Interim Dividend - Rs 12 Per Share","2","13-Feb-2025","13-Feb-2025","-","-"
"TARIL","Transformers And Rectifiers (India) Limited","EQ","Bonus 1:1","1","14-Feb-2025","14-Feb-2025","-","-"
"TEMBO","Tembo Global Industries Limited","EQ","Interim Dividend - Re 1 Per Share","10","14-Feb-2025","14-Feb-2025","-","-"
"828GS2032","GOVERNMENT OF INDIA","GS","Interest Payment","100","14-Feb-2025","14-Feb-2025","-","-"
"BDL","Bharat Dynamics Limited","EQ","Interim Dividend - Rs 4 Per Share","5","14-Feb-2025","14-Feb-2025","-","-"
"BEML","BEML Limited","EQ","Interim Dividend - Rs 5 Per Share","5","14-Feb-2025","14-Feb-2025","-","-"
"AARTIPHARM","Aarti Pharmalabs Limited","EQ","Interim Dividend - Rs 2.50 Per Share","5","14-Feb-2025","14-Feb-2025","-","-"
"ADVANIHOTR","Advani Hotels & Resorts (India) Limited","EQ","Interim Dividend - Re 1 Per Share","2","14-Feb-2025","14-Feb-2025","-","-"
"ALKEM","Alkem Laboratories Limited","EQ","Interim Dividend - Rs 37 Per Share","2","14-Feb-2025","14-Feb-2025","-","-"
"APOLLOHOSP","Apollo Hospitals Enterprise Limited","EQ","Interim Dividend - Rs 9 Per Share","5","14-Feb-2025","15-Feb-2025","-","-"
"BANCOINDIA","Banco Products (I) Limited","EQ","Interim Dividend - Rs 11 Per Share","2","14-Feb-2025","14-Feb-2025","-","-"
"DHRUV","Dhruv Consultancy Services Limited","EQ","Interim Dividend - Re 0.10 Per Share","10","14-Feb-2025","14-Feb-2025","-","-"
"ENGINERSIN","Engineers India Limited","EQ","Interim Dividend - Rs 2 Per Share","5","14-Feb-2025","14-Feb-2025","-","-"
"ESCORTS","Escorts Kubota Limited","EQ","Interim Dividend - Rs 10 Per Share","10","14-Feb-2025","14-Feb-2025","-","-"
"GOLDIAM","Goldiam International Limited","EQ","Interim Dividend - Re 1 Per Share","2","14-Feb-2025","14-Feb-2025","-","-"
"GULFOILLUB","Gulf Oil Lubricants India Limited","EQ","Interim Dividend - Rs 20 Per Share","2","14-Feb-2025","14-Feb-2025","-","-"
"CUMMINSIND","Cummins India Limited","EQ","Interim Dividend - Rs 18 Per Share","2","14-Feb-2025","14-Feb-2025","-","-"
"NATIONALUM","National Aluminium Company Limited","EQ","Interim Dividend - Rs 4 Per Share","5","14-Feb-2025","14-Feb-2025","-","-"
"MOIL","MOIL Limited","EQ","Interim Dividend - Rs 4.02 Per Share","10","14-Feb-2025","15-Feb-2025","-","-"
"MRF","MRF Limited","EQ","Interim Dividend - Rs 3 Per Share","10","14-Feb-2025","14-Feb-2025","-","-"
"MSTCLTD","Mstc Limited","EQ","Interim Dividend - Rs 32 Per Share","10","14-Feb-2025","14-Feb-2025","-","-"
"PIIND","PI Industries Limited","EQ","Interim Dividend - Rs 6 Per Share","1","14-Feb-2025","14-Feb-2025","-","-"
"PREMIERENE","Premier Energies Limited","EQ","Interim Dividend - Re 0.50 Per Share","1","14-Feb-2025","14-Feb-2025","-","-"
"RECLTD","REC Limited","EQ","Interim Dividend - Rs 4.30 Per Share","10","14-Feb-2025","14-Feb-2025","-","-"
"SAREGAMA","Saregama India Limited","EQ","Interim Dividend - Rs 4.50 Per Share","1","14-Feb-2025","14-Feb-2025","-","-"
"824GS2027","GOVERNMENT OF INDIA","GS","Interest Payment","100","14-Feb-2025","14-Feb-2025","-","-"
"BECTORFOOD","Mrs. Bectors Food Specialities Limited","EQ","Interim Dividend - Rs 3 Per Share","2","17-Feb-2025","17-Feb-2025","-","-"
"CAMPUS","Campus Activewear Limited","EQ","Interim Dividend - Re 0.70 Per Share","5","17-Feb-2025","17-Feb-2025","-","-"
"APOLSINHOT","Apollo Sindoori Hotels Limited","EQ","Interim Dividend - Re 0.50 Per Share","5","17-Feb-2025","17-Feb-2025","-","-"
"OIL","Oil India Limited","EQ","Interim Dividend - Rs 7 Per Share","10","17-Feb-2025","17-Feb-2025","-","-"
"DALMIASUG","Dalmia Bharat Sugar and Industries Limited","EQ","Interim Dividend - Rs 4.50 Per Share","2","17-Feb-2025","17-Feb-2025","-","-"
"IIFLCAPS","IIFL Capital Services Limited","EQ","Interim Dividend - Rs 3 Per Share","2","17-Feb-2025","17-Feb-2025","-","-"
"IRCON","Ircon International Limited","EQ","Interim Dividend - Rs 1.65 Per Sh","2","17-Feb-2025","17-Feb-2025","-","-"
"GARUDA","Garuda Construction and Engineering Limited","EQ","Interim Dividend - Re 0.025 Per Share","5","17-Feb-2025","17-Feb-2025","-","-"
"BHARATFORG","Bharat Forge Limited","EQ","Interim Dividend - Rs 2.5 Per Share","2","18-Feb-2025","18-Feb-2025","-","-"
"UNIDT","United Drilling Tools Limited","EQ","Interim Dividend - Re 0.60 Per Share","10","18-Feb-2025","19-Feb-2025","-","-"
"AMRUTANJAN","Amrutanjan Health Care Limited","EQ","Interim Dividend - Re 1 Per Share","1","18-Feb-2025","18-Feb-2025","-","-"
"FCL","Fineotex Chemical Limited","EQ","Interim Dividend - Re 0.4 Per Share","1","18-Feb-2025","18-Feb-2025","-","-"
"GILLETTE","Gillette India Limited","EQ","Interim Dividend - Rs 65 Per Share","10","18-Feb-2025","19-Feb-2025","-","-"
"GREENPANEL","Greenpanel Industries Limited","EQ","Interim Dividend - Re 0.30 Per Share","1","18-Feb-2025","18-Feb-2025","-","-"
"HAL","Hindustan Aeronautics Limited","EQ","Interim Dividend - Rs 25 Per Share","5","18-Feb-2025","18-Feb-2025","-","-"
"HONDAPOWER","Honda India Power Products Limited","EQ","Special Dividend - Rs 10 Per Share","10","18-Feb-2025","18-Feb-2025","-","-"
"IOLCP","IOL Chemicals and Pharmaceuticals Limited","EQ","Interim Dividend - Rs 4 Per Share","2","18-Feb-2025","18-Feb-2025","-","-"
"KOTHARIPRO","Kothari Products Limited","EQ","Bonus 1:1","10","18-Feb-2025","18-Feb-2025","-","-"
"KPEL","K.P. Energy Limited","EQ","Interim Dividend - Re 0.20 Per Share","5","18-Feb-2025","18-Feb-2025","-","-"
"KPIGREEN","KPI Green Energy Limited","EQ","Interim Dividend - Re 0.20 Per Share","5","18-Feb-2025","18-Feb-2025","-","-"
"MAITHANALL","Maithan Alloys Limited","EQ","Interim Dividend - Rs 3 Per Share","10","18-Feb-2025","19-Feb-2025","-","-"
"NATCOPHARM","Natco Pharma Limited","EQ","Interim Dividend - Rs 1.50 Per Share","2","18-Feb-2025","18-Feb-2025","-","-"
"OSEINTRUST","Oriental InfraTrust","IV","Distribution - Rs 2.6219 Per Unit Consists Of Interest- Rs 1.4213 Per Unit/Dividend - Re 0.6049 Per Unit/Return Of Capital Re 0.5957 Per Unit","100","18-Feb-2025","18-Feb-2025","-","-"
"PRECWIRE","Precision Wires India Limited","EQ","Interim Dividend - Re 0.30 Per Share","1","18-Feb-2025","18-Feb-2025","-","-"
"NBCC","NBCC (India) Limited","EQ","Interim Dividend - Re 0.53 Per Share","1","18-Feb-2025","18-Feb-2025","-","-"
"NCLIND","NCL Industries Limited","EQ","Interim Dividend - Re 1 Per Share","10","18-Feb-2025","18-Feb-2025","-","-"
"SSDL","Saraswati Saree Depot Limited","EQ","Interim Dividend - Rs 2.27 Per Share","10","18-Feb-2025","19-Feb-2025","-","-"
"SUPRAJIT","Suprajit Engineering Limited","EQ","Interim Dividend - Rs 1.25 Per Share","1","18-Feb-2025","18-Feb-2025","-","-"
"CARBORUNIV","Carborundum Universal Limited","EQ","Interim Dividend - Rs 1.50 Per Share","1","18-Feb-2025","19-Feb-2025","-","-"
"AVTNPL","AVT Natural Products Limited","EQ","Interim Dividend - Re 0.30 Per Share","1","20-Feb-2025","20-Feb-2025","-","-"
"ESABINDIA","Esab India Limited","EQ","Interim Dividend - Rs 23 Per Share","10","20-Feb-2025","20-Feb-2025","-","-"
"SBCL","Shivalik Bimetal Controls Limited","EQ","Interim Dividend - Rs 1.2 Per Share","2","20-Feb-2025","20-Feb-2025","-","-"
"PGHH","Procter & Gamble Hygiene and Health Care Limited","EQ","Interim Dividend - Rs 110 Per Share","10","20-Feb-2025","20-Feb-2025","-","-"
"IRCTC","Indian Railway Catering And Tourism Corporation Limited","EQ","Interim Dividend - Rs 3 Per Share","2","20-Feb-2025","20-Feb-2025","-","-"
"KIRLOSENG","Kirloskar Oil Engines Limited","EQ","Interim Dividend - Rs 2.5 Per Share","2","21-Feb-2025","21-Feb-2025","-","-"
"MANAPPURAM","Manappuram Finance Limited","EQ","Interim Dividend - Re 1 Per Share","2","21-Feb-2025","21-Feb-2025","-","-"
"MODISONLTD","MODISON LIMITED","EQ","Interim Dividend - Rs 1.50 Per Share","1","21-Feb-2025","21-Feb-2025","-","-"
"PGHL","Procter & Gamble Health Limited","EQ","Interim Dividend - Rs 80 Per Share","10","21-Feb-2025","21-Feb-2025","-","-"
"SANDESH","The Sandesh Limited","EQ","Interim Dividend - Rs 2.5 Per Share","10","21-Feb-2025","21-Feb-2025","-","-"
"INDNIPPON","India Nippon Electricals Limited","EQ","Interim Dividend - Rs 12.50 Per Share","5","21-Feb-2025","21-Feb-2025","-","-"
"UNITEDTEA","The United Nilgiri Tea Estates Company Limited","EQ","Interim Dividend - Re 1 Per Share","10","21-Feb-2025","21-Feb-2025","-","-"
"FSL","Firstsource Solutions Limited","EQ","Interim Dividend - Rs 4 Per Share","10","21-Feb-2025","21-Feb-2025","-","-"
"BBTC","The Bombay Burmah Trading Corporation Limited","EQ","Interim Dividend - Rs 13 Per Share","2","21-Feb-2025","21-Feb-2025","-","-"
"CANTABIL","Cantabil Retail India Limited","EQ","Interim Dividend - Re 0.50 Per Share","2","21-Feb-2025","21-Feb-2025","-","-"
"CPCAP","CP Capital Limited","EQ","Interim Dividend - Re 1 Per Share","10","21-Feb-2025","21-Feb-2025","-","-"
"SJVN","SJVN Limited","EQ","Interim Dividend - Rs 1.15 Per Share","10","21-Feb-2025","21-Feb-2025","-","-"
"SBICARD","SBI Cards and Payment Services Limited","EQ","Interim Dividend - Rs 2.50 Per Share","10","25-Feb-2025","25-Feb-2025","-","-"
"795GS2032","GOVERNMENT OF INDIA","GS","Interest Payment","100","27-Feb-2025","27-Feb-2025","-","-"
"STEELCITY","Steel City Securities Limited","EQ","Interim Dividend - Re 1 Per Share","10","27-Feb-2025","27-Feb-2025","-","-"
"JINDWORLD","Jindal Worldwide Limited","EQ","Bonus 4:1","1","28-Feb-2025","28-Feb-2025","-","-"
"IGIL","International Gemmological Institute (India) Limited","EQ","Interim Dividend - Rs 2.44 Per Share","2","28-Feb-2025","28-Feb-2025","-","-"
"PFC","Power Finance Corporation Limited","EQ","Interim Dividend - Rs 3.50 Per Share","10","28-Feb-2025","28-Feb-2025","-","-"
"NAVA","NAVA LIMITED","EQ","Buy Back","1","28-Feb-2025","28-Feb-2025","-","-"
"MGEL","Mangalam Global Enterprise Limited","EQ","Face Value Split (Sub-Division) - From Rs 2/- Per Share To Re 1/- Per Share","1","04-Mar-2025","04-Mar-2025","-","-"
"CAPINVIT","Capital Infra Trust","IV","Distribution - Rs 12.71 Per Unit Consisting Of Rs 11.22 Per Unit Taxable Dividend & Rs 1.38 Per Unit Exempt Dividend/ Interest Payment Re 0.11 Per Unit","99","04-Mar-2025","04-Mar-2025","-","-"
"COASTCORP","Coastal Corporation Limited","EQ","Face Value Split (Sub-Division) - From Rs 10/- Per Share To Rs 2/- Per Share","2","04-Mar-2025","04-Mar-2025","-","-"
"697GS2026","GOVERNMENT OF INDIA","GS","Interest Payment","100","05-Mar-2025","05-Mar-2025","-","-"
"ANANDRATHI","Anand Rathi Wealth Limited","EQ","Bonus 1:1","5","05-Mar-2025","05-Mar-2025","-","-"
"SBILIFE","SBI Life Insurance Company Limited","EQ","Interim Dividend - Rs 2.70 Per Share","10","07-Mar-2025","07-Mar-2025","-","-"
"74GS2035","GOVERNMENT OF INDIA","GS","Interest Payment","100","07-Mar-2025","07-Mar-2025","-","-"
"METROBRAND","Metro Brands Limited","EQ","Interim Dividend - Rs 3 Per Share & Special Dividend - Rs 14.50 Per Share","5","07-Mar-2025","07-Mar-2025","-","-"
"SBC","SBC Exports Limited","EQ","Bonus 1:2","1","10-Mar-2025","10-Mar-2025","-","-"
"ABINFRA","A B Infrabuild Limited","EQ","Rights 1:5 @ Premium Rs 27.50/-","1","10-Mar-2025","10-Mar-2025","-","-"
"1018GS2026","GOVERNMENT OF INDIA","GS","Interest Payment","100","10-Mar-2025","10-Mar-2025","-","-"
"KESORAMIND","Kesoram Industries Limited","EQ","Demerger","10","10-Mar-2025","10-Mar-2025","-","-"
"JASH","Jash Engineering Limited","EQ","Interim Dividend - Re 0.80 Per Share","2","10-Mar-2025","10-Mar-2025","-","-"
"BEL","Bharat Electronics Limited","EQ","Interim Dividend - Rs 1.5 Per Share","1","11-Mar-2025","11-Mar-2025","-","-"
"IOLCP","IOL Chemicals and Pharmaceuticals Limited","EQ","Face Value Split (Sub-Division) - From Rs 10/- Per Share To Rs 2/- Per Share","2","11-Mar-2025","11-Mar-2025","-","-"
"GRINFRA","G R Infraprojects Limited","EQ","Interim Dividend - Rs 12.50 Per Share","5","13-Mar-2025","13-Mar-2025","-","-"
"668GS2031","GOVERNMENT OF INDIA","GS","Interest Payment","100","13-Mar-2025","15-Mar-2025","-","-"
"IRISDOREME","Iris Clothings Limited","EQ","Rights 1:6 @ Premium Rs 33/-","2","13-Mar-2025","13-Mar-2025","-","-"
"SUNTV","Sun TV Network Limited","EQ","Interim Dividend - Rs 2.50 Per Share","5","13-Mar-2025","13-Mar-2025","-","-"
"HUDCO","Housing & Urban Development Corporation Limited","EQ","Interim Dividend - Rs 1.05 Per Share","10","13-Mar-2025","14-Mar-2025","-","-"
"NHIT","National Highways Infra Trust","IV","Distribution - Rs 1.652 Per Unit Comprising Of Rs 1.644 Per Unit As Interest/ Rs 0.008 Per Unit As Other Income","101","18-Mar-2025","18-Mar-2025","-","-"
"DICIND","DIC India Limited","EQ","Dividend - Rs 4 Per Share","10","18-Mar-2025","18-Mar-2025","-","-"
"CASTROLIND","Castrol India Limited","EQ","Dividend - Rs 5 Per Share & Special Dividend - Rs 4.50 Per Share","5","18-Mar-2025","18-Mar-2025","-","-"
"788GS2030","GOVERNMENT OF INDIA","GS","Interest Payment","100","18-Mar-2025","18-Mar-2025","-","-"
"PFC","Power Finance Corporation Limited","EQ","Interim Dividend - Rs 3.50 Per Share","10","19-Mar-2025","19-Mar-2025","-","-"
"AGIIL","Agi Infra Limited","EQ","Interim Dividend - Rs Per 0.50 Share","1","19-Mar-2025","19-Mar-2025","-","-"
"759GS2029","GOVERNMENT OF INDIA","GS","Interest Payment","100","19-Mar-2025","19-Mar-2025","-","-"
"GALAXYSURF","Galaxy Surfactants Limited","EQ","Interim Dividend - Rs 18 Per Share","10","20-Mar-2025","20-Mar-2025","-","-"
"828GS2027","GOVERNMENT OF INDIA","GS","Interest Payment","100","20-Mar-2025","20-Mar-2025","-","-"
"ANGELONE","Angel One Limited","EQ","Interim Dividend - Rs 11 Per Share","1","20-Mar-2025","20-Mar-2025","-","-"
"PRAXIS","Praxis Home Retail Limited","EQ","Rights 11:30 @ Premium Rs 5/-","5","20-Mar-2025","20-Mar-2025","-","-"
"833GS2032","GOVERNMENT OF INDIA","GS","Interest Payment","100","20-Mar-2025","20-Mar-2025","-","-"
"82GS2025","GOVERNMENT OF INDIA","GS","Interest Payment","100","21-Mar-2025","21-Mar-2025","-","-"
"GREENLAM","Greenlam Industries Limited","EQ","Bonus 1:1","1","21-Mar-2025","21-Mar-2025","-","-"
"IRFC","Indian Railway Finance Corporation Limited","EQ","Interim Dividend - Re 0.80 Per Share","10","21-Mar-2025","21-Mar-2025","-","-"
"CGPOWER","CG Power and Industrial Solutions Limited","EQ","Interim Dividend - Rs 1.30 Per Share","2","21-Mar-2025","22-Mar-2025","-","-"
"NMDC","NMDC Limited","EQ","Interim Dividend - Rs 2.30 Per Share","1","21-Mar-2025","21-Mar-2025","-","-"
"601GS2028","GOVERNMENT OF INDIA","GS","Interest Payment","100","24-Mar-2025","24-Mar-2025","-","-"
"BTML","Bodhi Tree Multimedia Limited","EQ","Rights 4:9 @ Premium Rs 7/-","1","24-Mar-2025","24-Mar-2025","-","-"
"597GS2025","GOVERNMENT OF INDIA","GS","Interest Payment","100","24-Mar-2025","24-Mar-2025","-","-"
"KSOLVES","Ksolves India Limited","EQ","Interim Dividend - Rs 7.50 Per Share","5","25-Mar-2025","25-Mar-2025","-","-"
"MIDHANI","Mishra Dhatu Nigam Limited","EQ","Interim Dividend - Re 0.75 Per Share","10","25-Mar-2025","25-Mar-2025","-","-"
"INTERISE","Interise Trust","IV","Distribution - Rs 2.50 Per Unit Consists Of Interest Amount - Re 0.54 Per Unit/Return On Capital - Re 0.48 Per Unit/ Dividend - Rs 1.46 Per Unit/ Other Income - Re 0.02 Per Unit","100","26-Mar-2025","26-Mar-2025","-","-"
"RECLTD","REC Limited","EQ","Interim Dividend - Rs 3.60 Per Share","10","26-Mar-2025","26-Mar-2025","-","-"
"TVSMOTOR","TVS Motor Company Limited","EQ","Interim Dividend - Rs 10 Per Share","1","26-Mar-2025","26-Mar-2025","-","-"
"BBTC","The Bombay Burmah Trading Corporation Limited","EQ","Interim Dividend - Rs 4 Per Share","2","27-Mar-2025","27-Mar-2025","-","-"
"SUNCLAY","Sundaram Clayton Limited","EQ","Interim Dividend - Rs 4.75 Per Share","5","27-Mar-2025","27-Mar-2025","-","-"
"AIIL","Authum Investment & Infrastructure Limited","EQ","Interim Dividend - Re 1 Per Share","1","27-Mar-2025","27-Mar-2025","-","-"
"92GS2030","GOVERNMENT OF INDIA","GS","Interest Payment","100","28-Mar-2025","28-Mar-2025","-","-"
"MOTHERSON","Samvardhana Motherson International Limited","EQ","Interim Dividend - Rs 0.50 Per Share","1","28-Mar-2025","28-Mar-2025","-","-"
"MATRIMONY","Matrimony.Com Limited","EQ","Special Dividend - Rs 5 Per Share","5","28-Mar-2025","28-Mar-2025","-","-"
"TVSHLTD","TVS Holdings Limited","EQ","Interim Dividend - Rs 93 Per Share","5","28-Mar-2025","28-Mar-2025","-","-"
"MSUMI","Motherson Sumi Wiring India Limited","EQ","Interim Dividend - Rs 0.50 Per Share","1","28-Mar-2025","28-Mar-2025","-","-"
"RAILTEL","Railtel Corporation Of India Limited","EQ","Interim Dividend - Re 1 Per Share","10","02-Apr-2025","02-Apr-2025","-","-"
"MSTCLTD","Mstc Limited","EQ","Interim Dividend - Rs 4.50 Per Share","10","02-Apr-2025","02-Apr-2025","-","-"
"UNITDSPR","United Spirits Limited","EQ","Interim Dividend - Rs 4 Per Share","2","03-Apr-2025","03-Apr-2025","-","-"
"DHARAN","DHARAN INFRA-EPC LIMITED","EQ","Bonus 1:1","1","04-Apr-2025","04-Apr-2025","-","-"
"VBL","Varun Beverages Limited","EQ","Dividend - Re 0.50 Per Share","2","04-Apr-2025","04-Apr-2025","-","-"
"679GS2034","Government of India","GS","Interest Payment","100","04-Apr-2025","04-Apr-2025","-","-"
"FUSION","Fusion Finance Limited","EQ","Rights 55:91 @ Premium Rs 121/-","10","04-Apr-2025","04-Apr-2025","-","-"
"DCMSRIND","DCM Shriram Industries Limited","EQ","Interim Dividend - Rs  2 Per Share","2","04-Apr-2025","04-Apr-2025","-","-"
"727GS2026","GOVERNMENT OF INDIA","GS","Interest Payment","100","07-Apr-2025","07-Apr-2025","-","-"
"SIEMENS","Siemens Limited","EQ","Demerger","2","07-Apr-2025","07-Apr-2025","-","-"
"GS100425C","Government of India","GS","Redemption","100","07-Apr-2025","07-Apr-2025","-","-"
"706GS2046","GOVERNMENT OF INDIA","GS","Interest Payment","100","09-Apr-2025","09-Apr-2025","-","-"
"SSDL","Saraswati Saree Depot Limited","EQ","Interim Dividend - Rs 1.515 Per Share","10","09-Apr-2025","10-Apr-2025","-","-"
"CRISIL","CRISIL Limited","EQ","Dividend - Rs 26 Per Share","1","11-Apr-2025","14-Apr-2025","-","-"
"ASHIANA","Ashiana Housing Limited","EQ","Interim Dividend - Re 1 Per Share","2","11-Apr-2025","11-Apr-2025","-","-"
"HEXT","Hexaware Technologies Limited","EQ","Interim Dividend - Rs 5.75 Per Share","1","15-Apr-2025","15-Apr-2025","-","-"
"QUESS","Quess Corp Limited","EQ","Demerger","10","15-Apr-2025","15-Apr-2025","-","-"
"MAZDOCK","Mazagon Dock Shipbuilders Limited","EQ","Interim Dividend - Rs 3 Per Share","5","16-Apr-2025","16-Apr-2025","-","-"
"SANOFICONR","Sanofi Consumer Healthcare India Limited","EQ","Dividend - Rs 55 Per Share","10","17-Apr-2025","17-Apr-2025","-","-"
"AFIL","Akme Fintrade (India) Limited","EQ","Face Value Split (Sub-Division) - From Rs 10/- Per Share To Re 1/- Per Share","1","17-Apr-2025","18-Apr-2025","-","-"
"GS260425C","Government of India","GS","Redemption","100","23-Apr-2025","23-Apr-2025","-","-"
"CIEINDIA","CIE Automotive India Limited","EQ","Annual General Meeting/Dividend - Rs 7 Per Share","10","23-Apr-2025","23-Apr-2025","-","-"
"SCHAEFFLER","Schaeffler India Limited","EQ","Dividend - Rs 28 Per Share","2","23-Apr-2025","23-Apr-2025","-","-"
"BCG","Brightcom Group Limited","EQ","Extra Ordinary General Meeting","2","23-Apr-2025","23-Apr-2025","-","-"
"STLTECH","Sterlite Technologies Limited","EQ","Demerger","2","24-Apr-2025","24-Apr-2025","-","-"
"NAVKARURB","Navkar Urbanstructure Limited","EQ","Bonus 3:2","1","24-Apr-2025","24-Apr-2025","-","-"
"HUHTAMAKI","Huhtamaki India Limited","EQ","Dividend - Rs 2 Per Share","2","24-Apr-2025","24-Apr-2025","-","-"
"SANOFI","Sanofi India Limited","EQ","Dividend - Rs 117 Per Share","10","25-Apr-2025","25-Apr-2025","-","-"
"MUTHOOTFIN","Muthoot Finance Limited","EQ","Interim Dividend - Rs 26 Per Share","10","25-Apr-2025","25-Apr-2025","-","-"
"772GS2055","GOVERNMENT OF INDIA","GS","Interest Payment","100","25-Apr-2025","25-Apr-2025","-","-"
"ACUTAAS","Acutaas Chemicals Limited","EQ","Face Value Split (Sub-Division) - From Rs 10/- Per Share To Rs 5/- Per Share","5","25-Apr-2025","25-Apr-2025","-","-"
"LLOYDSENGG","LLOYDS ENGINEERING WORKS LIMITED","EQ","Rights 9:34 @ Premium Rs 31/-","1","28-Apr-2025","28-Apr-2025","-","-"
"HCLTECH","HCL Technologies Limited","EQ","Interim Dividend - Rs 18 Per Share","2","28-Apr-2025","28-Apr-2025","-","-"
"GATECHDVR","GACM Technologies Limited","EQ","Rights 51:82 @ Premium Rs 0/-","1","28-Apr-2025","28-Apr-2025","-","-"
"GATECH","GACM Technologies Limited","EQ","Rights 51:82 @ Premium Rs 0/-","1","28-Apr-2025","28-Apr-2025","-","-"
"MAXIND","Max India Limited","EQ","Rights 19:100 @ Premium Rs 140/-","10","29-Apr-2025","29-Apr-2025","-","-"
"360ONE","360 ONE WAM LIMITED","EQ","Interim Dividend - Rs 6 Per Share","1","29-Apr-2025","29-Apr-2025","-","-"
"TANLA","Tanla Platforms Limited","EQ","Interim Dividend - Rs 6 Per Share","1","30-Apr-2025","30-Apr-2025","-","-"
"VESUVIUS","Vesuvius India Limited","EQ","Dividend - Rs 14.50 Per Share","1","30-Apr-2025","01-May-2025","-","-"
"BASML","Bannari Amman Spinning Mills Limited","EQ","Rights 10:43 @ Premium Rs 22/-","5","30-Apr-2025","30-Apr-2025","-","-"
"MOLDTKPAC","Mold-Tek Packaging Limited","EQ","Interim Dividend - Rs 2 Per Share","5","02-May-2025","02-May-2025","-","-"
"NITIRAJ","Nitiraj Engineers Limited","EQ","Extra Ordinary General Meeting","10","02-May-2025","02-May-2025","-","-"
"EMBASSY","Embassy Office Parks REIT","RR","Distribution - Rs 5.68 Per Unit Comprises Of Re 0.27 Per Unit As Interest And Rs 3.71 Per Unit As Repayment Of Spv Level Debt And Rs 1.70 As Dividend","300","02-May-2025","03-May-2025","-","-"
"UNITEDPOLY","United Polyfab Gujarat Limited","EQ","Face Value Split (Sub-Division) - From Rs 10/- Per Share To Re 1/- Per Share","1","02-May-2025","02-May-2025","-","-"
"ACMESOLAR","Acme Solar Holdings Limited","EQ","Interim Dividend - Re 0.20 Per Share","2","02-May-2025","02-May-2025","-","-"
"ABB","ABB India Limited","EQ","Dividend - Rs 33.50 Per Share","2","02-May-2025","03-May-2025","-","-"
"KSB","Ksb Limited","EQ","Dividend - Rs 4 Per Share","2","02-May-2025","02-May-2025","-","-"
"PTC","PTC India Limited","EQ","Interim Dividend - Rs 5 Per Share","10","05-May-2025","05-May-2025","-","-"
"OBEROIRLTY","Oberoi Realty Limited","EQ","Interim Dividend - Rs 2 Per Share","10","05-May-2025","05-May-2025","-","-"
"MINDSPACE","Mindspace Business Parks REIT","RR","Distribution - Rs 6.44 Per Unit Consisting Of Dividend - Rs 2.77 Per Unit/ Interest - Re 0.13 Per Unit/ Repayment Of Spv Debt - Rs 3.48 Per Unit /Other Income - Rs 0.06 Per Unit","275","06-May-2025","06-May-2025","-","-"
"AVANTEL","Avantel Limited","EQ","Rights 10:121@ Premium Rs 38/-","2","07-May-2025","07-May-2025","-","-"
"SUNDRMFAST","Sundram Fasteners Limited","EQ","Interim Dividend - Rs 4.20 Per Share","1","07-May-2025","07-May-2025","-","-"
"VBL","Varun Beverages Limited","EQ","Interim Dividend - Re 0.50 Per Share","2","07-May-2025","07-May-2025","-","-"
"CRISIL","CRISIL Limited","EQ","Interim Dividend - Rs 8 Per Share","1","07-May-2025","07-May-2025","-","-"
"NAUKRI","Info Edge (India) Limited","EQ","Face Value Split (Sub-Division) - From Rs 10/- Per Share To Rs 2/- Per Share","2","07-May-2025","07-May-2025","-","-"
"OFSS","Oracle Financial Services Software Limited","EQ","Interim Dividend - Rs 265 Per Share","5","08-May-2025","08-May-2025","-","-"
"761GS2030","GOVERNMENT OF INDIA","GS","Interest Payment","100","08-May-2025","08-May-2025","-","-"
"SHREMINVIT","Shrem Invit","IV","Distribution - Rs 6.1297 Per Unit Consists Of Rs. 0.3606 Per Unit As Dividend/Rs. 2.3983 Per Unit As Interest/ Rs. 3.3708 Per Unit As Return Of Capital","100","08-May-2025","08-May-2025","-","-"
"BIRET","Brookfield India Real Estate Trust","RR","Distribution - Rs 5.25 Per Unit Consisting Of Interest - Rs 1.97 Per Unit/ Repayment Of Spv Debt And Ncds - Rs 2.70 Per Unit/ Dividend - Re 0.54 Per Unit/ Interest On Fixed Deposit - Re 0.04 Per Unit","275","08-May-2025","08-May-2025","-","-"
"GRAVITA","Gravita India Limited","EQ","Interim Dividend - Rs 6.35 Per Share","2","08-May-2025","08-May-2025","-","-"
"LAURUSLABS","Laurus Labs Limited","EQ","Interim Dividend - Rs  0.80 Per Share","2","09-May-2025","09-May-2025","-","-"
"NAVKARURB","Navkar Urbanstructure Limited","EQ","Face Value Split (Sub-Division) - From Rs 2/- Per Share To Re 1/- Per Share","1","09-May-2025","09-May-2025","-","-"
"BAJFINANCE","Bajaj Finance Limited","EQ","Special Dividend - Rs 12 Per Share","1","09-May-2025","09-May-2025","-","-"
"824GS2033","GOVERNMENT OF INDIA","GS","Interest Payment","100","09-May-2025","09-May-2025","-","-"
"ANANDRATHI","Anand Rathi Wealth Limited","EQ","Dividend - Rs 7 Per Share","5","09-May-2025","09-May-2025","-","-"
"MAHABANK","Bank of Maharashtra","EQ","Dividend - Rs 1.50 Per Share","10","09-May-2025","09-May-2025","-","-"
"UCOBANK","UCO Bank","EQ","Dividend - Rs 0.39 Per Share","10","09-May-2025","09-May-2025","-","-"
"CHEMBOND","Chembond Material Technologies Limited","EQ","Demerger","5","09-May-2025","09-May-2025","-","-"
"COFORGE","Coforge Limited","EQ","Interim Dividend - Rs 19 Per Share","2","09-May-2025","12-May-2025","-","-"
"CPCAP","CP Capital Limited","EQ","Demerger","10","09-May-2025","09-May-2025","-","-"
"INDUSINVIT","Indus Infra Trust","IV","Distribution - Rs 2.25 Per Unit Consisting Of Interest - Re 0.96 Per Unit/ Dividend - Rs 1.05 Per Unit/Return On Capital - Re 0.24 Per Unit","100","09-May-2025","12-May-2025","-","-"
"TARIL","Transformers And Rectifiers (India) Limited","EQ","Dividend - Re 0.20  Per Share","1","09-May-2025","09-May-2025","-","-"
"IFGLEXPOR","IFGL Refractories Limited","EQ","Interim Dividend - Rs  6 Per Share","10","13-May-2025","13-May-2025","-","-"
"IRBIT","IRB INFRASTRUCTURE TRUST","IV","Distribution - Re 0.46 Per Unit Consisting Of Re 0.24 Per Unit As Interest & Re 0.22 Per Unit As Return On Capital","100","13-May-2025","13-May-2025","-","-"
"IRBINVIT","IRB InvIT Fund","IV","Distribution - Rs 2 Per Unit Consisting Of Re 1.69 Per Unit As Interest / Re 0.05 Per Unit As Return Of Capital / Re 0.26 As Dividend","102","13-May-2025","13-May-2025","-","-"
"GODREJCP","Godrej Consumer Products Limited","EQ","Interim Dividend - Rs 5 Per Share","1","13-May-2025","13-May-2025","-","-"
"679GS2027","GOVERNMENT OF INDIA","GS","Interest Payment","100","14-May-2025","14-May-2025","-","-"
"BSE","BSE Limited","EQ","Dividend - Rs 23 Per Share","2","14-May-2025","14-May-2025","-","-"
"RSYSTEMS","R Systems International Limited","EQ","Interim Dividend - Rs 6 Per Share","1","14-May-2025","14-May-2025","-","-"
"RAYMOND","Raymond Limited","EQ","Demerger","10","14-May-2025","14-May-2025","-","-"
"M&MFIN","Mahindra & Mahindra Financial Services Limited","EQ","Rights 1:8 @ Premium Rs 192/-","2","14-May-2025","14-May-2025","-","-"
"FOSECOIND","Foseco India Limited","EQ","Dividend - Rs 25 Per Share","10","14-May-2025","14-May-2025","-","-"
"BEML","BEML Limited","EQ","Interim Dividend - Rs 15 Per Share","5","15-May-2025","15-May-2025","-","-"
"MANAPPURAM","Manappuram Finance Limited","EQ","Interim Dividend - Rs 0.50 Per Share","2","15-May-2025","15-May-2025","-","-"
"GESHIP","The Great Eastern Shipping Company Limited","EQ","Interim Dividend - Rs 5.40 Per Share","10","15-May-2025","15-May-2025","-","-"
"KKCL","Kewal Kiran Clothing Limited","EQ","Interim Dividend - Rs 2 Per Share","10","16-May-2025","16-May-2025","-","-"
"692GS2039","Government of India","GS","Interest Payment","100","16-May-2025","16-May-2025","-","-"
"ADVENZYMES","Advanced Enzyme Technologies Limited","EQ","Interim Dividend - Rs 4 Per Share","2","16-May-2025","17-May-2025","-","-"
"AIIL","Authum Investment & Infrastructure Limited","EQ","Interim Dividend - Re 0.50 Per Share","1","16-May-2025","16-May-2025","-","-"
"NXST","Nexus Select Trust","RR","Distribution - Rs 2 Per Unit Comprises Of Interest - Re 0.593 Per Unit / Dividend - Rs 1.221 Per Unit / Other Income - Re 0.043 Per Unit / Repayment Of Spv Level Debt - Rs 0.143 Per Unit","100","16-May-2025","16-May-2025","-","-"
"APTECHT","Aptech Limited","EQ","Interim Dividend - Rs 4.5 Per Share","10","16-May-2025","16-May-2025","-","-"
"APTUS","Aptus Value Housing Finance India Limited","EQ","Interim Dividend - Rs 2.5 Per Share","2","16-May-2025","16-May-2025","-","-"
"SBIN","State Bank of India","EQ","Dividend - Rs 15.90 Per Share","1","16-May-2025","16-May-2025","-","-"
"IEX","Indian Energy Exchange Limited","EQ","Dividend - Rs 1.50 Per Share","1","16-May-2025","16-May-2025","-","-"
"ALICON","Alicon Castalloy Limited","EQ","Interim Dividend - Rs 2.5 Per Share","5","16-May-2025","17-May-2025","-","-"
"INDIGRID","IndiGrid Infrastructure Trust","IV","Distribution - Rs 4.10 Per Unit Consisting Of Dividend Rs 0.1419 Per Unit/ Interest Rs 2.6287 Per Unit/Capital Repayment Rs 1.2711/Other Income Rs 0.0583","100","20-May-2025","20-May-2025","-","-"
"VERTIS","Vertis Infrastructure Trust","IV","Distribution - Rs 3.25 Per Unit Consisting Of Re 1.1564 Per Unit - Interest/ Re 1.3603 Per Unit - Capital/ Total Dividend - Re 0.6966 Per Unit/ Re 0.0367 Per Unit - Other Income","100","21-May-2025","21-May-2025","-","-"
"PAGEIND","Page Industries Limited","EQ","Interim Dividend - Rs 200 Per Share","10","21-May-2025","21-May-2025","-","-"
"ABFRL","Aditya Birla Fashion and Retail Limited","EQ","Demerger","10","22-May-2025","22-May-2025","-","-"
"ASHOKLEY","Ashok Leyland Limited","EQ","Interim Dividend - Rs 4.25 Per Share","1","22-May-2025","22-May-2025","-","-"
"EMAMILTD","Emami Limited","EQ","Special Dividend - Rs 2 Per Share","1","22-May-2025","22-May-2025","-","-"
"GMBREW","GM Breweries Limited","EQ","Dividend - Rs 7.5 Per Share","10","22-May-2025","22-May-2025","-","-"
"SEITINVIT","Sustainable Energy Infra Trust","IV","Distribution - Rs 2.81891 Per Unit Comprising Of Rs 2.81615 Per Unit In The Form Of Interest And Re 0.00276 Per Unit As Other Income","100","22-May-2025","22-May-2025","-","-"
"709GS2074","Government of India","GS","Interest Payment","100","23-May-2025","23-May-2025","-","-"
"815GS2026","GOVERNMENT OF INDIA","GS","Interest Payment","100","23-May-2025","23-May-2025","-","-"
"SEPC","SEPC Limited","EQ","Rights 11: 50 @ Premium Rs 0/-","10","23-May-2025","23-May-2025","-","-"
"SULA","Sula Vineyards Limited","EQ","Dividend - Rs 3.60 Per Share","2","23-May-2025","23-May-2025","-","-"
"HSCL","Himadri Speciality Chemical Limited","EQ","Dividend - Rs 0.60 Per Share","1","23-May-2025","23-May-2025","-","-"
"BSE","BSE Limited","EQ","Bonus 2:1","2","23-May-2025","23-May-2025","-","-"
"MAHLIFE","Mahindra Lifespace Developers Limited","EQ","Rights 3:8 @ Premium Rs 247/-","10","23-May-2025","23-May-2025","-","-"
"CMSINFO","CMS Info Systems Limited","EQ","Dividend - Rs 3.25 Per Share/Special Dividend - Rs 3 Per Share","10","23-May-2025","23-May-2025","-","-"
"HAVELLS","Havells India Limited","EQ","Annual General Meeting/Dividend - Rs 6 Per Share","1","23-May-2025","25-May-2025","-","-"
"LTM","LTIMindtree Limited","EQ","Dividend - Rs 45 Per Share","1","23-May-2025","23-May-2025","-","-"
"INTERISE","Interise Trust","IV","Distribution - Rs 0.38 Per Unit Consists Of Dividend - Rs 0.38 Per Unit","100","23-May-2025","24-May-2025","-","-"
"RUSTOMJEE","Keystone Realtors Limited","EQ","Dividend - Rs 1.50 Per Share","10","23-May-2025","23-May-2025","-","-"
"DHAMPURSUG","Dhampur Sugar Mills Limited","EQ","Buy Back","10","23-May-2025","23-May-2025","-","-"
"PGIL","Pearl Global Industries Limited","EQ","Interim Dividend - Rs 6.50 Per Share","5","26-May-2025","26-May-2025","-","-"
"LLOYDSME","Lloyds Metals And Energy Limited","EQ","Dividend - Re 1 Per Share","1","26-May-2025","26-May-2025","-","-"
"ACI","Archean Chemical Industries Limited","EQ","Dividend - Rs 3 Per Share","2","26-May-2025","26-May-2025","-","-"
"MANINFRA","Man Infraconstruction Limited","EQ","Interim Dividend - Re 0.45 Per Share","2","27-May-2025","27-May-2025","-","-"
"662GS2051","GOVERNMENT OF INDIA","GS","Interest Payment","100","27-May-2025","27-May-2025","-","-"
"INFOBEAN","InfoBeans Technologies Limited","EQ","Buy Back","10","27-May-2025","27-May-2025","-","-"
"LTF","L&T Finance Limited","EQ","Dividend - Rs 2.75 Per Share","10","27-May-2025","27-May-2025","-","-"
"TRIDENT","Trident Limited","EQ","Interim Dividend - Re 0.50 Per Share","1","27-May-2025","27-May-2025","-","-"
"ITC","ITC Limited","EQ","Dividend - Rs 7.85 Per Share","1","28-May-2025","28-May-2025","-","-"
"COLPAL","Colgate Palmolive (India) Limited","EQ","Interim Dividend - Rs 27 Per Share","1","28-May-2025","28-May-2025","-","-"
"TSFINV","TSF INVESTMENTS LIMITED","EQ","Interim Dividend - Re 0.60 Per Share","5","28-May-2025","28-May-2025","-","-"
"PGINVIT","POWERGRID Infrastructure Investment Trust","IV","Distribution - Rs 3 Per Unit Consists Of Interest- Rs 1.67 Per Unit/Total Dividend - Re 0.57 Per Unit/Repayment Of Spv Debt- Re 0.75 Per Unit/Treasury Income Re 0.01 Per Unit","100","29-May-2025","29-May-2025","-","-"
"NDRINVIT","NDR INVIT Trust","IV","Distribution - Rs 1.80 Per Unit Comprising Of Re 0.72 Per Unit In The Form Of Interest/ Rs 1.08 Per Unit In The Form Of Return Of Capital","100","29-May-2025","29-May-2025","-","-"
"TATACONSUM","TATA CONSUMER PRODUCTS LIMITED","EQ","Dividend - Rs 8.25 Per Share","1","29-May-2025","29-May-2025","-","-"
"JAGRAN","Jagran Prakashan Limited","EQ","Interim Dividend - Rs 6 Per Share","2","30-May-2025","30-May-2025","-","-"
"ROADSTAR","Roadstar Infra Investment Trust","IV","Distribution - Rs 8.90 Per Unit Comprising Interest - Rs 5.35 Per Unit / Return On Capital - Rs 3.21 Per Unit / Other Income  Re - 0.34","100","30-May-2025","30-May-2025","-","-"
"JWL","Jupiter Wagons Limited","EQ","Interim Dividend - Rs 1 Per Share","10","30-May-2025","30-May-2025","-","-"
"PONNIERODE","Ponni Sugars (Erode) Limited","EQ","Dividend - Rs 3 Per Share","10","30-May-2025","30-May-2025","-","-"
"679GS2034A","Government of India","GS","Interest Payment","100","30-May-2025","31-May-2025","-","-"
"BAJFINANCE","Bajaj Finance Limited","EQ","Dividend - Rs 44 Per Share","1","30-May-2025","30-May-2025","-","-"
"817GS2044","GOVERNMENT OF INDIA","GS","Interest Payment","100","30-May-2025","31-May-2025","-","-"
"ADVANIHOTR","Advani Hotels & Resorts (India) Limited","EQ","Interim Dividend - Re 0.90 Per Share","2","30-May-2025","30-May-2025","-","-"
"86GS2028","GOVERNMENT OF INDIA","GS","Interest Payment","100","30-May-2025","31-May-2025","-","-"
"ANGELONE","Angel One Limited","EQ","Dividend - Rs 26 Per Share","1","30-May-2025","30-May-2025","-","-"
"ANZEN","Anzen India Energy Yield Plus Trust","IV","Distribution - Rs 2.45 Per Unit Consisting Of Interest - Rs 1.74 Per Unit Principal Payment - Re 0.67 Per Unit Other Income - Re 0.04 Per Unit","100","30-May-2025","30-May-2025","-","-"
"UNOMINDA","UNO Minda Limited","EQ","Dividend - Rs 1.50 Per Share","2","30-May-2025","30-May-2025","-","-"
"SCHAND","S Chand And Company Limited","EQ","Interim Dividend - Rs 4 Per Share","5","30-May-2025","30-May-2025","-","-"
"VIMTALABS","Vimta Labs Limited","EQ","Dividend - Rs 2 Per Share","2","30-May-2025","30-May-2025","-","-"
"UEL","Ujaas Energy Limited","EQ","Bonus 17:25","1","30-May-2025","30-May-2025","-","-"
"HOMEFIRST","Home First Finance Company India Limited","EQ","Dividend - Rs 3.70 Per Share","2","30-May-2025","30-May-2025","-","-"
"GLAXO","GlaxoSmithKline Pharmaceuticals Limited","EQ","Dividend - Rs 42 Per Share","10","30-May-2025","30-May-2025","-","-"
"CAPLIPOINT","Caplin Point Laboratories Limited","EQ","Interim Dividend - Rs 3 Per Share","2","30-May-2025","30-May-2025","-","-"
"INFY","Infosys Limited","EQ","Dividend - Rs 22 Per Share","5","30-May-2025","30-May-2025","-","-"
"OSEINTRUST","Oriental InfraTrust","IV","Distribution - Rs 3.649 Per Unit Consists Of Interest- Rs 1.8475 Per Unit/Dividend - Re 0.9003 Per Unit/ Dividend For Apr 01 To Apr 15, 2025 - Re 0.6669 /Return Of Capital Re 0.2343 Per Unit","100","30-May-2025","30-May-2025","-","-"
"NHIT","National Highways Infra Trust","IV","Distribution - Re 0.395 Per Unit Consists Of Re 0.392 Per Unit As Interest/ Re 0.003 Per Unit As Other Income","101","02-Jun-2025","02-Jun-2025","-","-"
"CUBEINVIT","Cube Highways Trust","IV","Distribution - Rs 3.75 Per Unit Consisting Of Interest Rs 1.96 Per Unit/ Treasury Income Re 0.01 Per Unit/Dividend Re 0.32 Per Unit/ Repayment Of Spv Loan Rs 1.46 Per Unit","100","02-Jun-2025","02-Jun-2025","-","-"
"CAPINVIT","Capital Infra Trust","IV","Distribution - Rs 11.18 Per Unit Consisting Of Interest - Re 0.93 Per Unit/ Dividend - Rs 6.87 Per Unit/ Return Of Capital - Rs 3.37 Per Unit/ Other Income - Re 0.01 Per Unit","99","03-Jun-2025","03-Jun-2025","-","-"
"NUVAMA","Nuvama Wealth Management Limited","EQ","Interim Dividend - Rs 69 Per Share","2","03-Jun-2025","03-Jun-2025","-","-"
"CAPINVIT","Capital Infra Trust","IV","Distribution - Rs 2.61 Per Unit Consisting Of Interest - Rs 0.06 Per Unit / Repayment Of Capital - Rs 2.55 Per Unit","99","03-Jun-2025","03-Jun-2025","-","-"
"LT","Larsen & Toubro Limited","EQ","Dividend - Rs 34 Per Share","2","03-Jun-2025","03-Jun-2025","-","-"
"613GS2028","GOVERNMENT OF INDIA","GS","Interest Payment","100","03-Jun-2025","03-Jun-2025","-","-"
"NXT-INFRA","Nxt-Infra Trust","IV","Distribution - Rs 6.5921 Per Unit Consisting Of Interest Rs 1.9463 And Return Of Capital Rs 4.6458 Per Unit","100","03-Jun-2025","03-Jun-2025","-","-"
"INOXINDIA","INOX India Limited","EQ","Dividend - Rs 2 Per Share","2","04-Jun-2025","04-Jun-2025","-","-"
"657GS2033","GOVERNMENT OF INDIA","GS","Interest Payment","100","04-Jun-2025","04-Jun-2025","-","-"
"COFORGE","Coforge Limited","EQ","Face Value Split (Sub-Division) - From Rs 10/- Per Share To Rs 2/- Per Share","2","04-Jun-2025","04-Jun-2025","-","-"
"TMPV","Tata Motors Passenger Vehicles Limited","EQ","Dividend - Rs 6 Per Share","2","04-Jun-2025","04-Jun-2025","-","-"
"SESHAPAPER","Seshasayee Paper and Boards Limited","EQ","Annual General Meeting/Dividend - Rs  2.50 Per Share","2","04-Jun-2025","04-Jun-2025","-","-"
"TCS","Tata Consultancy Services Limited","EQ","Dividend - Rs 30 Per Share","1","04-Jun-2025","04-Jun-2025","-","-"
"897GS2030","GOVERNMENT OF INDIA","GS","Interest Payment","100","04-Jun-2025","04-Jun-2025","-","-"
"UGROCAP","Ugro Capital Limited","EQ","Rights 50:189 @ Premium Rs 152/-","10","05-Jun-2025","05-Jun-2025","-","-"
"JINDALSAW","Jindal Saw Limited","EQ","Dividend - Rs 2 Per Share","1","05-Jun-2025","05-Jun-2025","-","-"
"RALLIS","Rallis India Limited","EQ","Dividend - Rs 2.50 Per Share","1","05-Jun-2025","05-Jun-2025","-","-"
"BANKBARODA","Bank of Baroda","EQ","Dividend - Rs 8.35 Per Share","2","06-Jun-2025","06-Jun-2025","-","-"
"664GS2027","Government of India","GS","Interest Payment","100","06-Jun-2025","07-Jun-2025","-","-"
"LALPATHLAB","Dr. Lal Path Labs Ltd.","EQ","Dividend - Rs 6 Per Share","10","06-Jun-2025","06-Jun-2025","-","-"
"KHADIM","Khadim India Limited","EQ","Demerger","10","06-Jun-2025","07-Jun-2025","-","-"
"JSWENERGY","JSW Energy Limited","EQ","Dividend - Rs 2 Per Share","10","06-Jun-2025","06-Jun-2025","-","-"
"MAITHANALL","Maithan Alloys Limited","EQ","Interim Dividend - Rs 7 Per Share","10","06-Jun-2025","06-Jun-2025","-","-"
"LTTS","L&T Technology Services Limited","EQ","Dividend - Rs 38 Per Share","2","06-Jun-2025","06-Jun-2025","-","-"
"RKFORGE","Ramkrishna Forgings Limited","EQ","Interim Dividend - Re 1 Per Share","2","06-Jun-2025","06-Jun-2025","-","-"
"INDIAMART","Indiamart Intermesh Limited","EQ","Dividend - Rs 30 Per Share/Special Dividend - Rs 20 Per Share","10","06-Jun-2025","06-Jun-2025","-","-"
"833GS2036","GOVERNMENT OF INDIA","GS","Interest Payment","100","06-Jun-2025","06-Jun-2025","-","-"
"CONCOR","Container Corporation of India Limited","EQ","Dividend - Rs 2 Per Share","5","06-Jun-2025","06-Jun-2025","-","-"
"HDFCAMC","HDFC Asset Management Company Limited","EQ","Dividend - Rs 90 Per Share","5","06-Jun-2025","06-Jun-2025","-","-"
"IFGLEXPOR","IFGL Refractories Limited","EQ","Dividend - Re 1 Per Sh","10","06-Jun-2025","06-Jun-2025","-","-"
"ICICIGI","ICICI Lombard General Insurance Company Limited","EQ","Dividend - Rs 7 Per Share","10","06-Jun-2025","06-Jun-2025","-","-"
"TORNTPOWER","Torrent Power Limited","EQ","Dividend - Rs 5 Per Share","10","06-Jun-2025","06-Jun-2025","-","-"
"SIS","SIS LIMITED","EQ","Buy Back","5","06-Jun-2025","06-Jun-2025","-","-"
"TIIL","Technocraft Industries (India) Limited","EQ","Interim Dividend - Rs 20 Per Share","10","06-Jun-2025","06-Jun-2025","-","-"
"TATASTEEL","Tata Steel Limited","EQ","Dividend - Rs 3.60 Per Share","1","06-Jun-2025","06-Jun-2025","-","-"
"NELCO","NELCO Limited","EQ","Dividend - Re 1 Per Share","10","09-Jun-2025","09-Jun-2025","-","-"
"ASIANPAINT","Asian Paints Limited","EQ","Dividend - Rs 20.55 Per Share","1","10-Jun-2025","10-Jun-2025","-","-"
"TATAINVEST","Tata Investment Corporation Limited","EQ","Dividend - Rs 27 Per Share","1","10-Jun-2025","10-Jun-2025","-","-"
"BOSCH-HCIL","BOSCH HOME COMFORT INDIA LIMITED","EQ","Dividend - Rs 15 Per Share","10","10-Jun-2025","10-Jun-2025","-","-"
"VESUVIUS","Vesuvius India Limited","EQ","Face Value Split (Sub-Division) - From Rs 10/- Per Share To Re 1/- Per Share","1","10-Jun-2025","10-Jun-2025","-","-"
"INDIANB","Indian Bank","EQ","Dividend - Rs 16.25 Per Share","10","10-Jun-2025","10-Jun-2025","-","-"
"TATAELXSI","Tata Elxsi Limited","EQ","Dividend - Rs 75 Per Share","10","11-Jun-2025","11-Jun-2025","-","-"
"883GS2041","GOVERNMENT OF INDIA","GS","Interest Payment","100","11-Jun-2025","11-Jun-2025","-","-"
"TATACHEM","Tata Chemicals Limited","EQ","Dividend - Rs 11 Per Share","10","12-Jun-2025","12-Jun-2025","-","-"
"ICICIPRULI","ICICI Prudential Life Insurance Company Limited","EQ","Dividend - Re 0.85 Per Share","10","12-Jun-2025","12-Jun-2025","-","-"
"ETHOSLTD","Ethos Limited","EQ","Rights 4:43@ Premium Rs 1790/-","10","12-Jun-2025","12-Jun-2025","-","-"
"AVANTEL","Avantel Limited","EQ","Dividend - Re 0.20 Per Share","2","12-Jun-2025","12-Jun-2025","-","-"
"JKLAKSHMI","JK Lakshmi Cement Limited","EQ","Dividend - Rs 6.50 Per Share","5","12-Jun-2025","12-Jun-2025","-","-"
"TRENT","Trent Limited","EQ","Dividend - Rs 5 Per Share","1","12-Jun-2025","12-Jun-2025","-","-"
"APCOTEXIND","Apcotex Industries Limited","EQ","Dividend - Rs 4.50 Per Share","2","13-Jun-2025","13-Jun-2025","-","-"
"ATGL","Adani Total Gas Limited","EQ","Dividend - Re 0.25 Per Share","1","13-Jun-2025","13-Jun-2025","-","-"
"INDGN","Indegene Limited","EQ","Dividend - Rs 2 Per Share","2","13-Jun-2025","13-Jun-2025","-","-"
"PEL","Piramal Enterprises Limited","EQ","Dividend - Rs 11 Per Share","2","13-Jun-2025","13-Jun-2025","-","-"
"JMFINANCIL","JM Financial Limited","EQ","Dividend - Rs 2.70 Per Share","1","13-Jun-2025","13-Jun-2025","-","-"
"PFC","Power Finance Corporation Limited","EQ","Dividend - Rs 2.05 Per Share","10","13-Jun-2025","13-Jun-2025","-","-"
"698GR2054","Government of India","GS","Interest Payment","100","13-Jun-2025","13-Jun-2025","-","-"
"ACC","ACC Limited","EQ","Dividend - Rs 7.50 Per Share","10","13-Jun-2025","13-Jun-2025","-","-"
"ADANIENT","Adani Enterprises Limited","EQ","Dividend - Rs 1.30 Per Share","1","13-Jun-2025","13-Jun-2025","-","-"
"ADANIPORTS","Adani Ports and Special Economic Zone Limited","EQ","Dividend - Rs 7 Per Share","2","13-Jun-2025","13-Jun-2025","-","-"
"AMBUJACEM","Ambuja Cements Limited","EQ","Dividend - Rs 2 Per Share","2","13-Jun-2025","13-Jun-2025","-","-"
"STEELCITY","Steel City Securities Limited","EQ","Dividend - Re 1 Per Share","10","13-Jun-2025","13-Jun-2025","-","-"
"SHARDAMOTR","Sharda Motor Industries Limited","EQ","Dividend - Rs 32.50 Per Share","2","13-Jun-2025","13-Jun-2025","-","-"
"VIMTALABS","Vimta Labs Limited","EQ","Bonus 1:1","2","13-Jun-2025","13-Jun-2025","-","-"
"SMCGLOBAL","SMC Global Securities Limited","EQ","Dividend - Rs 1.20 Per Share","2","13-Jun-2025","13-Jun-2025","-","-"
"DAMCAPITAL","Dam Capital Advisors Limited","EQ","Dividend - Re 1 Per Share","2","13-Jun-2025","13-Jun-2025","-","-"
"CANBK","Canara Bank","EQ","Dividend - Rs 4 Per Share","2","13-Jun-2025","13-Jun-2025","-","-"
"EIMCOELECO","Eimco Elecon (India) Limited","EQ","Dividend - Rs 5 Per Share","10","13-Jun-2025","13-Jun-2025","-","-"
"ELECON","Elecon Engineering Company Limited","EQ","Dividend - Rs 1.50 Per Share","1","13-Jun-2025","13-Jun-2025","-","-"
"BAJFINANCE","Bajaj Finance Limited","EQ","Bonus 4:1","1","16-Jun-2025","16-Jun-2025","-","-"
"HONAUT","Honeywell Automation India Limited","EQ","Dividend - Rs 105 Per Share","10","16-Jun-2025","16-Jun-2025","-","-"
"TATATECH","Tata Technologies Limited","EQ","Dividend - Rs 8.35 Per Share & Special Dividend - Rs 3.35 Per Share","2","16-Jun-2025","16-Jun-2025","-","-"
"BAJFINANCE","Bajaj Finance Limited","EQ","Face Value Split (Sub-Division) - From Rs 2/- Per Share To Re 1/- Per Share","1","16-Jun-2025","16-Jun-2025","-","-"
"HINDZINC","Hindustan Zinc Limited","EQ","Interim Dividend - Rs 10 Per Share","2","17-Jun-2025","17-Jun-2025","-","-"
"SHANKARA","Shankara Building Products Limited","EQ","Dividend - Rs 3 Per Share","10","17-Jun-2025","17-Jun-2025","-","-"
"773GS2034","GOVERNMENT OF INDIA","GS","Interest Payment","100","18-Jun-2025","18-Jun-2025","-","-"
"EMUDHRA","eMudhra Limited","EQ","Dividend - Rs 1.25 Per Share","5","18-Jun-2025","18-Jun-2025","-","-"
"CAPTRUST","Capital Trust Limited","EQ","Rights 5:14 @ Premium Rs 72/-","10","18-Jun-2025","18-Jun-2025","-","-"
"SARLAPOLY","Sarla Performance Fibers Limited","EQ","Dividend - Rs 3 Per Share","1","18-Jun-2025","18-Jun-2025","-","-"
"RIIL","Reliance Industrial Infrastructure Limited","EQ","Dividend - Rs 3.50 Per Share","10","19-Jun-2025","19-Jun-2025","-","-"
"TEJASNET","Tejas Networks Limited","EQ","Dividend - Rs 2.50 Per Share","10","19-Jun-2025","19-Jun-2025","-","-"
"TATACOMM","Tata Communications Limited","EQ","Dividend - Rs 25 Per Share","10","19-Jun-2025","19-Jun-2025","-","-"
"BAJAJ-AUTO","Bajaj Auto Limited","EQ","Dividend - Rs 210 Per Share","10","20-Jun-2025","20-Jun-2025","-","-"
"EPIGRAL","Epigral Limited","EQ","Dividend - Rs 3.50 Per Share","10","20-Jun-2025","21-Jun-2025","-","-"
"ROSSARI","Rossari Biotech Limited","EQ","Dividend - Re 0.50 Per Share","2","20-Jun-2025","20-Jun-2025","-","-"
"MAWANASUG","Mawana Sugars Limited","EQ","Dividend - Re 1 Per Share","10","20-Jun-2025","21-Jun-2025","-","-"
"PNB","Punjab National Bank","EQ","Dividend - Rs 2.90 Per Share","2","20-Jun-2025","20-Jun-2025","-","-"
"675GS2029","Government of India","GS","Interest Payment","100","20-Jun-2025","21-Jun-2025","-","-"
"923GS2043","GOVERNMENT OF INDIA","GS","Interest Payment","100","20-Jun-2025","21-Jun-2025","-","-"
"BANKINDIA","Bank of India","EQ","Dividend - Rs 4.05 Per Share","10","20-Jun-2025","20-Jun-2025","-","-"
"813GS2045","GOVERNMENT OF INDIA","GS","Interest Payment","100","20-Jun-2025","21-Jun-2025","-","-"
"SUPREMEIND","Supreme Industries Limited","EQ","Dividend - Rs 24 Per Share","2","20-Jun-2025","20-Jun-2025","-","-"
"TATAPOWER","Tata Power Company Limited","EQ","Dividend - Rs 2.25 Per Share","1","20-Jun-2025","20-Jun-2025","-","-"
"TORNTPHARM","Torrent Pharmaceuticals Limited","EQ","Dividend - Rs 6 Per Share","5","20-Jun-2025","20-Jun-2025","-","-"
"VOLTAS","Voltas Limited","EQ","Dividend - Rs 7 Per Share","1","20-Jun-2025","20-Jun-2025","-","-"
"GREENLAM","Greenlam Industries Limited","EQ","Dividend - Re 0.40 Per Share","1","20-Jun-2025","20-Jun-2025","-","-"
"HDFCLIFE","HDFC Life Insurance Company Limited","EQ","Dividend - Rs 2.10 Per Share","10","20-Jun-2025","20-Jun-2025","-","-"
"MOTHERSON","Samvardhana Motherson International Limited","EQ","Dividend - Re 0.35 Per Share","1","23-Jun-2025","23-Jun-2025","-","-"
"KANSAINER","Kansai Nerolac Paints Limited","EQ","Dividend - Rs 2.50 Per Share/Special Dividend - 1.25 Per Share","1","23-Jun-2025","23-Jun-2025","-","-"
"MSUMI","Motherson Sumi Wiring India Limited","EQ","Dividend - Re 0.35 Per Share","1","23-Jun-2025","23-Jun-2025","-","-"
"PILANIINVS","Pilani Investment and Industries Corporation Limited","EQ","Dividend - Rs 15 Per Share","10","23-Jun-2025","23-Jun-2025","-","-"
"DYCL","Dynamic Cables Limited","EQ","Dividend - Re 0.50 Per Share","10","23-Jun-2025","23-Jun-2025","-","-"
"VMART","V-Mart Retail Limited","EQ","Bonus 3:1","10","23-Jun-2025","23-Jun-2025","-","-"
"HINDUNILVR","Hindustan Unilever Limited","EQ","Dividend - Rs 24 Per Share","1","23-Jun-2025","23-Jun-2025","-","-"
"DALBHARAT","Dalmia Bharat Limited","EQ","Annual General Meeting/Dividend - Rs 5 Per Share","2","23-Jun-2025","23-Jun-2025","-","-"
"GNA","GNA Axles Limited","EQ","Annual General Meeting/Dividend - Rs 3 Per Share","10","23-Jun-2025","23-Jun-2025","-","-"
"KPIL","Kalpataru Projects International Limited","EQ","Dividend - Rs 9 Per Share","2","23-Jun-2025","23-Jun-2025","-","-"
"POLYCAB","Polycab India Limited","EQ","Dividend - Rs 35 Per Share","10","24-Jun-2025","24-Jun-2025","-","-"
"VEDL","Vedanta Limited","EQ","Interim Dividend - Rs 7 Per Share","1","24-Jun-2025","24-Jun-2025","-","-"
"ALKYLAMINE","Alkyl Amines Chemicals Limited","EQ","Dividend - Rs 10 Per Share","2","24-Jun-2025","24-Jun-2025","-","-"
"679GS2029","GOVERNMENT OF INDIA","GS","Interest Payment","100","25-Jun-2025","25-Jun-2025","-","-"
"VERTOZ","Vertoz Limited","EQ","Consolidation Of Equity Shares From Re 1 Per Share To Rs 10 Per Share","10","25-Jun-2025","25-Jun-2025","-","-"
"AEGISLOG","Aegis Logistics Limited","EQ","Interim Dividend - Rs 2 Per Share","1","25-Jun-2025","25-Jun-2025","-","-"
"CCAVENUE","AvenuesAI Limited","EQ","Rights 67:267 @ Premium Rs 9/-","1","26-Jun-2025","26-Jun-2025","-","-"
"PRIMESECU","Prime Securities Limited","EQ","Dividend - Rs 1.50 Per Share","5","26-Jun-2025","26-Jun-2025","-","-"
"BAJAJFINSV","Bajaj Finserv Limited","EQ","Dividend - Re 1 Per Share","1","27-Jun-2025","27-Jun-2025","-","-"
"CIPLA","Cipla Limited","EQ","Dividend - Rs 13 Per Share/Special Dividend - Rs 3 Per Share","2","27-Jun-2025","27-Jun-2025","-","-"
"HDFCBANK","HDFC Bank Limited","EQ","Dividend - Rs 22 Per Share","1","27-Jun-2025","27-Jun-2025","-","-"
"RPGLIFE","RPG Life Sciences Limited","EQ","Dividend - Rs 20 Per Share/ Special Dividend - Rs 4 Per Share","8","27-Jun-2025","27-Jun-2025","-","-"
"MAHSCOOTER","Maharashtra Scooters Limited","EQ","Dividend - Rs 30 Per Share/ Special Dividend - Rs 30 Per Share","10","27-Jun-2025","27-Jun-2025","-","-"
"JAYAGROGN","Jayant Agro Organics Limited","EQ","Annual General Meeting/Dividend - Rs 2.50 Per Share","5","27-Jun-2025","27-Jun-2025","-","-"
"RAINBOW","Rainbow Childrens Medicare Limited","EQ","Dividend - Rs 3 Per Share","10","27-Jun-2025","28-Jun-2025","-","-"
"679GS2031","Government of India","GS","Interest Payment","100","27-Jun-2025","27-Jun-2025","-","-"
"ABDL","Allied Blenders and Distillers Limited","EQ","Dividend - Rs 3.60 Per Share","2","27-Jun-2025","27-Jun-2025","-","-"
"83GS2042","GOVERNMENT OF INDIA","GS","Interest Payment","100","27-Jun-2025","27-Jun-2025","-","-"
"VAIBHAVGBL","Vaibhav Global Limited","EQ","Annual General Meeting/Dividend - Rs 1.50 Per Share","2","27-Jun-2025","28-Jun-2025","-","-"
"SWARAJENG","Swaraj Engines Limited","EQ","Dividend - Rs 104.50 Per Share","10","27-Jun-2025","27-Jun-2025","-","-"
"SYNGENE","Syngene International Limited","EQ","Dividend - Rs 1.25 Per Share","10","27-Jun-2025","27-Jun-2025","-","-"
"WELSPUNLIV","Welspun Living Limited","EQ","Dividend - Rs 1.7 Per Share","1","27-Jun-2025","27-Jun-2025","-","-"
"VISAKAIND","Visaka Industries Limited","EQ","Annual General Meeting/ Dividend - Rs 0.50 Per Share","2","27-Jun-2025","27-Jun-2025","-","-"
"CARERATING","CARE Ratings Limited","EQ","Dividend - Rs 11 Per Share","10","27-Jun-2025","27-Jun-2025","-","-"
"BAJAJHLDNG","Bajaj Holdings & Investment Limited","EQ","Dividend - Rs 28 Per Share","10","27-Jun-2025","27-Jun-2025","-","-"
"INDHOTEL","The Indian Hotels Company Limited","EQ","Dividend - Rs 2.25 Per Sh","1","30-Jun-2025","30-Jun-2025","-","-"
"GVPTECH","GVP Infotech Limited","EQ","Rights 13:100 @ Premium Rs 8/-","2","30-Jun-2025","30-Jun-2025","-","-"
"DALMIASUG","Dalmia Bharat Sugar and Industries Limited","EQ","Annual General Meeting/Dividend - Rs 1.50 Per Share","2","30-Jun-2025","30-Jun-2025","-","-"
"MIRCELECTR","MIRC Electronics Limited","EQ","Rights 3:14 @ Premium Rs 9/-","1","30-Jun-2025","30-Jun-2025","-","-"
"CERA","Cera Sanitaryware Limited","EQ","Dividend - Rs 65 Per Sh","5","01-Jul-2025","01-Jul-2025","-","-"
"JSWINFRA","JSW Infrastructure Limited","EQ","Dividend - Re 0.80 Per Share","2","01-Jul-2025","01-Jul-2025","-","-"
"BHARATSE","Bharat Seats Limited","EQ","Annual General Meeting/Dividend - Rs 1.10 Per Share","2","02-Jul-2025","02-Jul-2025","-","-"
"NDRAUTO","Ndr Auto Components Limited","EQ","Dividend - Rs 2.75 Per Share","10","03-Jul-2025","03-Jul-2025","-","-"
"VSTIND","VST Industries Limited","EQ","Dividend - Rs 10 Per Share","10","03-Jul-2025","03-Jul-2025","-","-"
"IRISDOREME","Iris Clothings Limited","EQ","Bonus 1:1","2","04-Jul-2025","04-Jul-2025","-","-"
"MAXHEALTH","Max Healthcare Institute Limited","EQ","Dividend - Rs 1.50 Per Share","10","04-Jul-2025","04-Jul-2025","-","-"
"PARAS","Paras Defence and Space Technologies Limited","EQ","Face Value Split (Sub-Division) - From Rs 10/- Per Share To Rs 5/- Per Share","5","04-Jul-2025","04-Jul-2025","-","-"
"JLHL","Jupiter Life Line Hospitals Limited","EQ","Dividend - Re 1 Per Share","10","04-Jul-2025","04-Jul-2025","-","-"
"PETRONET","Petronet LNG Limited","EQ","Dividend - Rs 3 Per Share","10","04-Jul-2025","04-Jul-2025","-","-"
"NAM-INDIA","Nippon Life India Asset Management Limited","EQ","Dividend - Rs 10 Per Share","10","04-Jul-2025","04-Jul-2025","-","-"
"NAVINFLUOR","Navin Fluorine International Limited","EQ","Dividend - Rs 7 Per Share","2","04-Jul-2025","04-Jul-2025","-","-"
"ASTEC","Astec LifeSciences Limited","EQ","Rights 1:7 @ Premium Rs 880/-","10","04-Jul-2025","04-Jul-2025","-","-"
"AUBANK","AU Small Finance Bank Limited","EQ","Dividend - Re 1 Per Share","10","04-Jul-2025","04-Jul-2025","-","-"
"AXISBANK","Axis Bank Limited","EQ","Dividend - Re 1 Per Sh","2","04-Jul-2025","04-Jul-2025","-","-"
"UNITEDTEA","The United Nilgiri Tea Estates Company Limited","EQ","Dividend - Rs 2 Per Share","10","04-Jul-2025","05-Jul-2025","-","-"
"SHARDAMOTR","Sharda Motor Industries Limited","EQ","Bonus 1:1","2","04-Jul-2025","04-Jul-2025","-","-"
"WELENT","Welspun Enterprises Limited","EQ","Dividend - Rs 3 Per Share","10","04-Jul-2025","04-Jul-2025","-","-"
"TECHM","Tech Mahindra Limited","EQ","Dividend - Rs 30 Per Share","5","04-Jul-2025","04-Jul-2025","-","-"
"THERMAX","Thermax Limited","EQ","Dividend - Rs 14 Per Share","2","04-Jul-2025","04-Jul-2025","-","-"
"SKFINDIA","SKF India Limited","EQ","Annual General Meeting/Dividend - Rs 14.50 Per Share","10","04-Jul-2025","04-Jul-2025","-","-"
"TTL","T T Limited","EQ","Rights 4:27 @ Premium Rs 11/-","1","04-Jul-2025","04-Jul-2025","-","-"
"SONACOMS","Sona BLW Precision Forgings Limited","EQ","Dividend - Rs 1.60 Per Share","10","04-Jul-2025","04-Jul-2025","-","-"
"SPLPETRO","Supreme Petrochem Limited","EQ","Dividend - Rs 7.50 Per Share","2","04-Jul-2025","04-Jul-2025","-","-"
"BHARATFORG","Bharat Forge Limited","EQ","Dividend - Rs 6 Per Share","2","04-Jul-2025","04-Jul-2025","-","-"
"BIOCON","Biocon Limited","EQ","Dividend - Rs 0.50 Per Share","5","04-Jul-2025","04-Jul-2025","-","-"
"CYIENT","Cyient Limited","EQ","Dividend - Rs 14 Per Share","5","04-Jul-2025","04-Jul-2025","-","-"
"DBOL","Dhampur Bio Organics Limited","EQ","Dividend - Rs 1.25 Per Share","10","04-Jul-2025","04-Jul-2025","-","-"
"DCBBANK","DCB Bank Limited","EQ","Dividend - Rs 1.35 Per Share","10","04-Jul-2025","04-Jul-2025","-","-"
"GLOSTERLTD","Gloster Limited","EQ","Dividend - Rs 20 Per Share","10","04-Jul-2025","04-Jul-2025","-","-"
"CENTRALBK","Central Bank of India","EQ","Dividend - Re 0.1875 Per Share","10","04-Jul-2025","04-Jul-2025","-","-"
"CONCOR","Container Corporation of India Limited","EQ","Bonus 1:4","5","04-Jul-2025","04-Jul-2025","-","-"
"CONTROLPR","Control Print Limited","EQ","Dividend - Rs 6 Per Share","10","04-Jul-2025","04-Jul-2025","-","-"
"ONWARDTEC","Onward Technologies Limited","EQ","Dividend - Rs 5 Per Share","10","04-Jul-2025","04-Jul-2025","-","-"
"M&M","Mahindra & Mahindra Limited","EQ","Dividend - Rs 25.30 Per Share","5","04-Jul-2025","04-Jul-2025","-","-"
"INDIASHLTR","India Shelter Finance Corporation Limited","EQ","Dividend - Rs 5 Per Share","5","04-Jul-2025","04-Jul-2025","-","-"
"ESCORTS","Escorts Kubota Limited","EQ","Dividend - Rs 18 Per Share","10","04-Jul-2025","04-Jul-2025","-","-"
"NESTLEIND","Nestle India Limited","EQ","Dividend - Rs 10 Per Share","1","04-Jul-2025","04-Jul-2025","-","-"
"REDINGTON","Redington Limited","EQ","Dividend - Rs 6.80 Per Share","2","04-Jul-2025","04-Jul-2025","-","-"
"SUNPHARMA","Sun Pharmaceutical Industries Limited","EQ","Dividend - Rs 5.50 Per Share","1","07-Jul-2025","07-Jul-2025","-","-"
"VEEDOL","Veedol Corporation Limited","EQ","Dividend - Rs 22 Per Share","2","07-Jul-2025","07-Jul-2025","-","-"
"DODLA","Dodla Dairy Limited","EQ","Annual General Meeting/Dividend - Rs 2 Per Share","10","07-Jul-2025","07-Jul-2025","-","-"
"EXICOM","Exicom Tele-Systems Limited","EQ","Rights 3:20 @ Premium Rs 133/-","10","07-Jul-2025","07-Jul-2025","-","-"
"INGERRAND","Ingersoll Rand (India) Limited","EQ","Dividend - Rs 25 Per Share","10","08-Jul-2025","08-Jul-2025","-","-"
"JKCEMENT","JK Cement Limited","EQ","Annual General Meeting/Dividend - Rs 15 Per Share","10","08-Jul-2025","08-Jul-2025","-","-"
"JSWSTEEL","JSW Steel Limited","EQ","Dividend - Rs 2.80 Per Share","1","08-Jul-2025","08-Jul-2025","-","-"
"SOLARINDS","Solar Industries India Limited","EQ","Annual General Meeting/Dividend - Rs 10 Per Share","2","08-Jul-2025","08-Jul-2025","-","-"
"ADOR","Ador Welding Limited","EQ","Dividend - Rs 20 Per Share","10","08-Jul-2025","08-Jul-2025","-","-"
"AVL","Aditya Vision Limited","EQ","Annual General Meeting/Dividend - Rs 1.10 Per Share","1","08-Jul-2025","08-Jul-2025","-","-"
"TITAN","Titan Company Limited","EQ","Dividend - Rs 11 Per Share","1","08-Jul-2025","08-Jul-2025","-","-"
"PLASTIBLEN","Plastiblends India Limited","EQ","Dividend - Rs 2.50 Per Share","5","08-Jul-2025","08-Jul-2025","-","-"
"KABRAEXTRU","Kabra Extrusion Technik Limited","EQ","Dividend - Rs 2.50 Per Share","5","09-Jul-2025","09-Jul-2025","-","-"
"MPHASIS","MphasiS Limited","EQ","Dividend - Rs 57 Per Share","10","09-Jul-2025","09-Jul-2025","-","-"
"PFIZER","Pfizer Limited","EQ","Dividend - Rs 35 Per Share & Special Dividend Of Rs 100 Per Share/ Special Dividend Of Rs 30","10","09-Jul-2025","09-Jul-2025","-","-"
"BOSCH-HCIL","BOSCH HOME COMFORT INDIA LIMITED","EQ","Interim Dividend - Rs 36 Per Share","10","09-Jul-2025","09-Jul-2025","-","-"
"SJS","S.J.S. Enterprises Limited","EQ","Dividend - Rs 2.50 Per Share","10","09-Jul-2025","09-Jul-2025","-","-"
"SMLMAH","SML Mahindra Limited","EQ","Dividend - Rs 18 Per Share","10","09-Jul-2025","09-Jul-2025","-","-"
"SUNDARMFIN","Sundaram Finance Limited","EQ","Dividend - Rs 21 Per Share","10","09-Jul-2025","09-Jul-2025","-","-"
"LMW","LMW Limited","EQ","Dividend - Rs 30 Per Share","10","10-Jul-2025","10-Jul-2025","-","-"
"DRREDDY","Dr. Reddy's Laboratories Limited","EQ","Dividend - Rs 8 Per Share","1","10-Jul-2025","10-Jul-2025","-","-"
"DIFFNKG","Diffusion Engineers Limited","EQ","Annual General Meeting/Dividend - Rs 1.50 Per Share","10","10-Jul-2025","10-Jul-2025","-","-"
"WHEELS","Wheels India Limited","EQ","Dividend - Rs 7.03 Per Share","10","10-Jul-2025","10-Jul-2025","-","-"
"NILKAMAL","Nilkamal Limited","EQ","Dividend - Rs 20 Per Share","10","11-Jul-2025","11-Jul-2025","-","-"
"GVPTECH","GVP Infotech Limited","EQ","Dividend - Rs 0.15 Per Share","2","11-Jul-2025","11-Jul-2025","-","-"
"ROTO","Roto Pumps Limited","EQ","Dividend - Re 0.80 Per Share","1","11-Jul-2025","11-Jul-2025","-","-"
"NUCLEUS","Nucleus Software Exports Limited","EQ","Annual General Meeting/Dividend - Rs 12.50 Per Share","10","11-Jul-2025","11-Jul-2025","-","-"
"MAHLOG","Mahindra Logistics Limited","EQ","Dividend - Rs 2.50 Per Share","10","11-Jul-2025","11-Jul-2025","-","-"
"PTL","PTL Enterprises Limited","EQ","Dividend - Rs 1.75 Per Share","1","11-Jul-2025","11-Jul-2025","-","-"
"BALKRISIND","Balkrishna Industries Limited","EQ","Dividend - Rs 4 Per Share","2","11-Jul-2025","12-Jul-2025","-","-"
"APOLLOTYRE","Apollo Tyres Limited","EQ","Dividend - Rs 5 Per Share","1","11-Jul-2025","11-Jul-2025","-","-"
"ARTEMISMED","Artemis Medicare Services Limited","EQ","Dividend - Re 0.45 Per Share","1","11-Jul-2025","11-Jul-2025","-","-"
"ATUL","Atul Limited","EQ","Dividend - Rs 25 Per Share","10","11-Jul-2025","11-Jul-2025","-","-"
"UPL","UPL Limited","EQ","Dividend - Rs 6 Per Share","2","11-Jul-2025","11-Jul-2025","-","-"
"SHRADHA","Shradha Realty Limited","EQ","Dividend - Re 0.50 Per Share","2","11-Jul-2025","11-Jul-2025","-","-"
"XCHANGING","Xchanging Solutions Limited","EQ","Dividend - Rs 2 Per Share","10","11-Jul-2025","11-Jul-2025","-","-"
"ZENSARTECH","Zensar Technologies Limited","EQ","Dividend - Rs 11 Per Share","2","11-Jul-2025","11-Jul-2025","-","-"
"ZYDUSWELL","Zydus Wellness Limited","EQ","Dividend - Rs 6 Per Share","2","11-Jul-2025","11-Jul-2025","-","-"
"SHRIRAMFIN","Shriram Finance Limited","EQ","Dividend - Rs 3 Per Share","2","11-Jul-2025","11-Jul-2025","-","-"
"SMLT","Sarthak Metals Limited","EQ","Dividend - Re 0.50 Per Share","10","11-Jul-2025","11-Jul-2025","-","-"
"SOBHA","Sobha Limited","EQ","Dividend - Rs 3 Per Share","10","11-Jul-2025","11-Jul-2025","-","-"
"TSFINV","TSF INVESTMENTS LIMITED","EQ","Dividend - Rs 1.55 Per Share","5","11-Jul-2025","11-Jul-2025","-","-"
"GEOJITFSL","Geojit Financial Services Limited","EQ","Dividend - Rs 1.50 Per Share","1","11-Jul-2025","11-Jul-2025","-","-"
"IDFCFIRSTB","IDFC First Bank Limited","EQ","Dividend - Rs 0.25 Per Share","10","11-Jul-2025","11-Jul-2025","-","-"
"GLOBAL","Global Education Limited","EQ","Dividend - Re 0.50 Per Share","2","11-Jul-2025","11-Jul-2025","-","-"
"CANFINHOME","Can Fin Homes Limited","EQ","Dividend - Rs 6 Per Share","2","11-Jul-2025","11-Jul-2025","-","-"
"DLINKINDIA","D-Link (India) Limited","EQ","Dividend - Rs 15 Per Share","2","11-Jul-2025","11-Jul-2025","-","-"
"DYCL","Dynamic Cables Limited","EQ","Bonus 1:1","10","11-Jul-2025","11-Jul-2025","-","-"
"ROTO","Roto Pumps Limited","EQ","Bonus 2:1","1","11-Jul-2025","11-Jul-2025","-","-"
"RRKABEL","R R Kabel Limited","EQ","Dividend - Rs 3.50 Per Share","5","14-Jul-2025","14-Jul-2025","-","-"
"PERSISTENT","Persistent Systems Limited","EQ","Annual General Meeting/Dividend - Rs 15 Per Share","5","14-Jul-2025","14-Jul-2025","-","-"
"CRAFTSMAN","Craftsman Automation Limited","EQ","Dividend - Rs 5 Per Share","5","14-Jul-2025","14-Jul-2025","-","-"
"GHCLTEXTIL","GHCL Textiles Limited","EQ","Dividend - Re 0.50 Per Share","2","14-Jul-2025","14-Jul-2025","-","-"
"WENDT","Wendt (India) Limited","EQ","Annual General Meeting/Dividend - Rs 20 Per Share","10","14-Jul-2025","14-Jul-2025","-","-"
"M&MFIN","Mahindra & Mahindra Financial Services Limited","EQ","Dividend - Rs 6.50 Per Share","2","15-Jul-2025","15-Jul-2025","-","-"
"KILITCH","Kilitch Drugs (India) Limited","EQ","Rights 2:23 @ Premium Rs 347/-","10","15-Jul-2025","15-Jul-2025","-","-"
"KIRLPNU","Kirloskar Pneumatic Company Limited","EQ","Dividend - Rs 6.50 Per Share","2","15-Jul-2025","15-Jul-2025","-","-"
"ABREL","Aditya Birla Real Estate Limited","EQ","Dividend - Rs 2 Per Share","10","15-Jul-2025","15-Jul-2025","-","-"
"GRINDWELL","Grindwell Norton Limited","EQ","Dividend - Rs 17 Per Share","5","15-Jul-2025","15-Jul-2025","-","-"
"VINYLINDIA","Vinyl Chemicals (India) Limited","EQ","Dividend - Rs 7 Per Share","1","15-Jul-2025","15-Jul-2025","-","-"
"IDBI","IDBI Bank Limited","EQ","Dividend - Rs 2.10 Per Share","10","15-Jul-2025","15-Jul-2025","-","-"
"CAMS","Computer Age Management Services Limited","EQ","Dividend - Rs 19 Per Share","2","15-Jul-2025","15-Jul-2025","-","-"
"ANUHPHR","Anuh Pharma Limited","EQ","Bonus 1:1","5","15-Jul-2025","15-Jul-2025","-","-"
"PPLPHARMA","Piramal Pharma Limited","EQ","Dividend - Re 0.14 Per Share","10","16-Jul-2025","16-Jul-2025","-","-"
"ANANTRAJ","Anant Raj Limited","EQ","Dividend - Re 0.73 Per Share","2","16-Jul-2025","16-Jul-2025","-","-"
"ASHOKLEY","Ashok Leyland Limited","EQ","Bonus 1:1","1","16-Jul-2025","16-Jul-2025","-","-"
"DJML","DJ Mediaprint & Logistics Limited","EQ","Dividend - Re 0.10 Per Share","10","16-Jul-2025","16-Jul-2025","-","-"
"TCIEXP","TCI Express Limited","EQ","Dividend - Rs 2 Per Share","2","16-Jul-2025","16-Jul-2025","-","-"
"TCS","Tata Consultancy Services Limited","EQ","Interim Dividend - Rs 11 Per Share","1","16-Jul-2025","16-Jul-2025","-","-"
"AVADHSUGAR","Avadh Sugar & Energy Limited","EQ","Dividend - Rs 10 Per Share","10","16-Jul-2025","16-Jul-2025","-","-"
"ORIENTHOT","Oriental Hotels Limited","EQ","Dividend - Re 0.50 Per Share","1","17-Jul-2025","17-Jul-2025","-","-"
"PDSL","PDS Limited","EQ","Dividend - Rs 1.70 Per Share","2","17-Jul-2025","17-Jul-2025","-","-"
"COROMANDEL","Coromandel International Limited","EQ","Dividend - Rs 6 Per Share & Special Dividend Rs 3 Per Share","1","17-Jul-2025","17-Jul-2025","-","-"
"GRAPHITE","Graphite India Limited","EQ","Dividend - Rs 11 Per Share","2","17-Jul-2025","17-Jul-2025","-","-"
"GHCL","GHCL Limited","EQ","Dividend - Rs 12 Per Share","10","17-Jul-2025","17-Jul-2025","-","-"
"VALIANTLAB","Valiant Laboratories Limited","EQ","Rights 1:4 @ Premium Rs 65/-","10","18-Jul-2025","19-Jul-2025","-","-"
"SHANTIGEAR","Shanthi Gears Limited","EQ","Dividend - Rs 2 Per Share","1","18-Jul-2025","19-Jul-2025","-","-"
"SUNDRMBRAK","Sundaram Brake Linings Limited","EQ","Dividend - Rs 1.50 Per Share","10","18-Jul-2025","18-Jul-2025","-","-"
"SWELECTES","Swelect Energy Systems Limited","EQ","Annual General Meeting/Dividend - Rs 3 Per Share","10","18-Jul-2025","18-Jul-2025","-","-"
"SYMPHONY","Symphony Limited","EQ","Annual General Meeting/Dividend - Rs 8 Per Share","2","18-Jul-2025","18-Jul-2025","-","-"
"WELCORP","Welspun Corp Limited","EQ","Annual General Meeting/Dividend - Rs 5 Per Share","5","18-Jul-2025","18-Jul-2025","-","-"
"XPROINDIA","Xpro India Limited","EQ","Annual General Meeting/Dividend - Rs 2 Per Share","10","18-Jul-2025","18-Jul-2025","-","-"
"TRACXN","Tracxn Technologies Limited","EQ","Buy Back","1","18-Jul-2025","18-Jul-2025","-","-"
"TTKHLTCARE","TTK Healthcare Limited","EQ","Annual General Meeting/Dividend - Rs 10 Per Share","10","18-Jul-2025","18-Jul-2025","-","-"
"SASKEN","Sasken Technologies Limited","EQ","Dividend - Rs 13 Per Share","10","18-Jul-2025","18-Jul-2025","-","-"
"BHARTIARTL","Bharti Airtel Limited","EQ","Dividend - Rs 16 Per Share","5","18-Jul-2025","18-Jul-2025","-","-"
"HITECHCORP","Hitech Corporation Limited","EQ","Dividend - Re 1 Per Share","10","18-Jul-2025","18-Jul-2025","-","-"
"CUMMINSIND","Cummins India Limited","EQ","Dividend - Rs 33.50 Per Share","2","18-Jul-2025","18-Jul-2025","-","-"
"BLUESTARCO","Blue Star Limited","EQ","Dividend - Rs 9 Per Share","2","18-Jul-2025","18-Jul-2025","-","-"
"DABUR","Dabur India Limited","EQ","Dividend - Rs 5.25 Per Share","1","18-Jul-2025","18-Jul-2025","-","-"
"GICHSGFIN","GIC Housing Finance Limited","EQ","Dividend - Rs 4.50 Per Share","10","18-Jul-2025","18-Jul-2025","-","-"
"BSOFT","BIRLASOFT LIMITED","EQ","Dividend - Rs 4 Per Share","2","18-Jul-2025","18-Jul-2025","-","-"
"DBREALTY","Valor Estate Limited","EQ","Demerger","10","18-Jul-2025","18-Jul-2025","-","-"
"IFGLEXPOR","IFGL Refractories Limited","EQ","Bonus 1:1","10","18-Jul-2025","18-Jul-2025","-","-"
"DHANUKA","Dhanuka Agritech Limited","EQ","Dividend - Rs 2 Per Share","2","18-Jul-2025","18-Jul-2025","-","-"
"DOLLAR","Dollar Industries Limited","EQ","Dividend - Rs 3 Per Share","2","18-Jul-2025","18-Jul-2025","-","-"
"GRPLTD","GRP Limited","EQ","Dividend - Rs 14.50 Per Share","10","18-Jul-2025","18-Jul-2025","-","-"
"ELGIEQUIP","Elgi Equipments Limited","EQ","Dividend - Rs 2.20 Per Share","1","18-Jul-2025","18-Jul-2025","-","-"
"HAPPSTMNDS","Happiest Minds Technologies Limited","EQ","Dividend - Rs 3.50 Per Share","2","18-Jul-2025","18-Jul-2025","-","-"
"HCLTECH","HCL Technologies Limited","EQ","Interim Dividend - Rs 12 Per Share","2","18-Jul-2025","18-Jul-2025","-","-"
"EXIDEIND","Exide Industries Limited","EQ","Dividend - Rs 2 Per Share","1","18-Jul-2025","19-Jul-2025","-","-"
"NEULANDLAB","Neuland Laboratories Limited","EQ","Dividend - Rs 12 Per Share","10","18-Jul-2025","18-Jul-2025","-","-"
"NEWGEN","Newgen Software Technologies Limited","EQ","Annual General Meeting/Dividend - Rs 5 Per Share","10","18-Jul-2025","18-Jul-2025","-","-"
"IMPAL","India Motor Parts and Accessories Limited","EQ","Dividend - Rs 20 Per Share","10","18-Jul-2025","18-Jul-2025","-","-"
"INDIANHUME","Indian Hume Pipe Company Limited","EQ","Dividend - Rs 1.80 Per Share/ Special Dividend - Rs 4 Per Share","2","18-Jul-2025","18-Jul-2025","-","-"
"INDOTHAI","Indo Thai Securities Limited","EQ","Face Value Split (Sub-Division) - From Rs 10/- Per Share To Re 1/- Per Share","1","18-Jul-2025","18-Jul-2025","-","-"
"INTELLECT","Intellect Design Arena Limited","EQ","Annual General Meeting /Dividend - Rs 4 Per Share & Special Dividend - Rs 3 Per Share","5","18-Jul-2025","18-Jul-2025","-","-"
"LXCHEM","Laxmi Organic Industries Limited","EQ","Dividend - Rs 0.50 Per Share","2","18-Jul-2025","18-Jul-2025","-","-"
"MAGADSUGAR","Magadh Sugar & Energy Limited","EQ","Dividend - Rs 12.50 Per Share","10","18-Jul-2025","18-Jul-2025","-","-"
"SAFARI","Safari Industries (India) Limited","EQ","Dividend - Rs 1.50 Per Share","2","18-Jul-2025","18-Jul-2025","-","-"
"MAHLIFE","Mahindra Lifespace Developers Limited","EQ","Dividend - Rs 2.80 Per Sh","10","18-Jul-2025","18-Jul-2025","-","-"
"MAPMYINDIA","C.E. Info Systems Limited","EQ","Dividend - Rs 3.50 Per Share","2","18-Jul-2025","18-Jul-2025","-","-"
"ORIENTELEC","Orient Electric Limited","EQ","Dividend - Rs 0.75 Per Share","1","18-Jul-2025","18-Jul-2025","-","-"
"MGEL","Mangalam Global Enterprise Limited","EQ","Dividend - Rs 0.01 Per Share","1","18-Jul-2025","18-Jul-2025","-","-"
"JUBLFOOD","Jubilant Foodworks Limited","EQ","Dividend - Rs 1.20 Per Share","2","18-Jul-2025","18-Jul-2025","-","-"
"MOTHERSON","Samvardhana Motherson International Limited","EQ","Bonus 1:2","1","18-Jul-2025","18-Jul-2025","-","-"
"MRF","MRF Limited","EQ","Dividend - Rs 229 Per Share","10","18-Jul-2025","18-Jul-2025","-","-"
"MSUMI","Motherson Sumi Wiring India Limited","EQ","Bonus 1:2","1","18-Jul-2025","18-Jul-2025","-","-"
"PIXTRANS","Pix Transmissions Limited","EQ","Dividend - Rs 9 Per Share","10","18-Jul-2025","18-Jul-2025","-","-"
"KOTAKBANK","Kotak Mahindra Bank Limited","EQ","Dividend - Rs 2.50 Per Share","1","18-Jul-2025","18-Jul-2025","-","-"
"PRUDENT","Prudent Corporate Advisory Services Limited","EQ","Dividend - Rs 2.50 Per Share","5","18-Jul-2025","18-Jul-2025","-","-"
"PUNJABCHEM","Punjab Chemicals & Crop Protection Limited","EQ","Dividend - Rs 3 Per Share","10","18-Jul-2025","18-Jul-2025","-","-"
"AEGISLOG","Aegis Logistics Limited","EQ","Dividend - Rs 6 Per Share","1","18-Jul-2025","18-Jul-2025","-","-"
"AFCONS","Afcons Infrastructure Limited","EQ","Dividend - Rs 2.50 Per Share","10","18-Jul-2025","18-Jul-2025","-","-"
"ASKAUTOLTD","ASK Automotive Limited","EQ","Dividend - Rs 1.50 Per Share","2","18-Jul-2025","18-Jul-2025","-","-"
"ASTRAZEN","AstraZeneca Pharma India Limited","EQ","Dividend - Rs 32 Per Share","2","18-Jul-2025","18-Jul-2025","-","-"
"BAJAJELEC","Bajaj Electricals Limited","EQ","Dividend - Rs 3 Per Share","2","18-Jul-2025","18-Jul-2025","-","-"
"TCI","Transport Corporation of India Limited","EQ","Annual General Meeting","2","21-Jul-2025","21-Jul-2025","-","-"
"ANURAS","Anupam Rasayan India Limited","EQ","Interim Dividend - Rs 0.75 Per Sh","10","21-Jul-2025","21-Jul-2025","-","-"
"OCCLLTD","OCCL Limited","EQ","Dividend - Rs 1.50 Per Share","2","21-Jul-2025","21-Jul-2025","-","-"
"ORIENTBELL","Orient Bell Limited","EQ","Annual General Meeting/Dividend - Rs  0.50 Per Share","10","21-Jul-2025","21-Jul-2025","-","-"
"SHREECEM","SHREE CEMENT LIMITED","EQ","Dividend - Rs 60 Per Share","10","21-Jul-2025","21-Jul-2025","-","-"
"THANGAMAYL","Thangamayil Jewellery Limited","EQ","Annual General Meeting/Dividend - Rs  12.50 Per Share","10","21-Jul-2025","21-Jul-2025","-","-"
"WINDLAS","Windlas Biotech Limited","EQ","Dividend - Rs 5.80 Per Share","5","21-Jul-2025","21-Jul-2025","-","-"
"HAPPYFORGE","Happy Forgings Limited","EQ","Dividend - Rs 3 Per Share","2","22-Jul-2025","22-Jul-2025","-","-"
"SIYSIL","Siyaram Silk Mills Limited","EQ","Dividend - Rs 5 Per Share","2","22-Jul-2025","22-Jul-2025","-","-"
"SILINV","SIL Investments Limited","EQ","Dividend - Rs 2.50 Per Share","10","22-Jul-2025","22-Jul-2025","-","-"
"STAR","Strides Pharma Science Limited","EQ","Dividend - Rs 4 Per Share","10","22-Jul-2025","22-Jul-2025","-","-"
"HIRECT","Hind Rectifiers Limited","EQ","Dividend - Rs 2 Per Share","2","22-Jul-2025","22-Jul-2025","-","-"
"VOLTAMP","Voltamp Transformers Limited","EQ","Annual General Meeting/Dividend - Rs 100 Per Share","10","22-Jul-2025","22-Jul-2025","-","-"
"ABSLAMC","Aditya Birla Sun Life AMC Limited","EQ","Annual General Meeting/Dividend - Rs 24 Per Share","5","23-Jul-2025","23-Jul-2025","-","-"
"GREAVESCOT","Greaves Cotton Limited","EQ","Dividend - Rs 2 Per Share","2","23-Jul-2025","23-Jul-2025","-","-"
"KPRMILL","K.P.R. Mill Limited","EQ","Dividend - Rs 2.50 Per Share","1","23-Jul-2025","23-Jul-2025","-","-"
"PRECAM","Precision Camshafts Limited","EQ","Dividend - Re 1 Per Share","10","23-Jul-2025","23-Jul-2025","-","-"
"PIDILITIND","Pidilite Industries Limited","EQ","Annual General Meeting/Dividend - Rs 20 Per Share","1","23-Jul-2025","23-Jul-2025","-","-"
"MAHLOG","Mahindra Logistics Limited","EQ","Rights 3:8 @ Premium Rs 267/-","10","23-Jul-2025","23-Jul-2025","-","-"
"ROUTE","ROUTE MOBILE LIMITED","EQ","Interim Dividend - Rs 3 Per Sh","10","23-Jul-2025","23-Jul-2025","-","-"
"NESCO","Nesco Limited","EQ","Annual General Meeting/Dividend - Rs 6.50 Per Share","2","23-Jul-2025","23-Jul-2025","-","-"
"HERITGFOOD","Heritage Foods Limited","EQ","Annual General Meeting/Dividend - Rs 2.50 Per Share","5","23-Jul-2025","23-Jul-2025","-","-"
"ADVENZYMES","Advanced Enzyme Technologies Limited","EQ","Dividend - Rs 1.20 Per Share","2","23-Jul-2025","23-Jul-2025","-","-"
"BANSWRAS","Banswara Syntex Limited","EQ","Dividend - Re 1 Per Share","5","23-Jul-2025","23-Jul-2025","-","-"
"DBCORP","D.B.Corp Limited","EQ","Interim Dividend - Rs 5 Per Share","10","23-Jul-2025","23-Jul-2025","-","-"
"SONATSOFTW","Sonata Software Limited","EQ","Dividend - Rs 4.40 Per Share","1","23-Jul-2025","23-Jul-2025","-","-"
"TANLA","Tanla Platforms Limited","EQ","Buy Back","1","23-Jul-2025","23-Jul-2025","-","-"
"IVP","IVP Limited","EQ","Dividend - Re 1 Per Share","10","24-Jul-2025","24-Jul-2025","-","-"
"RADICO","Radico Khaitan Limited","EQ","Dividend - Rs 4 Per Share","2","24-Jul-2025","24-Jul-2025","-","-"
"TCPLPACK","TCPL Packaging Limited","EQ","Dividend - Rs 30 Per Share","10","24-Jul-2025","24-Jul-2025","-","-"
"HEROMOTOCO","Hero MotoCorp Limited","EQ","Dividend - Rs 65 Per Share","2","24-Jul-2025","24-Jul-2025","-","-"
"FIEMIND","Fiem Industries Limited","EQ","Dividend - Rs 30 Per Share","10","24-Jul-2025","24-Jul-2025","-","-"
"CONSOFINVT","Consolidated Finvest & Holdings Limited","EQ","Annual General Meeting/Dividend - Rs 1.13 Per Share","10","24-Jul-2025","24-Jul-2025","-","-"
"HATSUN","Hatsun Agro Product Limited","EQ","Interim Dividend - Rs  6 Per Share","1","24-Jul-2025","24-Jul-2025","-","-"
"CHOLAFIN","Cholamandalam Investment and Finance Company Limited","EQ","Dividend - Re 0.70 Per Share","2","24-Jul-2025","24-Jul-2025","-","-"
"SPANDANA","Spandana Sphoorty Financial Limited","EQ","Rights 10:41 @ Premium Rs 220/-","10","24-Jul-2025","24-Jul-2025","-","-"
"20MICRONS","20 Microns Limited","EQ","Dividend - Rs 1.25 Per Share","5","24-Jul-2025","24-Jul-2025","-","-"
"BIRLANU","BirlaNu Limited","EQ","Dividend - Rs 30 Per Share","10","24-Jul-2025","24-Jul-2025","-","-"
"BLISSGVS","Bliss GVS Pharma Limited","EQ","Annual General Meeting/Dividend - Rs  0.50 Per Share","1","24-Jul-2025","24-Jul-2025","-","-"
"PRIVISCL","Privi Speciality Chemicals Limited","EQ","Dividend - Rs 5 Per Share","10","24-Jul-2025","24-Jul-2025","-","-"
"CROMPTON","Crompton Greaves Consumer Electricals Limited","EQ","Dividend - Rs 3 Per Share","2","24-Jul-2025","24-Jul-2025","-","-"
"UTIAMC","UTI Asset Management Company Limited","EQ","Dividend - Rs 26 Per Share And Special Dividend Rs 22 Per Share","10","24-Jul-2025","24-Jul-2025","-","-"
"IRBINVIT","IRB InvIT Fund","IV","Distribution - Rs 2 Per Unit Consisting Of Interest - Re 1.57 Per Unit / Return Of Capital - Re 0.15 Per Unit/Dividend - Re 0.28 Per Unit","102","24-Jul-2025","24-Jul-2025","-","-"
"AKZOINDIA","Akzo Nobel India Limited","EQ","Dividend - Rs 30 Per Share","10","25-Jul-2025","25-Jul-2025","-","-"
"ALBERTDAVD","Albert David Limited","EQ","Dividend - Rs 5 Per Share","10","25-Jul-2025","25-Jul-2025","-","-"
"ARVIND","Arvind Limited","EQ","Dividend - Rs 3.75 Per Share","10","25-Jul-2025","25-Jul-2025","-","-"
"ARVSMART","Arvind SmartSpaces Limited","EQ","Dividend - Rs 6 Per Share","10","25-Jul-2025","25-Jul-2025","-","-"
"ASALCBR","Associated Alcohols & Breweries Ltd.","EQ","Dividend - Rs 2 Per Share","10","25-Jul-2025","25-Jul-2025","-","-"
"ASPINWALL","Aspinwall and Company Limited","EQ","Dividend - Rs 6.50 Per Share","10","25-Jul-2025","25-Jul-2025","-","-"
"3MINDIA","3M India Limited","EQ","Dividend - Rs 160 Per Share & Special Dividend - Rs 375","10","25-Jul-2025","25-Jul-2025","-","-"
"HBSL","HB Stockholdings Limited","EQ","Dividend - Re 1 Per Share","10","25-Jul-2025","25-Jul-2025","-","-"
"HDFCBANK","HDFC Bank Limited","EQ","Special Dividend - Rs 5 Per Share","1","25-Jul-2025","25-Jul-2025","-","-"
"FINEORG","Fine Organic Industries Limited","EQ","Dividend - Rs 11 Per Share","5","25-Jul-2025","26-Jul-2025","-","-"
"FORTIS","Fortis Healthcare Limited","EQ","Dividend - Re 1 Per Share","10","25-Jul-2025","25-Jul-2025","-","-"
"NELCAST","Nelcast Limited","EQ","Dividend - Re 0.50 Per Share","2","25-Jul-2025","25-Jul-2025","-","-"
"IMFA","Indian Metals & Ferro Alloys Limited","EQ","Dividend - Rs 5 Per Share","10","25-Jul-2025","25-Jul-2025","-","-"
"LICI","Life Insurance Corporation Of India","EQ","Dividend - Rs 12 Per Share","10","25-Jul-2025","25-Jul-2025","-","-"
"INFOBEAN","InfoBeans Technologies Limited","EQ","Dividend - Re 1 Per Share","10","25-Jul-2025","25-Jul-2025","-","-"
"LUPIN","Lupin Limited","EQ","Dividend - Rs 12 Per Share","2","25-Jul-2025","25-Jul-2025","-","-"
"OBEROIRLTY","Oberoi Realty Limited","EQ","Interim Dividend - Rs 2 Per Share","10","25-Jul-2025","25-Jul-2025","-","-"
"ORIENTCEM","Orient Cement Limited","EQ","Dividend - Rs 0.50 Per Share","1","25-Jul-2025","25-Jul-2025","-","-"
"JTEKTINDIA","Jtekt India Limited","EQ","Rights 1:11 @ Premium Rs 107.10/-","1","25-Jul-2025","25-Jul-2025","-","-"
"JUBLINGREA","Jubilant Ingrevia Limited","EQ","Dividend - Rs 2.50 Per Share","1","25-Jul-2025","25-Jul-2025","-","-"
"JUBLPHARMA","Jubilant Pharmova Limited","EQ","Dividend - Rs 5 Per Share","1","25-Jul-2025","25-Jul-2025","-","-"
"KEC","KEC International Limited","EQ","Dividend - Rs 5.50 Per Share","2","25-Jul-2025","25-Jul-2025","-","-"
"KELLTONTEC","Kellton Tech Solutions Limited","EQ","Face Value Split (Sub-Division) - From Rs 5/- Per Share To Re 1/- Per Share","1","25-Jul-2025","25-Jul-2025","-","-"
"MUKANDLTD","Mukand Limited","EQ","Dividend - Rs 2 Per Share","10","25-Jul-2025","25-Jul-2025","-","-"
"KIRLOSBROS","Kirloskar Brothers Limited","EQ","Dividend - Rs 7 Per Share","2","25-Jul-2025","25-Jul-2025","-","-"
"NAUKRI","Info Edge (India) Limited","EQ","Dividend - Rs 3.60 Per Share","2","25-Jul-2025","25-Jul-2025","-","-"
"PRECWIRE","Precision Wires India Limited","EQ","Dividend - Rs 0.50 Per Share","1","25-Jul-2025","25-Jul-2025","-","-"
"KSOLVES","Ksolves India Limited","EQ","Interim Dividend - Re 1 Per Share","5","25-Jul-2025","25-Jul-2025","-","-"
"BHAGERIA","Bhageria Industries Limited","EQ","Annual General Meeting/Dividend - Rs 1.50 Per Share","5","25-Jul-2025","25-Jul-2025","-","-"
"ABBOTINDIA","Abbott India Limited","EQ","Dividend - Rs 475 Per Share","10","25-Jul-2025","25-Jul-2025","-","-"
"ULTRACEMCO","UltraTech Cement Limited","EQ","Dividend - Rs 77.50 Per Sh","10","25-Jul-2025","25-Jul-2025","-","-"
"UNIONBANK","Union Bank of India","EQ","Dividend - Rs 4.75 Per Share","10","25-Jul-2025","25-Jul-2025","-","-"
"STEELCAS","Steelcast Limited","EQ","Dividend - Rs 2.70 Per Share","1","25-Jul-2025","25-Jul-2025","-","-"
"SUMICHEM","Sumitomo Chemical India Limited","EQ","Dividend - Rs 1.20 Per Share","10","25-Jul-2025","25-Jul-2025","-","-"
"SHRIPISTON","Shriram Pistons & Rings Limited","EQ","Dividend - Rs 5 Per Share","10","25-Jul-2025","25-Jul-2025","-","-"
"ZYDUSLIFE","Zydus Lifesciences Limited","EQ","Dividend - Rs 11 Per Share","1","25-Jul-2025","25-Jul-2025","-","-"
"THYROCARE","Thyrocare Technologies Limited","EQ","Dividend - Rs 21 Per Share","10","25-Jul-2025","25-Jul-2025","-","-"
"TIINDIA","Tube Investments of India Limited","EQ","Dividend - Rs 1.50 Per Share","1","25-Jul-2025","25-Jul-2025","-","-"
"TIMKEN","Timken India Limited","EQ","Dividend - Rs 36 Per Share","10","25-Jul-2025","25-Jul-2025","-","-"
"TRANSWORLD","TRANSWORLD SHIPPING LINES LIMITED","EQ","Dividend - Rs 1.50 Per Share","10","25-Jul-2025","25-Jul-2025","-","-"
"BHARTIHEXA","Bharti Hexacom Limited","EQ","Dividend - Rs 10 Per Share","5","25-Jul-2025","25-Jul-2025","-","-"
"ICRA","ICRA Limited","EQ","Annual General Meeting/Dividend - Rs 60 Per Share","10","25-Jul-2025","25-Jul-2025","-","-"
"GMMPFAUDLR","GMM Pfaudler Limited","EQ","Annual General Meeting/Dividend - Re 1 Per Share","2","25-Jul-2025","25-Jul-2025","-","-"
"GOCLCORP","GOCL Corporation Limited","EQ","Dividend - Rs 10 Per Share","2","25-Jul-2025","25-Jul-2025","-","-"
"CAPITALSFB","Capital Small Finance Bank Limited","EQ","Dividend - Rs 4 Per Share","10","25-Jul-2025","25-Jul-2025","-","-"
"DIVISLAB","Divi's Laboratories Limited","EQ","Dividend - Rs 30 Per Share","2","25-Jul-2025","25-Jul-2025","-","-"
"CENTRALBK","Central Bank of India","EQ","Interim Dividend - Re 0.20 Per Share","10","25-Jul-2025","25-Jul-2025","-","-"
"CENTUM","Centum Electronics Limited","EQ","Dividend - Rs 6 Per Share","10","25-Jul-2025","25-Jul-2025","-","-"
"EIHAHOTELS","EIH Associated Hotels Limited","EQ","Dividend - Rs 3.50 Per Share","10","28-Jul-2025","28-Jul-2025","-","-"
"CRISIL","CRISIL Limited","EQ","Interim Dividend - Rs 9 Per Share","1","28-Jul-2025","28-Jul-2025","-","-"
"KPITTECH","KPIT Technologies Limited","EQ","Dividend - Rs 6 Per Share","10","28-Jul-2025","28-Jul-2025","-","-"
"DLF","DLF Limited","EQ","Dividend - Rs 6 Per Share","2","28-Jul-2025","28-Jul-2025","-","-"
"COSMOFIRST","COSMO FIRST LIMITED","EQ","Dividend - Rs 4 Per Share","10","28-Jul-2025","28-Jul-2025","-","-"
"SHYAMMETL","Shyam Metalics and Energy Limited","EQ","Interim Dividend - Rs 1.80 Per Share","10","28-Jul-2025","28-Jul-2025","-","-"
"WIPRO","Wipro Limited","EQ","Interim Dividend - Rs 5 Per Share","2","28-Jul-2025","28-Jul-2025","-","-"
"INDIGRID","IndiGrid Infrastructure Trust","IV","Distribution - Rs 4 Per Unit Consisting Of Interest - Rs 1.5989 Per Unit/ Dividend - Rs 0.1670 Per Unit / Capital Repayment - Rs 2.1350 Per Unit / Other Income - Rs 0.0991 Per Unit","100","29-Jul-2025","29-Jul-2025","-","-"
"RANEHOLDIN","Rane Holdings Limited","EQ","Dividend - Rs 38 Per Share","10","29-Jul-2025","29-Jul-2025","-","-"
"EVEREADY","Eveready Industries India Limited","EQ","Dividend - Rs 1.50 Per Share","5","29-Jul-2025","29-Jul-2025","-","-"
"APLLTD","Alembic Pharmaceuticals Limited","EQ","Dividend - Rs 11 Per Share","2","29-Jul-2025","29-Jul-2025","-","-"
"AEROFLEX","Aeroflex Industries Limited","EQ","Dividend - Rs 0.30 Per Share","2","29-Jul-2025","29-Jul-2025","-","-"
"APARINDS","Apar Industries Limited","EQ","Dividend - Rs 51 Per Share","10","29-Jul-2025","29-Jul-2025","-","-"
"GPTHEALTH","GPT Healthcare Limited","EQ","Dividend - Rs 1.50 Per Share","10","29-Jul-2025","29-Jul-2025","-","-"
"BOSCHLTD","Bosch Limited","EQ","Dividend - Rs 512 Per Share","10","29-Jul-2025","29-Jul-2025","-","-"
"SRF","SRF Limited","EQ","Interim Dividend - Rs 4 Per Sh","10","29-Jul-2025","29-Jul-2025","-","-"
"PSB","Punjab & Sind Bank","EQ","Dividend - Rs 0.07 Per Share","10","29-Jul-2025","29-Jul-2025","-","-"
"INOXWIND","Inox Wind Limited","EQ","Rights 5:78 @ Premium Rs 110/-","10","29-Jul-2025","29-Jul-2025","-","-"
"RML","Rane (Madras) Limited","EQ","Dividend - Rs 8 Per Share","10","29-Jul-2025","29-Jul-2025","-","-"
"TDPOWERSYS","TD Power Systems Limited","EQ","Dividend - Re 0.65 Per Share","2","30-Jul-2025","30-Jul-2025","-","-"
"BASF","BASF India Limited","EQ","Dividend - Rs 20 Per Share","10","30-Jul-2025","30-Jul-2025","-","-"
"IRBIT","IRB INFRASTRUCTURE TRUST","IV","Distribution - Re 0.45 Per Unitconsisiting Of Interest - Re 0.13 Per Unit / Return On Capital - Re 0.32 Per Unit","100","30-Jul-2025","30-Jul-2025","-","-"
"JBCHEPHARM","JB Chemicals & Pharmaceuticals Limited","EQ","Dividend - Rs 7 Per Share","1","30-Jul-2025","30-Jul-2025","-","-"
"AURIONPRO","Aurionpro Solutions Limited","EQ","Interim Dividend - Re 1 Per Share","10","30-Jul-2025","30-Jul-2025","-","-"
"EIHOTEL","EIH Limited","EQ","Dividend - Rs 1.50 Per Share","2","30-Jul-2025","30-Jul-2025","-","-"
"SEITINVIT","Sustainable Energy Infra Trust","IV","Distribution - 3.04316 Consisting Of Interest Rs 3.04013 Per Unit / Other Income - Rs 0.00303","100","30-Jul-2025","30-Jul-2025","-","-"
"VRLLOG","VRL Logistics Limited","EQ","Dividend - Rs 10 Per Share","10","30-Jul-2025","30-Jul-2025","-","-"
"SINCLAIR","Sinclairs Hotels Limited","EQ","Dividend - Re 0.80 Per Share","2","30-Jul-2025","30-Jul-2025","-","-"
"NOCIL","NOCIL Limited","EQ","Dividend - Rs 2 Per Share","10","30-Jul-2025","30-Jul-2025","-","-"
"MMFL","MM Forgings Limited","EQ","Dividend - Rs 4 Per Share","10","30-Jul-2025","30-Jul-2025","-","-"
"IGARASHI","Igarashi Motors India Limited","EQ","Dividend - Rs 2.50 Per Share","10","31-Jul-2025","31-Jul-2025","-","-"
"IGPL","IG Petrochemicals Limited","EQ","Dividend - Rs 10 Per Share","10","31-Jul-2025","31-Jul-2025","-","-"
"CARBORUNIV","Carborundum Universal Limited","EQ","Dividend - Rs 2.50 Per Share","1","31-Jul-2025","31-Jul-2025","-","-"
"GODREJAGRO","Godrej Agrovet Limited","EQ","Dividend - Rs 11 Per Share","10","31-Jul-2025","31-Jul-2025","-","-"
"DIAMONDYD","Prataap Snacks Limited","EQ","Dividend - Re 0.50 Per Share","5","31-Jul-2025","31-Jul-2025","-","-"
"JKTYRE","JK Tyre & Industries Limited","EQ","Dividend - Rs 3 Per Share","2","31-Jul-2025","31-Jul-2025","-","-"
"MENONBE","Menon Bearings Limited","EQ","Interim Dividend - Rs 2 Per Share","1","31-Jul-2025","31-Jul-2025","-","-"
"CEMPRO","Cemindia Projects Limited","EQ","Dividend - Rs 2 Per Share","1","31-Jul-2025","31-Jul-2025","-","-"
"CHEVIOT","Cheviot Company Limited","EQ","Dividend - Rs 5 Per Share","10","31-Jul-2025","31-Jul-2025","-","-"
"BPCL","Bharat Petroleum Corporation Limited","EQ","Dividend - Rs 5 Per Share","10","31-Jul-2025","31-Jul-2025","-","-"
"GRANULES","Granules India Limited","EQ","Dividend - Rs 1.50 Per Share","1","31-Jul-2025","31-Jul-2025","-","-"
"UBL","United Breweries Limited","EQ","Dividend - Rs 10 Per Share","1","31-Jul-2025","31-Jul-2025","-","-"
"TTKPRESTIG","TTK Prestige Limited","EQ","Dividend - Rs 6 Per Share","1","31-Jul-2025","31-Jul-2025","-","-"
"VGUARD","V-Guard Industries Limited","EQ","Dividend - Rs 1.50 Per Share","1","31-Jul-2025","31-Jul-2025","-","-"
"COFORGE","Coforge Limited","EQ","Interim Dividend - Rs 4 Per Share","2","31-Jul-2025","31-Jul-2025","-","-"
"USHAMART","Usha Martin Limited","EQ","Dividend - Rs 3 Per Share","1","31-Jul-2025","31-Jul-2025","-","-"
"GPTINFRA","GPT Infraprojects Limited","EQ","Dividend - Re 1 Per Share","10","31-Jul-2025","31-Jul-2025","-","-"
"BALKRISIND","Balkrishna Industries Limited","EQ","Interim Dividend - Rs 4 Per Share","2","31-Jul-2025","31-Jul-2025","-","-"
"CHEMBOND","Chembond Material Technologies Limited","EQ","Dividend - Rs 1.75 Per Share","5","31-Jul-2025","31-Jul-2025","-","-"
"RAMAPHO","Rama Phosphates Limited","EQ","Dividend - Re 0.25 Per Share","5","31-Jul-2025","31-Jul-2025","-","-"
"KIRLOSENG","Kirloskar Oil Engines Limited","EQ","Dividend - Rs 4 Per Sh","2","31-Jul-2025","31-Jul-2025","-","-"
"AARVI","Aarvi Encon Limited","EQ","Dividend - Rs 2 Per Share","10","01-Aug-2025","01-Aug-2025","-","-"
"GALAXYSURF","Galaxy Surfactants Limited","EQ","Dividend - Rs 4 Per Share","10","01-Aug-2025","01-Aug-2025","-","-"
"832GS2032","GOVERNMENT OF INDIA","GS","Interest Payment","100","01-Aug-2025","01-Aug-2025","-","-"
"ANDHRAPAP","ANDHRA PAPER LIMITED","EQ","Dividend - Re 1 Per Share","2","01-Aug-2025","01-Aug-2025","-","-"
"ARE&M","Amara Raja Energy & Mobility Limited","EQ","Dividend - Rs 5.20 Per Share","1","01-Aug-2025","01-Aug-2025","-","-"
"ARKADE","Arkade Developers Limited","EQ","Interim Dividend - Re 1 Per Share","10","01-Aug-2025","01-Aug-2025","-","-"
"MUNJALSHOW","Munjal Showa Limited","EQ","Dividend - Rs 4.50 Per Share","2","01-Aug-2025","01-Aug-2025","-","-"
"PNBHOUSING","PNB Housing Finance Limited","EQ","Dividend - Rs 5 Per Share","10","01-Aug-2025","01-Aug-2025","-","-"
"PREMIERENE","Premier Energies Limited","EQ","Interim Dividend - Re 0.25 Per Share","1","01-Aug-2025","02-Aug-2025","-","-"
"PTC","PTC India Limited","EQ","Dividend - Rs 6.70 Per Share","10","01-Aug-2025","01-Aug-2025","-","-"
"BALAMINES","Balaji Amines Limited","EQ","Dividend - Rs 11 Per Share","2","01-Aug-2025","01-Aug-2025","-","-"
"BATAINDIA","Bata India Limited","EQ","Dividend - Rs 9 Per Share","5","01-Aug-2025","01-Aug-2025","-","-"
"SAKSOFT","Saksoft Limited","EQ","Dividend - Re 0.40 Per Share","1","01-Aug-2025","01-Aug-2025","-","-"
"JAICORPLTD","Jai Corp Limited","EQ","Special Dividend - Rs 5 Per Share","1","01-Aug-2025","01-Aug-2025","-","-"
"MARICO","Marico Limited","EQ","Dividend - Rs 7 Per Share","1","01-Aug-2025","01-Aug-2025","-","-"
"MARKSANS","Marksans Pharma Limited","EQ","Dividend - Re 0.80 Per Share","1","01-Aug-2025","01-Aug-2025","-","-"
"MARUTI","Maruti Suzuki India Limited","EQ","Dividend - Rs 135 Per Share","5","01-Aug-2025","01-Aug-2025","-","-"
"MINDTECK","Mindteck (India) Limited","EQ","Dividend - Re 1 Per Share","10","01-Aug-2025","01-Aug-2025","-","-"
"EICHERMOT","Eicher Motors Limited","EQ","Dividend - Rs 70 Per Share","1","01-Aug-2025","01-Aug-2025","-","-"
"CHOLAHLDNG","Cholamandalam Financial Holdings Limited","EQ","Dividend - Rs 1.30 Per Share","1","01-Aug-2025","01-Aug-2025","-","-"
"ENDURANCE","Endurance Technologies Limited","EQ","Dividend - Rs 10 Per Share","10","01-Aug-2025","01-Aug-2025","-","-"
"RECLTD","REC Limited","EQ","Interim Dividend - Rs 4.60 Per Share","10","01-Aug-2025","01-Aug-2025","-","-"
"NH","Narayana Hrudayalaya Ltd.","EQ","Dividend - Rs 4.50 Per Share","10","01-Aug-2025","01-Aug-2025","-","-"
"REDTAPE","Redtape Limited","EQ","Dividend - Rs 0.25 Per Share","2","01-Aug-2025","01-Aug-2025","-","-"
"LTFOODS","LT Foods Limited","EQ","Interim Dividend - Re 1 Per Share","1","01-Aug-2025","01-Aug-2025","-","-"
"GANDHAR","Gandhar Oil Refinery (India) Limited","EQ","Dividend - Re 0.50 Per Share","2","01-Aug-2025","01-Aug-2025","-","-"
"BHEL","Bharat Heavy Electricals Limited","EQ","Dividend - Re 0.50 Per Share","2","01-Aug-2025","01-Aug-2025","-","-"
"GATEWAY","Gateway Distriparks Limited","EQ","Interim Dividend - Rs 1.25 Per Share","10","01-Aug-2025","02-Aug-2025","-","-"
"CUB","City Union Bank Limited","EQ","Dividend - Rs 2 Per Share","1","01-Aug-2025","01-Aug-2025","-","-"
"CYBERMEDIA","Cyber Media (India) Limited","EQ","Rights 2:5 @ Premium Rs 5.80/-","10","01-Aug-2025","01-Aug-2025","-","-"
"DATAPATTNS","Data Patterns (India) Limited","EQ","Dividend - Rs 7.90 Per Share","2","01-Aug-2025","01-Aug-2025","-","-"
"CELLO","Cello World Limited","EQ","Dividend - Rs 1.50 Per Share","5","01-Aug-2025","01-Aug-2025","-","-"
"DTIL","Dhunseri Tea & Industries Limited","EQ","Dividend - Re 1 Per Share","10","01-Aug-2025","01-Aug-2025","-","-"
"DVL","Dhunseri Ventures Limited","EQ","Dividend - Rs 5 Per Share","10","01-Aug-2025","01-Aug-2025","-","-"
"CHENNPETRO","Chennai Petroleum Corporation Limited","EQ","Dividend - Rs 5 Per Share","10","01-Aug-2025","01-Aug-2025","-","-"
"UNITDSPR","United Spirits Limited","EQ","Dividend - Rs 8 Per Share","2","01-Aug-2025","01-Aug-2025","-","-"
"VBL","Varun Beverages Limited","EQ","Interim Dividend - Re 0.50 Per Share","2","01-Aug-2025","02-Aug-2025","-","-"
"SHK","S H Kelkar and Company Limited","EQ","Dividend - Re 1 Per Share","10","01-Aug-2025","01-Aug-2025","-","-"
"TASTYBITE","Tasty Bite Eatables Limited","EQ","Dividend - Rs 2 Per Share","10","01-Aug-2025","01-Aug-2025","-","-"
"SHREMINVIT","Shrem Invit","IV","Distribution - Rs 3.9312 Per Unit Consists Of Rs. 2.0440 Per Unit As Dividend/Rs 1.8872 Per Unit As Interest","100","01-Aug-2025","01-Aug-2025","-","-"
"VIDHIING","Vidhi Specialty Food Ingredients Limited","EQ","Interim Dividend - Rs 1.50 Per Share","1","01-Aug-2025","01-Aug-2025","-","-"
"TMB","Tamilnad Mercantile Bank Limited","EQ","Dividend - Rs 11 Per Share","10","01-Aug-2025","01-Aug-2025","-","-"
"UFLEX","UFLEX Limited","EQ","Dividend - Rs 3 Per Sh","10","01-Aug-2025","01-Aug-2025","-","-"
"826GS2027","GOVERNMENT OF INDIA","GS","Interest Payment","100","01-Aug-2025","01-Aug-2025","-","-"
"KCP","KCP Limited","EQ","Dividend - Rs 0.25 Per Share","1","04-Aug-2025","04-Aug-2025","-","-"
"PRAJIND","Praj Industries Limited","EQ","Dividend - Rs 6 Per Share","2","04-Aug-2025","04-Aug-2025","-","-"
"NXST","Nexus Select Trust","RR","Distribution - Rs 2.230 Per Unit Comprises Of Interest - Re 0.642 Per Unit / Dividend - Rs 1.299 Per Unit / Other Income - Re 0.007 Per Unit / Repayment Of Spv Level Debt - Rs 0.282 Per Unit","100","04-Aug-2025","04-Aug-2025","-","-"
"EMKAY","Emkay Global Financial Services Limited","EQ","Dividend - Rs 1.50 Per Share & Special Dividend Rs 2.50 Per Share","10","04-Aug-2025","04-Aug-2025","-","-"
"FAIRCHEMOR","Fairchem Organics Limited","EQ","Dividend - Rs 7.50 Per Share","10","04-Aug-2025","04-Aug-2025","-","-"
"INDUSINVIT","Indus Infra Trust","IV","Distribution - Rs 3.25 Per Unit Consisting Of Interest - Rs 2.78 Per Unit/ Dividend - Re 0.04 Per Unit/Return On Capital - Re 0.43 Per Unit","100","04-Aug-2025","04-Aug-2025","-","-"
"GAIL","GAIL (India) Limited","EQ","Dividend - Re 1 Per Share","10","04-Aug-2025","04-Aug-2025","-","-"
"CUBEINVIT","Cube Highways Trust","IV","Distribution - Rs 2.50 Per Unit Consists Of Rs 1.33 Per Unit Interest Payment & Rs 1.17 Per Unit Of Return Of Capital","100","04-Aug-2025","04-Aug-2025","-","-"
"BRITANNIA","Britannia Industries Limited","EQ","Dividend - Rs 75 Per Share","1","04-Aug-2025","04-Aug-2025","-","-"
"DEEPAKNTR","Deepak Nitrite Limited","EQ","Dividend - Rs 7.50 Per Share","2","04-Aug-2025","04-Aug-2025","-","-"
"GREENPLY","Greenply Industries Limited","EQ","Dividend - Re 0.50 Per Share","1","04-Aug-2025","04-Aug-2025","-","-"
"WESTLIFE","WESTLIFE FOODWORLD LIMITED","EQ","Interim Dividend - Rs 0.75 Per Share","2","04-Aug-2025","04-Aug-2025","-","-"
"GANDHITUBE","Gandhi Special Tubes Limited","EQ","Dividend - Rs 15 Per Share","5","04-Aug-2025","04-Aug-2025","-","-"
"ALEMBICLTD","Alembic Limited","EQ","Dividend - Rs 2.40 Per Share","2","05-Aug-2025","05-Aug-2025","-","-"
"TIPSMUSIC","Tips Music Limited","EQ","Interim Dividend - Rs 4 Per Share","1","05-Aug-2025","05-Aug-2025","-","-"
"BAJAJINDEF","Indef Manufacturing Limited","EQ","Dividend - Rs 2 Per Share","1","05-Aug-2025","05-Aug-2025","-","-"
"BERGEPAINT","Berger Paints (I) Limited","EQ","Dividend - Rs 3.80 Per Share","1","05-Aug-2025","05-Aug-2025","-","-"
"IPCALAB","IPCA Laboratories Limited","EQ","Dividend - Rs 2 Per Share","1","05-Aug-2025","05-Aug-2025","-","-"
"JAYSREETEA","Jayshree Tea & Industries Limited","EQ","Dividend - Re 0.50 Per Share","5","05-Aug-2025","05-Aug-2025","-","-"
"JGCHEM","J.G.Chemicals Limited","EQ","Dividend - Re 1 Per Share","10","05-Aug-2025","05-Aug-2025","-","-"
"GROBTEA","The Grob Tea Company Limited","EQ","Dividend - Rs 3 Per Share","10","05-Aug-2025","05-Aug-2025","-","-"
"EMBASSY","Embassy Office Parks REIT","RR","Distribution - Rs 5.80 Per Unit Comprises Of Re 0.18 Per Unit As Interest/ Rs 2.01 Per Unit As Dividend & Rs 3.61 Per Unit As Repayment Of Spv Level Debt","300","05-Aug-2025","05-Aug-2025","-","-"
"HYUNDAI","Hyundai Motor India Limited","EQ","Dividend - Rs 21 Per Share","10","05-Aug-2025","05-Aug-2025","-","-"
"DCMSHRIRAM","DCM Shriram Limited","EQ","Dividend - Rs 3.40 Per Share","2","05-Aug-2025","05-Aug-2025","-","-"
"CENTENKA","Century Enka Limited","EQ","Dividend - Rs 10 Per Share","10","05-Aug-2025","05-Aug-2025","-","-"
"CHAMBLFERT","Chambal Fertilizers & Chemicals Limited","EQ","Dividend - Rs 5 Per Share","10","05-Aug-2025","05-Aug-2025","-","-"
"SHAREINDIA","Share India Securities Limited","EQ","Interim Dividend - Re 0.30 Per Share","2","05-Aug-2025","05-Aug-2025","-","-"
"WABAG","VA Tech Wabag Limited","EQ","Dividend - Rs 4 Per Share","2","05-Aug-2025","05-Aug-2025","-","-"
"SHREYANIND","Shreyans Industries Limited","EQ","Dividend - Rs 3 Per Share/Special Dividend - Rs 2 Per Share","10","05-Aug-2025","05-Aug-2025","-","-"
"AUTOAXLES","Automotive Axles Limited","EQ","Dividend - Rs 30.50 Per Sh","10","05-Aug-2025","05-Aug-2025","-","-"
"ADFFOODS","ADF Foods Limited","EQ","Dividend - Re 0.60 Per Share","2","06-Aug-2025","06-Aug-2025","-","-"
"DAVANGERE","Davangere Sugar Company Limited","EQ","Rights 13:25 @ Premium Rs 2.05/-","1","06-Aug-2025","06-Aug-2025","-","-"
"AVTNPL","AVT Natural Products Limited","EQ","Dividend - Re 0.40 Per Share","1","06-Aug-2025","06-Aug-2025","-","-"
"KIRLOSIND","Kirloskar Industries Limited","EQ","Dividend - Rs 13 Per Share","10","06-Aug-2025","06-Aug-2025","-","-"
"KRITINUT","Kriti Nutrients Limited","EQ","Dividend - Re 0.30 Per Share","1","06-Aug-2025","06-Aug-2025","-","-"
"LALPATHLAB","Dr. Lal Path Labs Ltd.","EQ","Interim Dividend - Rs 6 Per Share","10","06-Aug-2025","06-Aug-2025","-","-"
"RAJRATAN","Rajratan Global Wire Limited","EQ","Dividend - Rs 2 Per Share","2","06-Aug-2025","06-Aug-2025","-","-"
"COALINDIA","Coal India Limited","EQ","Interim Dividend - Rs 5.50 Per Share","10","06-Aug-2025","06-Aug-2025","-","-"
"HESTERBIO","Hester Biosciences Limited","EQ","Dividend - Rs 7 Per Share","10","06-Aug-2025","06-Aug-2025","-","-"
"RAMCOCEM","The Ramco Cements Limited","EQ","Dividend - Rs 2 Per Share","1","06-Aug-2025","06-Aug-2025","-","-"
"RAMCOIND","Ramco Industries Limited","EQ","Dividend - Re 1 Per Sh","1","06-Aug-2025","06-Aug-2025","-","-"
"BIRET","Brookfield India Real Estate Trust","RR","Distribution - Rs 5.25 Per Unit Consisting Of Interest - Rs 1.89 Per Unit/ Repayment Of Spv Debt And Ncds - Rs 2.71 Per Unit/ Dividend - Re 0.63 Per Unit/ Interest On Fixed Deposit - Re 0.02 Per Unit","275","06-Aug-2025","06-Aug-2025","-","-"
"BLUEDART","Blue Dart Express Limited","EQ","Dividend - Rs 25 Per Sh","10","06-Aug-2025","06-Aug-2025","-","-"
"BOMDYEING","Bombay Dyeing & Mfg Company Limited","EQ","Dividend - Rs 1.20 Per Share","2","06-Aug-2025","06-Aug-2025","-","-"
"GESHIP","The Great Eastern Shipping Company Limited","EQ","Interim Dividend - Rs 7.20 Per Share","10","06-Aug-2025","06-Aug-2025","-","-"
"ANUP","The Anup Engineering Limited","EQ","Dividend - Rs 17 Per Share","10","06-Aug-2025","06-Aug-2025","-","-"
"AVANTIFEED","Avanti Feeds Limited","EQ","Dividend - Rs 9 Per Share","1","07-Aug-2025","07-Aug-2025","-","-"
"SYMPHONY","Symphony Limited","EQ","Interim Dividend - Re 1 Per Share","2","07-Aug-2025","07-Aug-2025","-","-"
"PIIND","PI Industries Limited","EQ","Dividend - Rs 10 Per Share","1","07-Aug-2025","07-Aug-2025","-","-"
"NAVA","NAVA LIMITED","EQ","Dividend - Rs 6 Per Share","1","07-Aug-2025","07-Aug-2025","-","-"
"LAOPALA","La Opala RG Limited","EQ","Dividend - Rs 7.50 Per Share","2","07-Aug-2025","07-Aug-2025","-","-"
"NDGL","Naga Dhunseri Group Limited","EQ","Dividend - Rs 2.50 Per Share","10","07-Aug-2025","07-Aug-2025","-","-"
"BAYERCROP","Bayer Cropscience Limited","EQ","Dividend - Rs 35 Per Share","10","07-Aug-2025","07-Aug-2025","-","-"
"LUMAXIND","Lumax Industries Limited","EQ","Dividend - Rs 35 Per Share","10","07-Aug-2025","07-Aug-2025","-","-"
"LUMAXTECH","Lumax Auto Technologies Limited","EQ","Dividend - Rs 5.50 Per Share","2","07-Aug-2025","07-Aug-2025","-","-"
"MINDSPACE","Mindspace Business Parks REIT","RR","Distribution - Rs 5.79 Per Unit Consisting Of Dividend - Rs 3.19 Per Unit/ Interest - Re 0.10 Per Unit/ Repayment Of Spv Debt - Rs 2.47 Per Unit /Other Income - Re 0.03 Per Unit","275","07-Aug-2025","07-Aug-2025","-","-"
"ESABINDIA","Esab India Limited","EQ","Dividend - Rs 42 Per Share","10","07-Aug-2025","07-Aug-2025","-","-"
"LINDEINDIA","Linde India Limited","EQ","Dividend - Rs 4.50 Per Share & Special Dividend - Rs 7.50 Per Share","10","07-Aug-2025","07-Aug-2025","-","-"
"CCL","CCL Products (India) Limited","EQ","Dividend - Rs 5 Per Share","2","07-Aug-2025","07-Aug-2025","-","-"
"DHUNINV","Dhunseri Investments Limited","EQ","Dividend - Rs 3 Per Share","10","07-Aug-2025","07-Aug-2025","-","-"
"CDSL","Central Depository Services (India) Limited","EQ","Dividend - Rs 12.50 Per Share","10","07-Aug-2025","07-Aug-2025","-","-"
"CHEMBONDCH","Chembond Chemicals Limited","EQ","Dividend - Rs 1.25 Per Share","5","07-Aug-2025","07-Aug-2025","-","-"
"SHARDACROP","Sharda Cropchem Limited","EQ","Dividend - Rs 6 Per Share","10","07-Aug-2025","07-Aug-2025","-","-"
"KARURVYSYA","Karur Vysya Bank Limited","EQ","Dividend - Rs 2.60 Per Share","2","07-Aug-2025","07-Aug-2025","-","-"
"AARON","Aaron Industries Limited","EQ","Dividend - Rs 1.20 Per Share","10","08-Aug-2025","08-Aug-2025","-","-"
"ABB","ABB India Limited","EQ","Interim Dividend - Rs 9.77 Per Share","2","08-Aug-2025","08-Aug-2025","-","-"
"ALKEM","Alkem Laboratories Limited","EQ","Dividend - Rs 8 Per Share","2","08-Aug-2025","08-Aug-2025","-","-"
"ALLDIGI","Alldigi Tech Limited","EQ","Interim Dividend - Rs 30 Per Share","10","08-Aug-2025","08-Aug-2025","-","-"
"ANZEN","Anzen India Energy Yield Plus Trust","IV","Distribution - Rs 2.75 Per Unit Consist Of Rs 2.6654 Per Unit As Interest Payment/ Re 0.0800 Per Unit As Principal Repayment/ Re 0.0046 Per Unit As Other Income","100","08-Aug-2025","08-Aug-2025","-","-"
"AUROPHARMA","Aurobindo Pharma Limited","EQ","Interim Dividend - Rs 4 Per Share","1","08-Aug-2025","08-Aug-2025","-","-"
"PGINVIT","POWERGRID Infrastructure Investment Trust","IV","Distribution - Rs 3 Per Unit Consists Of Interest- Rs 1.76 Per Unit/Total Dividend - Re 0.44 Per Unit/Repayment Of Spv Debt- Re 0.78 Per Unit/Treasury Income Re 0.02 Per Unit","100","08-Aug-2025","08-Aug-2025","-","-"
"KRONOX","Kronox Lab Sciences Limited","EQ","Dividend - Rs 0.50 Per Share","10","08-Aug-2025","08-Aug-2025","-","-"
"QUESS","Quess Corp Limited","EQ","Dividend - Rs 6 Per Share","10","08-Aug-2025","08-Aug-2025","-","-"
"75GS2034","GOVERNMENT OF INDIA","GS","Interest Payment","100","08-Aug-2025","08-Aug-2025","-","-"
"IOC","Indian Oil Corporation Limited","EQ","Dividend - Rs 3 Per Share","10","08-Aug-2025","08-Aug-2025","-","-"
"OAL","Oriental Aromatics Limited","EQ","Dividend - Re 0.50 Per Share","5","08-Aug-2025","08-Aug-2025","-","-"
"MANKIND","Mankind Pharma Limited","EQ","Interim Dividend - Re 1  Per Share","1","08-Aug-2025","08-Aug-2025","-","-"
"MATRIMONY","Matrimony.Com Limited","EQ","Dividend - Rs 5 Per Share","5","08-Aug-2025","08-Aug-2025","-","-"
"PARAS","Paras Defence and Space Technologies Limited","EQ","Dividend - Re 0.50 Per Share","5","08-Aug-2025","08-Aug-2025","-","-"
"MCX","Multi Commodity Exchange of India Limited","EQ","Dividend - Rs 30 Per Share","2","08-Aug-2025","08-Aug-2025","-","-"
"JTEKTINDIA","Jtekt India Limited","EQ","Dividend - Re 0.70 Per Share","1","08-Aug-2025","09-Aug-2025","-","-"
"FLAIR","Flair Writing Industries Limited","EQ","Dividend - Re 1 Per Share","5","08-Aug-2025","08-Aug-2025","-","-"
"NDRINVIT","NDR INVIT Trust","IV","Distribution - Rs 1.85 Per Unit Consist Of Re 0.13 Per Unit As Interest On Fd And Mf And Re 0.8475 Per Unit As Return On Capital And Re 0.8475 Per Unit As Interest Income","100","08-Aug-2025","08-Aug-2025","-","-"
"NESTLEIND","Nestle India Limited","EQ","Bonus 1:1","1","08-Aug-2025","08-Aug-2025","-","-"
"INDOTHAI","Indo Thai Securities Limited","EQ","Interim Dividend - Re 0.10 Per Share","1","08-Aug-2025","08-Aug-2025","-","-"
"HINDALCO","Hindalco Industries Limited","EQ","Dividend - Rs 5 Per Share","1","08-Aug-2025","08-Aug-2025","-","-"
"CAMS","Computer Age Management Services Limited","EQ","Interim Dividend - Rs 11 Per Share","2","08-Aug-2025","08-Aug-2025","-","-"
"DELTACORP","Delta Corp Limited","EQ","Dividend - Rs 1.25 Per Share","1","08-Aug-2025","08-Aug-2025","-","-"
"CEATLTD","CEAT Limited","EQ","Dividend - Rs 30 Per Share","10","08-Aug-2025","08-Aug-2025","-","-"
"STEELCAS","Steelcast Limited","EQ","Interim Dividend - Rs 1.80 Per Sh","1","08-Aug-2025","08-Aug-2025","-","-"
"VARROC","Varroc Engineering Limited","EQ","Dividend - Re 1 Per Share","1","08-Aug-2025","08-Aug-2025","-","-"
"WEALTH","Wealth First Portfolio Managers Limited","EQ","Interim Dividend - Rs 4 Per Share","10","08-Aug-2025","08-Aug-2025","-","-"
"WONDERLA","Wonderla Holidays Limited","EQ","Dividend - Rs 2 Per Share","10","08-Aug-2025","08-Aug-2025","-","-"
"ZFCVINDIA","ZF Commercial Vehicle Control Systems India Limited","EQ","Dividend - Rs 19 Per Share","5","08-Aug-2025","08-Aug-2025","-","-"
"VISHNU","Vishnu Chemicals Limited","EQ","Dividend - Re 0.30 Per Share","2","08-Aug-2025","08-Aug-2025","-","-"
"SONATSOFTW","Sonata Software Limited","EQ","Interim Dividend - Rs 1.25 Per Share","1","08-Aug-2025","08-Aug-2025","-","-"
"AKZOINDIA","Akzo Nobel India Limited","EQ","Special Dividend - Rs 156 Per Share","10","11-Aug-2025","11-Aug-2025","-","-"
"KPEL","K.P. Energy Limited","EQ","Interim Dividend - Re 0.20 Per Share","5","11-Aug-2025","11-Aug-2025","-","-"
"KPIGREEN","KPI Green Energy Limited","EQ","Interim Dividend - Re 0.20 Per Share","5","11-Aug-2025","11-Aug-2025","-","-"
"KSL","Kalyani Steels Limited","EQ","Dividend - Rs 10 Per Sh","5","11-Aug-2025","11-Aug-2025","-","-"
"RPTECH","Rashi Peripherals Limited","EQ","Dividend - Rs 2 Per Share","5","11-Aug-2025","11-Aug-2025","-","-"
"JIOFIN","Jio Financial Services Limited","EQ","Dividend - Re 0.50 Per Share","10","11-Aug-2025","11-Aug-2025","-","-"
"TAINWALCHM","Tainwala Chemical and Plastic (I) Limited","EQ","Interim Dividend - Rs 3 Per Share","10","11-Aug-2025","11-Aug-2025","-","-"
"GLOBUSSPR","Globus Spirits Limited","EQ","Dividend - Rs 2.76 Per Share","10","11-Aug-2025","11-Aug-2025","-","-"
"CAPINVIT","Capital Infra Trust","IV","Distribution - Re 1 Per Unit Consisting Of Return Of Capital Re 1 Per Unit","99","11-Aug-2025","11-Aug-2025","-","-"
"CASTROLIND","Castrol India Limited","EQ","Interim Dividend - Rs 3.50 Per Share","5","11-Aug-2025","11-Aug-2025","-","-"
"GPTINFRA","GPT Infraprojects Limited","EQ","Interim Dividend - Re 1 Per Share","10","11-Aug-2025","11-Aug-2025","-","-"
"STARTECK","Starteck Finance Limited","EQ","Dividend - Re 0.25 Per Share","10","11-Aug-2025","11-Aug-2025","-","-"
"ICIL","Indo Count Industries Limited","EQ","Dividend - Rs 2 Per Share","2","11-Aug-2025","11-Aug-2025","-","-"
"ARVINDFASN","Arvind Fashions Limited","EQ","Dividend - Rs 1.60 Per Share","4","12-Aug-2025","12-Aug-2025","-","-"
"IPL","India Pesticides Limited","EQ","Dividend - Re 0.75 Per Share","1","12-Aug-2025","12-Aug-2025","-","-"
"HGINFRA","H.G. Infra Engineering Limited","EQ","Dividend - Rs 2 Per Share","10","12-Aug-2025","12-Aug-2025","-","-"
"NGLFINE","NGL Fine-Chem Limited","EQ","Dividend - Rs 1.75 Per Share","5","12-Aug-2025","12-Aug-2025","-","-"
"GRASIM","Grasim Industries Limited","EQ","Dividend - Rs 10 Per Share","2","12-Aug-2025","12-Aug-2025","-","-"
"RITES","RITES Limited","EQ","Interim Dividend - Rs 1.30 Per Share","10","12-Aug-2025","12-Aug-2025","-","-"
"ICICIBANK","ICICI Bank Limited","EQ","Dividend - Rs 11 Per Share","2","12-Aug-2025","12-Aug-2025","-","-"
"DWARKESH","Dwarikesh Sugar Industries Limited","EQ","Dividend - Re 0.50 Per Share","1","12-Aug-2025","12-Aug-2025","-","-"
"INDIAGLYCO","India Glycols Limited","EQ","Face Value Split (Sub-Division) - From Rs 10/- Per Share To Rs 5/- Per Share","5","12-Aug-2025","12-Aug-2025","-","-"
"MPSLTD","MPS Limited","EQ","Dividend - Rs 50 Per Share","10","13-Aug-2025","13-Aug-2025","-","-"
"SOUTHBANK","The South Indian Bank Limited","EQ","Dividend - Rs 0.40 Per Share","1","13-Aug-2025","13-Aug-2025","-","-"
"POWERINDIA","Hitachi Energy India Limited","EQ","Dividend - Rs 6 Per Share","2","13-Aug-2025","13-Aug-2025","-","-"
"PRECOT","Precot Limited","EQ","Dividend - Rs 3 Per Share","10","13-Aug-2025","13-Aug-2025","-","-"
"NBCC","NBCC (India) Limited","EQ","Interim Dividend - Re 0.21 Per Share","1","13-Aug-2025","13-Aug-2025","-","-"
"RAILTEL","Railtel Corporation Of India Limited","EQ","Dividend - Re 0.85 Per Share","10","13-Aug-2025","13-Aug-2025","-","-"
"RAIN","Rain Industries Limited","EQ","Interim Dividend - Re 1 Per Share","2","13-Aug-2025","13-Aug-2025","-","-"
"PAGEIND","Page Industries Limited","EQ","Interim Dividend - Rs 150 Per Share","10","13-Aug-2025","13-Aug-2025","-","-"
"CONCOR","Container Corporation of India Limited","EQ","Interim Dividend - Rs 1.60 Per Share","5","13-Aug-2025","13-Aug-2025","-","-"
"HEG","HEG Limited","EQ","Dividend - Rs 1.80 Per Share","2","13-Aug-2025","13-Aug-2025","-","-"
"INDIGO","InterGlobe Aviation Limited","EQ","Dividend - Rs 10 Per Share","10","13-Aug-2025","13-Aug-2025","-","-"
"BRIGADE","Brigade Enterprises Limited","EQ","Dividend - Rs 2.50 Per Share","10","13-Aug-2025","13-Aug-2025","-","-"
"GODREJCP","Godrej Consumer Products Limited","EQ","Interim Dividend - Rs 5 Per Share","1","13-Aug-2025","13-Aug-2025","-","-"
"SUNTV","Sun TV Network Limited","EQ","Interim Dividend - Rs 5 Per Sh","5","13-Aug-2025","13-Aug-2025","-","-"
"PIDILITIND","Pidilite Industries Limited","EQ","Special Dividend - Rs 10 Per Share","1","13-Aug-2025","13-Aug-2025","-","-"
"824GS2027","GOVERNMENT OF INDIA","GS","Interest Payment","100","14-Aug-2025","14-Aug-2025","-","-"
"VRLLOG","VRL Logistics Limited","EQ","Bonus 1:1","10","14-Aug-2025","14-Aug-2025","-","-"
"ACE","Action Construction Equipment Limited","EQ","Dividend - Rs 2 Per Share","2","14-Aug-2025","14-Aug-2025","-","-"
"ALKALI","Alkali Metals Limited","EQ","Dividend - Re 0.50 Per Share","10","14-Aug-2025","14-Aug-2025","-","-"
"ANUHPHR","Anuh Pharma Limited","EQ","Dividend - Rs 1.50 Per Share","5","14-Aug-2025","15-Aug-2025","-","-"
"ASTRAL","Astral Limited","EQ","Dividend - Rs 2.25 Per Share","1","14-Aug-2025","14-Aug-2025","-","-"
"MUNJALAU","Munjal Auto Industries Limited","EQ","Dividend - Re 1 Per Sh","2","14-Aug-2025","14-Aug-2025","-","-"
"MURUDCERA","Murudeshwar Ceramics Limited","EQ","Dividend - Rs 0.50 Per Share","10","14-Aug-2025","14-Aug-2025","-","-"
"NATHBIOGEN","Nath Bio-Genes (India) Limited","EQ","Dividend - Rs 2 Per Share","10","14-Aug-2025","14-Aug-2025","-","-"
"NBIFIN","N. B. I. Industrial Finance Company Limited","EQ","Dividend - Re 0.50 Per Share","5","14-Aug-2025","15-Aug-2025","-","-"
"NCC","NCC Limited","EQ","Dividend - Rs 2.20 Per Share","2","14-Aug-2025","14-Aug-2025","-","-"
"BANDHANBNK","Bandhan Bank Limited","EQ","Dividend - Rs 1.50 Per Share","10","14-Aug-2025","14-Aug-2025","-","-"
"BEL","Bharat Electronics Limited","EQ","Dividend - Rs 0.90 Per Share","1","14-Aug-2025","14-Aug-2025","-","-"
"BHAGCHEM","Bhagiradha Chemicals & Industries Limited","EQ","Dividend - Rs 0.15 Per Share","1","14-Aug-2025","14-Aug-2025","-","-"
"ROSSELLIND","Rossell India Limited","EQ","Dividend - Re 0.40  Per Share","2","14-Aug-2025","15-Aug-2025","-","-"
"RPEL","Raghav Productivity Enhancers Limited","EQ","Dividend - Re 1 Per Share","10","14-Aug-2025","14-Aug-2025","-","-"
"INTERISE","Interise Trust","IV","Distribution - Rs 1.19 Per Unit Consists Of Interest Amount - Re 0.42 Per Unit/ Dividend - Re 0.76 Per Unit/Other Income - Re 0.01 Per Unit","100","14-Aug-2025","15-Aug-2025","-","-"
"SAHYADRI","Sahyadri Industries Limited","EQ","Dividend - Re 1 Per Share","10","14-Aug-2025","15-Aug-2025","-","-"
"MAHSEAMLES","Maharashtra Seamless Limited","EQ","Dividend - Rs 10 Per Sh","5","14-Aug-2025","14-Aug-2025","-","-"
"MANAPPURAM","Manappuram Finance Limited","EQ","Interim Dividend - Rs 0.50 Per Share","2","14-Aug-2025","14-Aug-2025","-","-"
"MANGCHEFER","Mangalore Chemicals & Fertilizers Limited","EQ","Dividend - Rs 1.50 Per Share","10","14-Aug-2025","14-Aug-2025","-","-"
"MANGLMCEM","Mangalam Cement Limited","EQ","Dividend - Rs 1.50 Per Share","10","14-Aug-2025","15-Aug-2025","-","-"
"JINDRILL","Jindal Drilling And Industries Limited","EQ","Dividend - Re 1 Per Share","5","14-Aug-2025","14-Aug-2025","-","-"
"MGL","Mahanagar Gas Limited","EQ","Dividend - Rs 18 Per Share","10","14-Aug-2025","14-Aug-2025","-","-"
"MINDACORP","Minda Corporation Limited","EQ","Dividend - Rs 0.90 Per Share","2","14-Aug-2025","14-Aug-2025","-","-"
"EKC","Everest Kanto Cylinder Limited","EQ","Dividend - Rs 0.70 Per Share","2","14-Aug-2025","14-Aug-2025","-","-"
"ELECTCAST","Electrosteel Castings Limited","EQ","Dividend - Rs 1.40 Per Share","1","14-Aug-2025","15-Aug-2025","-","-"
"EMCURE","Emcure Pharmaceuticals Limited","EQ","Dividend - Rs 3 Per Share","10","14-Aug-2025","14-Aug-2025","-","-"
"EXCELINDUS","Excel Industries Limited","EQ","Dividend - Rs 13.75 Per Share","5","14-Aug-2025","14-Aug-2025","-","-"
"FIVESTAR","Five-Star Business Finance Limited","EQ","Dividend - Rs 2 Per Share","1","14-Aug-2025","14-Aug-2025","-","-"
"RECLTD","REC Limited","EQ","Dividend - Rs 2.60 Per Share","10","14-Aug-2025","14-Aug-2025","-","-"
"LGBBROSLTD","LG Balakrishnan & Bros Limited","EQ","Dividend - Rs 20 Per Share","10","14-Aug-2025","14-Aug-2025","-","-"
"LLOYDSENGG","LLOYDS ENGINEERING WORKS LIMITED","EQ","Dividend - Rs 0.25  Per Share","1","14-Aug-2025","14-Aug-2025","-","-"
"LLOYDSENT","Lloyds Enterprises Limited","EQ","Rights 1:5 @ Premium Rs 38/-","1","14-Aug-2025","14-Aug-2025","-","-"
"NHPC","NHPC Limited","EQ","Dividend - Rs 0.51 Per Share","10","14-Aug-2025","14-Aug-2025","-","-"
"RELIANCE","Reliance Industries Limited","EQ","Dividend - Rs 5.5 Per Share","10","14-Aug-2025","14-Aug-2025","-","-"
"REPCOHOME","Repco Home Finance Limited","EQ","Dividend - Rs 4 Per Share","10","14-Aug-2025","15-Aug-2025","-","-"
"NMDC","NMDC Limited","EQ","Dividend - Re 1 Per Share","1","14-Aug-2025","14-Aug-2025","-","-"
"HINDPETRO","Hindustan Petroleum Corporation Limited","EQ","Dividend - Rs 10.50 Per Share","10","14-Aug-2025","14-Aug-2025","-","-"
"HUDCO","Housing & Urban Development Corporation Limited","EQ","Interim Dividend - Rs 1.15 Per Share","10","14-Aug-2025","14-Aug-2025","-","-"
"GLAND","Gland Pharma Limited","EQ","Dividend - Rs 18 Per Share","1","14-Aug-2025","14-Aug-2025","-","-"
"IGIL","International Gemmological Institute (India) Limited","EQ","Interim Dividend - Rs 2.50 Per Share","2","14-Aug-2025","15-Aug-2025","-","-"
"DENTA","Denta Water and Infra Solutions Limited","EQ","Dividend - Rs 2.50 Per Share","10","14-Aug-2025","14-Aug-2025","-","-"
"GPIL","Godawari Power And Ispat limited","EQ","Dividend - Re 1 Per Share","1","14-Aug-2025","16-Aug-2025","-","-"
"UNIPARTS","Uniparts India Limited","EQ","Interim Dividend - Rs  8.25 Per Share","10","14-Aug-2025","14-Aug-2025","-","-"
"STARCEMENT","Star Cement Limited","EQ","Interim Dividend - Re 1 Per Share","1","14-Aug-2025","14-Aug-2025","-","-"
"VAIBHAVGBL","Vaibhav Global Limited","EQ","Interim Dividend - Rs 1.50 Per Share","2","14-Aug-2025","14-Aug-2025","-","-"
"VENKEYS","Venky's (India) Limited","EQ","Dividend - Rs 10 Per Share","10","14-Aug-2025","14-Aug-2025","-","-"
"SHIVATEX","Shiva Texyarn Limited","EQ","Dividend - Rs 0.60 Per Share","10","14-Aug-2025","14-Aug-2025","-","-"
"WSTCSTPAPR","West Coast Paper Mills Limited","EQ","Dividend - Rs 5 Per Share","2","14-Aug-2025","14-Aug-2025","-","-"
"ZENTEC","Zen Technologies Limited","EQ","Dividend - Rs 2 Per Share","1","14-Aug-2025","15-Aug-2025","-","-"
"TFCILTD","Tourism Finance Corporation of India Limited","EQ","Dividend - Rs 3 Per Share","2","14-Aug-2025","14-Aug-2025","-","-"
"828GS2032","GOVERNMENT OF INDIA","GS","Interest Payment","100","14-Aug-2025","14-Aug-2025","-","-"
"AARTIIND","Aarti Industries Limited","EQ","Dividend - Re 1 Per Share","5","18-Aug-2025","18-Aug-2025","-","-"
"RAMRAT","Ram Ratna Wires Limited","EQ","Dividend - Rs 2.50 Per Share","5","18-Aug-2025","18-Aug-2025","-","-"
"PFC","Power Finance Corporation Limited","EQ","Interim Dividend - Rs 3.70 Per Share","10","18-Aug-2025","18-Aug-2025","-","-"
"JKPAPER","JK Paper Limited","EQ","Dividend - Rs 5 Per Share","10","18-Aug-2025","18-Aug-2025","-","-"
"APOLLOHOSP","Apollo Hospitals Enterprise Limited","EQ","Dividend - Rs 10 Per Share","5","19-Aug-2025","19-Aug-2025","-","-"
"NATCOPHARM","Natco Pharma Limited","EQ","Interim Dividend - Rs 2 Per Share","2","19-Aug-2025","19-Aug-2025","-","-"
"POWERGRID","Power Grid Corporation of India Limited","EQ","Dividend - Rs 1.25 Per Share","10","19-Aug-2025","19-Aug-2025","-","-"
"KOTHARIPET","Kothari Petrochemicals Limited","EQ","Interim Dividend - Re 1 Per Share","10","19-Aug-2025","19-Aug-2025","-","-"
"NXT-INFRA","Nxt-Infra Trust","IV","Distribution - Rs 2.0842 Per Unit Consisting Of Interest Re 0.4915 And Return Of Capital Rs 1.5927 Per Unit","100","19-Aug-2025","19-Aug-2025","-","-"
"J&KBANK","The Jammu & Kashmir Bank Limited","EQ","Dividend - Rs 2.15 Per Share","1","19-Aug-2025","19-Aug-2025","-","-"
"SILVERTUC","Silver Touch Technologies Limited","EQ","Dividend - Rs 0.50 Per Share","2","19-Aug-2025","19-Aug-2025","-","-"
"NHIT","National Highways Infra Trust","IV","Distribution - Rs 2.984 Per Unit Consists Of Rs 2.915 Per Unit As Interest/ Re 0.069 Per Unit As Other Income","101","19-Aug-2025","19-Aug-2025","-","-"
"REFEX","Refex Industries Limited","EQ","Interim Dividend - Re 0.50 Per Share","2","19-Aug-2025","19-Aug-2025","-","-"
"RKSWAMY","R K Swamy Limited","EQ","Dividend - Rs 1.50 Per Share","5","19-Aug-2025","19-Aug-2025","-","-"
"SHYAMMETL","Shyam Metalics and Energy Limited","EQ","Dividend - Rs 2.25 Per Share","10","19-Aug-2025","19-Aug-2025","-","-"
"VERTIS","Vertis Infrastructure Trust","IV","Distribution - Rs 2.3711 Per Unit Consistingrs 1.1113 Per Unit - Interest/ Rs 1.1182 Per Unit - Return Of Capital/Dividend - Re 0.1374 Per Unit/ Re 0.0042 Per Unit - Other Income","100","19-Aug-2025","19-Aug-2025","-","-"
"OSEINTRUST","Oriental InfraTrust","IV","Distribution - Rs 2.516 Per Unit Consists Of Interest- Rs 1.29510 Per Unit/Dividend - Re 0.71170 Per Unit/Return Of Capital Re 0.50920 Per Unit","100","19-Aug-2025","19-Aug-2025","-","-"
"BEPL","Bhansali Engineering Polymers Limited","EQ","Interim Dividend - Re 1 Per Share","1","20-Aug-2025","20-Aug-2025","-","-"
"SUKHJITS","Sukhjit Starch & Chemicals Limited","EQ","Dividend - Re 1 Per Share","5","20-Aug-2025","20-Aug-2025","-","-"
"SENCO","Senco Gold Limited","EQ","Dividend - Re 1 Per Sh","5","20-Aug-2025","20-Aug-2025","-","-"
"ECOSMOBLTY","Ecos (India) Mobility & Hospitality Limited","EQ","Dividend - Rs 2.40 Per Share","2","20-Aug-2025","20-Aug-2025","-","-"
"AMJLAND","Amj Land Holdings Limited","EQ","Dividend - Re 0.20 Per Share","2","21-Aug-2025","21-Aug-2025","-","-"
"THOMASCOOK","Thomas Cook  (India)  Limited","EQ","Dividend - Re 0.45 Per Share","1","21-Aug-2025","21-Aug-2025","-","-"
"BHANDARI","Bhandari Hosiery Exports Limited","EQ","Dividend - Re 0.02 Per Share","1","21-Aug-2025","21-Aug-2025","-","-"
"RVNL","Rail Vikas Nigam Limited","EQ","Dividend - Rs 1.72 Per Share","10","21-Aug-2025","21-Aug-2025","-","-"
"MANORAMA","Manorama Industries Limited","EQ","Dividend - Rs 0.60 Per Share","2","21-Aug-2025","21-Aug-2025","-","-"
"PDMJEPAPER","Pudumjee Paper Products Limited","EQ","Dividend - Re 0.60 Per Share","1","21-Aug-2025","21-Aug-2025","-","-"
"JMA","Jullundur Motor Agency (Delhi) Limited","EQ","Dividend - Rs 2 Per Share","2","21-Aug-2025","21-Aug-2025","-","-"
"COALINDIA","Coal India Limited","EQ","Dividend - Rs 5.15 Per Share","10","21-Aug-2025","21-Aug-2025","-","-"
"HAL","Hindustan Aeronautics Limited","EQ","Dividend - Rs 15 Per Share","5","21-Aug-2025","21-Aug-2025","-","-"
"RELAXO","Relaxo Footwears Limited","EQ","Dividend - Rs 3 Per Share","1","21-Aug-2025","21-Aug-2025","-","-"
"HONDAPOWER","Honda India Power Products Limited","EQ","Interim Dividend - Rs 100 Per Share","10","21-Aug-2025","21-Aug-2025","-","-"
"BSL","BSL Limited","EQ","Dividend - Re 0.80  Per Share","10","21-Aug-2025","21-Aug-2025","-","-"
"DEVIT","Dev Information Technology Limited","EQ","Face Value Split (Sub-Division) - From Rs 5/- Per Share To Rs 2/- Per Share","2","21-Aug-2025","21-Aug-2025","-","-"
"STYRENIX","Styrenix Performance Materials Limited","EQ","Interim Dividend - Rs 31 Per Share","10","21-Aug-2025","21-Aug-2025","-","-"
"KAKATCEM","Kakatiya Cement Sugar & Industries Limited","EQ","Dividend - Rs 3 Per Share","10","21-Aug-2025","21-Aug-2025","-","-"
"AGI","AGI Greenpac Limited","EQ","Dividend - Rs 7 Per Share","2","22-Aug-2025","22-Aug-2025","-","-"
"SARVESHWAR","Sarveshwar Foods Limited","EQ","Rights 12:47 @ Premium Rs 5/-","1","22-Aug-2025","22-Aug-2025","-","-"
"PGHL","Procter & Gamble Health Limited","EQ","Dividend - Rs 45 Per Share","10","22-Aug-2025","22-Aug-2025","-","-"
"KALAMANDIR","Sai Silks (Kalamandir) Limited","EQ","Dividend - Re 1 Per Share","2","22-Aug-2025","22-Aug-2025","-","-"
"KALYANIFRG","Kalyani Forge Limited","EQ","Dividend - Rs 4 Per Share","10","22-Aug-2025","22-Aug-2025","-","-"
"KFINTECH","Kfin Technologies Limited","EQ","Dividend - Rs 7.50 Per Share","10","22-Aug-2025","22-Aug-2025","-","-"
"KUANTUM","Kuantum Papers Limited","EQ","Dividend - Rs 3 Per Share","1","22-Aug-2025","22-Aug-2025","-","-"
"NDLVENTURE","NDL Ventures Limited","EQ","Dividend - Re 0.50 Per Share","10","22-Aug-2025","22-Aug-2025","-","-"
"BANARISUG","Bannari Amman Sugars Limited","EQ","Dividend - Rs 12.50 Per Share","10","22-Aug-2025","22-Aug-2025","-","-"
"BELRISE","Belrise Industries Limited","EQ","Dividend - Rs 0.55 Per Share","5","22-Aug-2025","22-Aug-2025","-","-"
"IRCTC","Indian Railway Catering And Tourism Corporation Limited","EQ","Dividend - Re 1 Per Share","2","22-Aug-2025","22-Aug-2025","-","-"
"MALLCOM","Mallcom (India) Limited","EQ","Dividend - Rs 3 Per Share","10","22-Aug-2025","23-Aug-2025","-","-"
"OMAXAUTO","Omax Autos Limited","EQ","Dividend - Rs 2.50 Per Share","10","22-Aug-2025","22-Aug-2025","-","-"
"MAYURUNIQ","Mayur Uniquoters Ltd","EQ","Dividend - Rs 5 Per Share","5","22-Aug-2025","22-Aug-2025","-","-"
"PARADEEP","Paradeep Phosphates Limited","EQ","Dividend - Re 1 Per Share","10","22-Aug-2025","22-Aug-2025","-","-"
"JINDALSTEL","JINDAL STEEL LIMITED","EQ","Dividend - Rs 2 Per Share","1","22-Aug-2025","22-Aug-2025","-","-"
"MEDANTA","Global Health Limited","EQ","Dividend - Re 0.50 Per Share","2","22-Aug-2025","22-Aug-2025","-","-"
"JSL","Jindal Stainless Limited","EQ","Dividend - Rs 2 Per Share","2","22-Aug-2025","22-Aug-2025","-","-"
"GVT&D","GE Vernova T&D India Limited","EQ","Dividend - Rs 5 Per Share","2","22-Aug-2025","22-Aug-2025","-","-"
"FEDERALBNK","The Federal Bank  Limited","EQ","Dividend - Rs 1.20 Per Share","2","22-Aug-2025","22-Aug-2025","-","-"
"GAEL","Gujarat Ambuja Exports Limited","EQ","Dividend - Re 0.25 Per Share","1","22-Aug-2025","22-Aug-2025","-","-"
"NETWEB","Netweb Technologies India Limited","EQ","Dividend - Rs 2.50 Per Share","2","22-Aug-2025","22-Aug-2025","-","-"
"LICHSGFIN","LIC Housing Finance Limited","EQ","Dividend - Rs 10 Per Share","2","22-Aug-2025","22-Aug-2025","-","-"
"INDIGOPNTS","Indigo Paints Limited","EQ","Dividend - Rs 3.50 Per Share","10","22-Aug-2025","22-Aug-2025","-","-"
"LODHA","Lodha Developers Limited","EQ","Dividend - Rs 4.25 Per Share","10","22-Aug-2025","22-Aug-2025","-","-"
"HMAAGRO","HMA Agro Industries Limited","EQ","Dividend - Re 0.30 Per Share","1","22-Aug-2025","22-Aug-2025","-","-"
"DEEPINDS","Deep Industries Limited","EQ","Dividend - Rs 3.05 Per Share","5","22-Aug-2025","22-Aug-2025","-","-"
"GODFRYPHLP","Godfrey Phillips India Limited","EQ","Dividend - Rs 60 Per Share","2","22-Aug-2025","22-Aug-2025","-","-"
"DMCC","DMCC SPECIALITY CHEMICALS LIMITED","EQ","Dividend - Rs 2.50 Per Share","10","22-Aug-2025","22-Aug-2025","-","-"
"DSSL","Dynacons Systems & Solutions Limited","EQ","Interim Dividend - Re 0.50 Per Share","10","22-Aug-2025","22-Aug-2025","-","-"
"ECLERX","eClerx Services Limited","EQ","Dividend - Re 1 Per Share","10","22-Aug-2025","22-Aug-2025","-","-"
"UNIDT","United Drilling Tools Limited","EQ","Interim Dividend - Re 0.60 Per Share","10","22-Aug-2025","22-Aug-2025","-","-"
"SPORTKING","Sportking India Limited","EQ","Dividend - Re 1 Per Share","1","22-Aug-2025","23-Aug-2025","-","-"
"SHREDIGCEM","Shree Digvijay Cement Co.Ltd","EQ","Dividend - Rs 1.50 Per Share","10","22-Aug-2025","22-Aug-2025","-","-"
"THEJO","Thejo Engineering Limited","EQ","Dividend - Rs 5 Per Share","10","22-Aug-2025","22-Aug-2025","-","-"
"SANDESH","The Sandesh Limited","EQ","Dividend - Rs 2.50 Per Share","10","22-Aug-2025","22-Aug-2025","-","-"
"SARDAEN","Sarda Energy & Minerals Limited","EQ","Dividend - Rs1.50  Per Share","1","22-Aug-2025","22-Aug-2025","-","-"
"APLAPOLLO","APL Apollo Tubes Limited","EQ","Dividend - Rs 5.75 Per Share","2","22-Aug-2025","22-Aug-2025","-","-"
"AARON","Aaron Industries Limited","EQ","Bonus 1:1","10","25-Aug-2025","25-Aug-2025","-","-"
"RUPA","Rupa & Company Limited","EQ","Dividend - Rs 3 Per Sh","1","25-Aug-2025","25-Aug-2025","-","-"
"SPAL","S. P. Apparels Limited","EQ","Dividend - Rs 2 Per Share","10","25-Aug-2025","25-Aug-2025","-","-"
"REPCOHOME","Repco Home Finance Limited","EQ","Interim Dividend - Rs 2.50 Per Share","10","25-Aug-2025","25-Aug-2025","-","-"
"TVSMOTOR","TVS Motor Company Limited","EQ","Scheme Of Arrangement - Bonus Ncrps 4:1","1","25-Aug-2025","25-Aug-2025","-","-"
"LLOYDSENT","Lloyds Enterprises Limited","EQ","Dividend - Re 0.10 Per Share","1","25-Aug-2025","25-Aug-2025","-","-"
"KARURVYSYA","Karur Vysya Bank Limited","EQ","Bonus 1:5","2","26-Aug-2025","26-Aug-2025","-","-"
"KRISHANA","Krishana Phoschem Limited","EQ","Dividend - Rs 0.50 Per Share","10","26-Aug-2025","26-Aug-2025","-","-"
"MASFIN","MAS Financial Services Limited","EQ","Dividend - Re 0.70 Per Share","10","26-Aug-2025","27-Aug-2025","-","-"
"JAYBARMARU","Jay Bharat Maruti Limited","EQ","Dividend - Rs 0.70 Per Share","2","26-Aug-2025","27-Aug-2025","-","-"
"JBMA","JBM Auto Limited","EQ","Dividend - Rs 0.85 Per Share","1","26-Aug-2025","27-Aug-2025","-","-"
"SKMEGGPROD","SKM Egg Products Export (India) Limited","EQ","Dividend - Rs 1.50 Per Share","5","26-Aug-2025","27-Aug-2025","-","-"
"EMAMIPAP","Emami Paper Mills Limited","EQ","Dividend - Rs 1.60 Per Share","2","26-Aug-2025","27-Aug-2025","-","-"
"HDFCBANK","HDFC Bank Limited","EQ","Bonus 1:1","1","26-Aug-2025","27-Aug-2025","-","-"
"GARFIBRES","Garware Technical Fibres Limited","EQ","Dividend - Rs 1.50 Per Share","10","26-Aug-2025","26-Aug-2025","-","-"
"GILLETTE","Gillette India Limited","EQ","Dividend - Rs 47 Per Share","10","26-Aug-2025","26-Aug-2025","-","-"
"VEDL","Vedanta Limited","EQ","Interim Dividend - Rs 16 Per Share","1","26-Aug-2025","27-Aug-2025","-","-"
"MBAPL","Madhya Bharat Agro Products Limited","EQ","Dividend - Rs 0.50 Per Share","10","26-Aug-2025","26-Aug-2025","-","-"
"ASTERDM","Aster DM Healthcare Limited","EQ","Dividend - Re 1 Per Share","10","28-Aug-2025","28-Aug-2025","-","-"
"PGHH","Procter & Gamble Hygiene and Health Care Limited","EQ","Dividend - Rs 65 Per Share","10","28-Aug-2025","28-Aug-2025","-","-"
"AAATECH","Aaa Technologies Limited","EQ","Dividend - Rs 1.50 Per Share","10","28-Aug-2025","28-Aug-2025","-","-"
"ROUTE","ROUTE MOBILE LIMITED","EQ","Dividend - Rs 2 Per Share","10","28-Aug-2025","28-Aug-2025","-","-"
"SPECIALITY","Speciality Restaurants Limited","EQ","Dividend - Re 1 Per Share","10","28-Aug-2025","28-Aug-2025","-","-"
"JYOTHYLAB","Jyothy Labs Limited","EQ","Dividend - Rs 3.50 Per Share","1","28-Aug-2025","28-Aug-2025","-","-"
"DIAMINESQ","Diamines & Chemicals Limited","EQ","Dividend - Re 1 Per Share","10","28-Aug-2025","28-Aug-2025","-","-"
"GPPL","Gujarat Pipavav Port Limited","EQ","Dividend - Rs 4.20 Per Share","10","28-Aug-2025","28-Aug-2025","-","-"
"MANYAVAR","Vedant Fashions Limited","EQ","Dividend - Rs 8 Per Share","1","28-Aug-2025","28-Aug-2025","-","-"
"795GS2032","GOVERNMENT OF INDIA","GS","Interest Payment","100","29-Aug-2025","29-Aug-2025","-","-"
"VIJAYA","Vijaya Diagnostic Centre Limited","EQ","Dividend - Rs 2 Per Share","1","29-Aug-2025","29-Aug-2025","-","-"
"PREMIERENE","Premier Energies Limited","EQ","Dividend - Re 0.50 Per Share","1","29-Aug-2025","29-Aug-2025","-","-"
"PROTEAN","Protean eGov Technologies Limited","EQ","Dividend - Rs 10 Per Share","10","29-Aug-2025","29-Aug-2025","-","-"
"NBCC","NBCC (India) Limited","EQ","Dividend - Re 0.14 Per Share","1","29-Aug-2025","29-Aug-2025","-","-"
"BBOX","Black Box Limited","EQ","Dividend - Re 1 Per Share","2","29-Aug-2025","29-Aug-2025","-","-"
"ROHLTD","Royal Orchid Hotels Limited","EQ","Dividend - Rs 2.5 Per Share","10","29-Aug-2025","29-Aug-2025","-","-"
"IRB","IRB Infrastructure Developers Limited","EQ","Interim Dividend - Re 0.07 Per Share","1","29-Aug-2025","29-Aug-2025","-","-"
"SALZERELEC","Salzer Electronics Limited","EQ","Dividend - Rs 2.50 Per Share","10","29-Aug-2025","29-Aug-2025","-","-"
"MOREPENLAB","Morepen Laboratories Limited","EQ","Dividend - Re 0.20 Per Share","2","29-Aug-2025","30-Aug-2025","-","-"
"HARSHA","Harsha Engineers International Limited","EQ","Dividend - Re 1 Per Share","10","29-Aug-2025","29-Aug-2025","-","-"
"ENGINERSIN","Engineers India Limited","EQ","Dividend - Rs 2 Per Share","5","29-Aug-2025","29-Aug-2025","-","-"
"NITINSPIN","Nitin Spinners Limited","EQ","Dividend - Rs 3 Per Share","10","29-Aug-2025","30-Aug-2025","-","-"
"BIKAJI","Bikaji Foods International Limited","EQ","Dividend - Re 1 Per Share","1","29-Aug-2025","29-Aug-2025","-","-"
"GANESHHOU","GANESH HOUSING LIMITED","EQ","Dividend - Rs 5 Per Share","10","29-Aug-2025","29-Aug-2025","-","-"
"CANTABIL","Cantabil Retail India Limited","EQ","Dividend - Re 0.50 Per Share","2","29-Aug-2025","29-Aug-2025","-","-"
"UNIENTER","Uniphos Enterprises Limited","EQ","Dividend - Re 0.50 Per Share","2","29-Aug-2025","29-Aug-2025","-","-"
"STEELCAS","Steelcast Limited","EQ","Face Value Split (Sub-Division) - From Rs 5/- Per Share To Re 1/- Per Share","1","29-Aug-2025","29-Aug-2025","-","-"
"SUYOG","Suyog Telematics Limited","EQ","Dividend - Rs 1.80 Per Share","10","29-Aug-2025","29-Aug-2025","-","-"
"WEALTH","Wealth First Portfolio Managers Limited","EQ","Dividend - Rs 4 Per Share","10","29-Aug-2025","29-Aug-2025","-","-"
"WHIRLPOOL","Whirlpool of India Limited","EQ","Dividend - Rs 5 Per Share","10","29-Aug-2025","29-Aug-2025","-","-"
"YUKEN","Yuken India Limited","EQ","Dividend - Rs 1.50 Per Share","10","29-Aug-2025","29-Aug-2025","-","-"
"ZEEL","Zee Entertainment Enterprises Limited","EQ","Dividend - Rs 2.43 Per Share","1","29-Aug-2025","29-Aug-2025","-","-"
"AHLEAST","Asian Hotels (East) Limited","EQ","Dividend - Re 1 Per Share","10","29-Aug-2025","29-Aug-2025","-","-"
"ALIVUS","Alivus Life Sciences Limited","EQ","Dividend - Rs 5 Per Share","2","01-Sep-2025","01-Sep-2025","-","-"
"PATINTLOG","Patel Integrated Logistics Limited","EQ","Dividend - Re 0.30 Per Share","10","01-Sep-2025","01-Sep-2025","-","-"
"PAVNAIND","Pavna Industries Limited","EQ","Face Value Split (Sub-Division) - From Rs 10/- Per Share To Re 1/- Per Share","1","01-Sep-2025","01-Sep-2025","-","-"
"TRIVENI","Triveni Engineering & Industries Limited","EQ","Dividend - Rs 2.50 Per Share","1","01-Sep-2025","01-Sep-2025","-","-"
"KANPRPLA","Kanpur Plastipack Limited","EQ","Dividend - Re 0.90 Per Share","10","01-Sep-2025","01-Sep-2025","-","-"
"TRITURBINE","Triveni Turbine Limited","EQ","Dividend - Rs 2 Per Share","1","01-Sep-2025","01-Sep-2025","-","-"
"MMP","MMP Industries Limited","EQ","Dividend - Rs 2 Per Share","10","01-Sep-2025","01-Sep-2025","-","-"
"AJMERA","Ajmera Realty & Infra India Limited","EQ","Dividend - Rs 4.50 Per Share","2","02-Sep-2025","02-Sep-2025","-","-"
"TBZ","Tribhovandas Bhimji Zaveri Limited","EQ","Dividend - Rs 2.25 Per Share","10","02-Sep-2025","02-Sep-2025","-","-"
"RADIANTCMS","Radiant Cash Management Services Limited","EQ","Dividend - Rs 2.50 Per Share","1","02-Sep-2025","02-Sep-2025","-","-"
"PANAMAPET","Panama Petrochem Limited","EQ","Dividend - Rs 3 Per Share","2","02-Sep-2025","02-Sep-2025","-","-"
"MODISONLTD","MODISON LIMITED","EQ","Dividend - Rs 2 Per Share","1","02-Sep-2025","02-Sep-2025","-","-"
"GABRIEL","Gabriel India Limited","EQ","Dividend - Rs 2.95 Per Share","1","02-Sep-2025","02-Sep-2025","-","-"
"RATNAMANI","Ratnamani Metals & Tubes Limited","EQ","Dividend - Rs 14 Per Share","2","02-Sep-2025","02-Sep-2025","-","-"
"IONEXCHANG","ION Exchange (India) Limited","EQ","Dividend - Rs 1.50 Per Share","1","02-Sep-2025","02-Sep-2025","-","-"
"GNFC","Gujarat Narmada Valley Fertilizers and Chemicals Limited","EQ","Dividend - Rs 18 Per Share","10","02-Sep-2025","02-Sep-2025","-","-"
"DEEPAKFERT","Deepak Fertilizers and Petrochemicals Corporation Limited","EQ","Dividend - Rs 10 Per Share","10","02-Sep-2025","02-Sep-2025","-","-"
"EPL","EPL Limited","EQ","Dividend - Rs 2.50 Per Share","2","02-Sep-2025","02-Sep-2025","-","-"
"TPLPLASTEH","TPL Plastech Limited","EQ","Dividend - Re 1 Per Share","2","02-Sep-2025","02-Sep-2025","-","-"
"HIKAL","Hikal Limited","EQ","Dividend - Rs 0.80 Per Share","2","02-Sep-2025","02-Sep-2025","-","-"
"YASHO","Yasho Industries Limited","EQ","Dividend - Re 0.50 Per Share","10","02-Sep-2025","02-Sep-2025","-","-"
"KRYSTAL","Krystal Integrated Services Limited","EQ","Dividend - Rs 1.50 Per Share","10","02-Sep-2025","02-Sep-2025","-","-"
"ASAHIINDIA","Asahi India Glass Limited","EQ","Dividend - Rs 2 Per Share","1","03-Sep-2025","03-Sep-2025","-","-"
"POKARNA","Pokarna Limited","EQ","Dividend - Re 0.60 Per Share","2","03-Sep-2025","03-Sep-2025","-","-"
"PRESTIGE","Prestige Estates Projects Limited","EQ","Dividend - Rs 1.80 Per Share","10","03-Sep-2025","03-Sep-2025","-","-"
"GEECEE","GeeCee Ventures Limited","EQ","Dividend - Rs 2 Per Share","10","03-Sep-2025","03-Sep-2025","-","-"
"CARRARO","Carraro India Limited","EQ","Dividend - Rs 4.55 Per Share","10","03-Sep-2025","03-Sep-2025","-","-"
"CONCORDBIO","Concord Biotech Limited","EQ","Dividend - Rs 10.70 Per Share","1","03-Sep-2025","03-Sep-2025","-","-"
"VSTTILLERS","V.S.T Tillers Tractors Limited","EQ","Dividend - Rs 20 Per Share","10","03-Sep-2025","03-Sep-2025","-","-"
"PATANJALI","Patanjali Foods Limited","EQ","Dividend - Rs 2 Per Share","2","03-Sep-2025","03-Sep-2025","-","-"
"ADSL","Allied Digital Services Limited","EQ","Dividend - Rs 1.50 Per Share","5","04-Sep-2025","05-Sep-2025","-","-"
"TIMETECHNO","Time Technoplast Limited","EQ","Dividend - Rs 2.50 Per Share","1","04-Sep-2025","04-Sep-2025","-","-"
"AKSHARCHEM","AksharChem India Limited","EQ","Dividend - Re 0.75 Per Share","10","04-Sep-2025","05-Sep-2025","-","-"
"APOLLOPIPE","Apollo Pipes Limited","EQ","Dividend - Re 0.70 Per Share","10","04-Sep-2025","05-Sep-2025","-","-"
"ASAHISONG","Asahi Songwon Colors Limited","EQ","Dividend - Rs 1.50 Per Share","10","04-Sep-2025","05-Sep-2025","-","-"
"BAIDFIN","Baid Finserv Limited","EQ","Dividend - Re 0.10 Per Share","2","04-Sep-2025","05-Sep-2025","-","-"
"BAJAJCON","Bajaj Consumer Care Limited","EQ","Buy Back","1","04-Sep-2025","05-Sep-2025","-","-"
"KOPRAN","Kopran Limited","EQ","Dividend - Rs 3 Per Share","10","04-Sep-2025","04-Sep-2025","-","-"
"NAHARCAP","Nahar Capital and Financial Services Limited","EQ","Dividend - Rs 1.50 Per Share","5","04-Sep-2025","05-Sep-2025","-","-"
"NAHARPOLY","Nahar Poly Films Limited","EQ","Dividend - Re 1 Per Share","5","04-Sep-2025","05-Sep-2025","-","-"
"NAHARSPING","Nahar Spinning Mills Limited","EQ","Dividend - Re 1 Per Share","5","04-Sep-2025","05-Sep-2025","-","-"
"PRINCEPIPE","Prince Pipes And Fittings Limited","EQ","Dividend - Re 0.50 Per Share","10","04-Sep-2025","04-Sep-2025","-","-"
"697GS2026","GOVERNMENT OF INDIA","GS","Interest Payment","100","04-Sep-2025","04-Sep-2025","-","-"
"BBL","Bharat Bijlee Limited","EQ","Dividend - Rs 35 Per Share","5","04-Sep-2025","04-Sep-2025","-","-"
"OIL","Oil India Limited","EQ","Dividend - Rs 1.50 Per Share","10","04-Sep-2025","04-Sep-2025","-","-"
"ONGC","Oil & Natural Gas Corporation Limited","EQ","Dividend - Rs 1.25 Per Share","5","04-Sep-2025","04-Sep-2025","-","-"
"MAZDA","Mazda Limited","EQ","Dividend - Rs 3.60 Per Share","2","04-Sep-2025","04-Sep-2025","-","-"
"METROBRAND","Metro Brands Limited","EQ","Dividend - Rs 2.50 Per Share","5","04-Sep-2025","05-Sep-2025","-","-"
"JOCIL","Jocil Limited","EQ","Dividend - Re 0.50 Per Share","10","04-Sep-2025","05-Sep-2025","-","-"
"KALYANKJIL","Kalyan Jewellers India Limited","EQ","Dividend - Rs 1.50 Per Share","10","04-Sep-2025","05-Sep-2025","-","-"
"FINCABLES","Finolex Cables Limited","EQ","Dividend - Rs 8 Per Share","2","04-Sep-2025","05-Sep-2025","-","-"
"FINPIPE","Finolex Industries Limited","EQ","Dividend - Rs 2 Per Share & Special Dividend - Rs 1.60 Per Share","2","04-Sep-2025","05-Sep-2025","-","-"
"LLOYDSENT","Lloyds Enterprises Limited","EQ","Interim Dividend - Re 0.10 Per Share","1","04-Sep-2025","05-Sep-2025","-","-"
"NIACL","The New India Assurance Company Limited","EQ","Dividend - Rs 1.80 Per Share","5","04-Sep-2025","04-Sep-2025","-","-"
"NIITLTD","NIIT Limited","EQ","Dividend - Re 1 Per Share","2","04-Sep-2025","04-Sep-2025","-","-"
"NIITMTS","NIIT Learning Systems Limited","EQ","Dividend - Rs 3 Per Share","2","04-Sep-2025","04-Sep-2025","-","-"
"INDOCO","Indoco Remedies Limited","EQ","Dividend - Re 0.20 Per Share","2","04-Sep-2025","04-Sep-2025","-","-"
"NRBBEARING","NRB Bearing Limited","EQ","Dividend - Rs 4.30 Per Share","2","04-Sep-2025","04-Sep-2025","-","-"
"NTPC","NTPC Limited","EQ","Dividend - Rs 3.35 Per Share","10","04-Sep-2025","04-Sep-2025","-","-"
"RUBYMILLS","The Ruby Mills Limited","EQ","Dividend - Rs 1.75 Per Share","5","04-Sep-2025","04-Sep-2025","-","-"
"CHEMFAB","Chemfab Alkalis Limited","EQ","Dividend - Rs 1.25 Per Share","10","04-Sep-2025","05-Sep-2025","-","-"
"GUJGASLTD","Gujarat Gas Limited","EQ","Dividend - Rs 5.82 Per Share","2","04-Sep-2025","05-Sep-2025","-","-"
"GUJTHEM","Gujarat Themis Biosyn Limited","EQ","Dividend - Re 0.67 Per Share","1","04-Sep-2025","05-Sep-2025","-","-"
"CLEAN","Clean Science and Technology Limited","EQ","Dividend - Rs 4 Per Share","1","04-Sep-2025","04-Sep-2025","-","-"
"ENIL","Entertainment Network (India) Limited","EQ","Dividend - Rs 2 Per Share","10","04-Sep-2025","05-Sep-2025","-","-"
"SIRCA","Sirca Paints India Limited","EQ","Dividend - Rs 1.50 Per Share","10","04-Sep-2025","05-Sep-2025","-","-"
"TINNARUBR","Tinna Rubber and Infrastructure Limited","EQ","Dividend - Rs 4 Per Share","10","04-Sep-2025","05-Sep-2025","-","-"
"VINDHYATEL","Vindhya Telelinks Limited","EQ","Dividend - Rs 16 Per Share","10","04-Sep-2025","05-Sep-2025","-","-"
"TRANSRAILL","Transrail Lighting Limited","EQ","Dividend - Re 0.80 Per Share","2","04-Sep-2025","05-Sep-2025","-","-"
"TVSSRICHAK","TVS Srichakra Limited","EQ","Dividend - Rs 16.89 Per Share","10","04-Sep-2025","05-Sep-2025","-","-"
"GICRE","General Insurance Corporation of India","EQ","Dividend - Rs 10 Per Share","5","04-Sep-2025","05-Sep-2025","-","-"
"UNIVCABLES","Universal Cables Limited","EQ","Dividend - Rs 4 Per Share","10","04-Sep-2025","05-Sep-2025","-","-"
"SCI","Shipping Corporation Of India Limited","EQ","Dividend - Rs 6.59 Per Share","10","04-Sep-2025","05-Sep-2025","-","-"
"SCILAL","Shipping Corporation of India Land and Assets Limited","EQ","Dividend - Re 0.55 Per Share","10","04-Sep-2025","05-Sep-2025","-","-"
"STEELCITY","Steel City Securities Limited","EQ","Interim Dividend - Re 1 Per Share","10","04-Sep-2025","04-Sep-2025","-","-"
"SUPRAJIT","Suprajit Engineering Limited","EQ","Dividend - Rs 1.75 Per Share","1","04-Sep-2025","06-Sep-2025","-","-"
"SUPRIYA","Supriya Lifescience Limited","EQ","Dividend - Re 1 Per Share","2","04-Sep-2025","05-Sep-2025","-","-"
"SURYAROSNI","Surya Roshni Limited","EQ","Dividend - Rs 3 Per Share","5","04-Sep-2025","05-Sep-2025","-","-"
"THEMISMED","Themis Medicare Limited","EQ","Dividend - Re 0.50 Per Share","1","04-Sep-2025","05-Sep-2025","-","-"
"AIAENG","AIA Engineering Limited","EQ","Dividend - Rs 16 Per Share","2","04-Sep-2025","05-Sep-2025","-","-"
"AEROENTER","Aeroflex Enterprises Limited","EQ","Dividend - Rs 0.30 Per Share","2","08-Sep-2025","09-Sep-2025","-","-"
"TEGA","Tega Industries Limited","EQ","Dividend - Rs 2 Per Share","10","08-Sep-2025","09-Sep-2025","-","-"
"BELLACASA","Bella Casa Fashion & Retail Limited","EQ","Dividend - Rs 2 Per Share","10","08-Sep-2025","09-Sep-2025","-","-"
"74GS2035","GOVERNMENT OF INDIA","GS","Interest Payment","100","08-Sep-2025","09-Sep-2025","-","-"
"MANAKCOAT","Manaksia Coated Metals & Industries Limited","EQ","Dividend - Re 0.05 Per Share","1","08-Sep-2025","09-Sep-2025","-","-"
"MANALIPETC","Manali Petrochemicals Limited","EQ","Dividend - Re 0.50 Per Share","5","08-Sep-2025","09-Sep-2025","-","-"
"ISGEC","Isgec Heavy Engineering Limited","EQ","Dividend - Rs 5 Per Share","1","08-Sep-2025","09-Sep-2025","-","-"
"ITDC","India Tourism Development Corporation Limited","EQ","Dividend - Rs 2.90 Per Share","10","08-Sep-2025","09-Sep-2025","-","-"
"JASH","Jash Engineering Limited","EQ","Dividend - Rs 1.20 Per Share","2","08-Sep-2025","09-Sep-2025","-","-"
"KDDL","KDDL Limited","EQ","Dividend - Rs 5 Per Share","10","08-Sep-2025","09-Sep-2025","-","-"
"HFCL","HFCL Limited","EQ","Dividend - Re 0.10 Per Share","1","08-Sep-2025","09-Sep-2025","-","-"
"RBLBANK","RBL Bank Limited","EQ","Dividend - Re 1 Per Share","10","08-Sep-2025","09-Sep-2025","-","-"
"RICOAUTO","Rico Auto Industries Limited","EQ","Dividend - Re 0.50 Per Share","1","08-Sep-2025","09-Sep-2025","-","-"
"RMDRIP","R M Drip and Sprinklers Systems Limited","EQ","Dividend - Re 0.50 Per Share","1","08-Sep-2025","09-Sep-2025","-","-"
"SAIL","Steel Authority of India Limited","EQ","Dividend - Rs 1.60 Per Share","10","08-Sep-2025","09-Sep-2025","-","-"
"MANAKALUCO","Manaksia Aluminium Company Limited","EQ","Dividend - Re 0.07 Per Share","1","08-Sep-2025","09-Sep-2025","-","-"
"DBL","Dilip Buildcon Limited","EQ","Dividend - Re 1 Per Share","10","08-Sep-2025","09-Sep-2025","-","-"
"DIVGIITTS","Divgi Torqtransfer Systems Limited","EQ","Dividend - Rs 2.60 Per Share","5","08-Sep-2025","09-Sep-2025","-","-"
"GSFC","Gujarat State Fertilizers & Chemicals Limited","EQ","Dividend - Rs 5 Per Share","2","08-Sep-2025","09-Sep-2025","-","-"
"TITAGARH","TITAGARH RAIL SYSTEMS LIMITED","EQ","Dividend - Re 1 Per Share","2","08-Sep-2025","09-Sep-2025","-","-"
"TNPETRO","Tamilnadu PetroProducts Limited","EQ","Dividend - Rs 1.20 Per Share","10","08-Sep-2025","09-Sep-2025","-","-"
"SBCL","Shivalik Bimetal Controls Limited","EQ","Dividend - Rs 1.50 Per Share","2","08-Sep-2025","09-Sep-2025","-","-"
"HISARMETAL","Hisar Metal Industries Limited","EQ","Dividend - Re 1 Per Share","10","08-Sep-2025","09-Sep-2025","-","-"
"HUDCO","Housing & Urban Development Corporation Limited","EQ","Dividend - Re 1.05 Per Share","10","08-Sep-2025","09-Sep-2025","-","-"
"BIRLACORPN","Birla Corporation Limited","EQ","Dividend - Rs 10 Per Share","10","08-Sep-2025","09-Sep-2025","-","-"
"BLS","BLS International Services Limited","EQ","Dividend - Re 1 Per Share","1","08-Sep-2025","09-Sep-2025","-","-"
"BLSE","BLS E-Services Limited","EQ","Dividend - Re 1 Per Share","10","08-Sep-2025","09-Sep-2025","-","-"
"TAJGVK","Taj GVK Hotels & Resorts Limited","EQ","Dividend - Rs 2 Per Share","2","08-Sep-2025","09-Sep-2025","-","-"
"APOLLO","Apollo Micro Systems Limited","EQ","Dividend - Re 0.25 Per Share","1","08-Sep-2025","09-Sep-2025","-","-"
"ASTRAMICRO","Astra Microwave Products Limited","EQ","Dividend - Rs 2.20 Per Share","2","10-Sep-2025","10-Sep-2025","-","-"
"KITEX","Kitex Garments Limited","EQ","Dividend - Re 0.50 Per Share","1","10-Sep-2025","10-Sep-2025","-","-"
"MUFTI","Credo Brands Marketing Limited","EQ","Dividend - Rs 3 Per Share","2","10-Sep-2025","10-Sep-2025","-","-"
"PNBGILTS","PNB Gilts Limited","EQ","Dividend - Re 1 Per Share","10","10-Sep-2025","10-Sep-2025","-","-"
"FORCEMOT","FORCE MOTORS LTD","EQ","Dividend - Rs 40 Per Share","10","10-Sep-2025","10-Sep-2025","-","-"
"SHAREINDIA","Share India Securities Limited","EQ","Dividend - Re 0.25 Per Share","2","10-Sep-2025","10-Sep-2025","-","-"
"GSPL","Gujarat State Petronet Limited","EQ","Dividend - Rs 5 Per Share","10","10-Sep-2025","10-Sep-2025","-","-"
"SIGMA","Sigma Solve Limited","EQ","Dividend - Re 0.50 Per Share","1","10-Sep-2025","10-Sep-2025","-","-"
"SANDUMA","Sandur Manganese & Iron Ores Limited","EQ","Dividend - Rs 1.25 Per Share","10","10-Sep-2025","10-Sep-2025","-","-"
"CAMPUS","Campus Activewear Limited","EQ","Dividend - Re 0.30 Per Share","5","10-Sep-2025","10-Sep-2025","-","-"
"MACPOWER","Macpower CNC Machines Limited","EQ","Dividend - Rs 1.50 Per Share","10","10-Sep-2025","10-Sep-2025","-","-"
"POCL","Pondy Oxides & Chemicals Limited","EQ","Dividend - Rs 3.50 Per Share","5","11-Sep-2025","11-Sep-2025","-","-"
"PATANJALI","Patanjali Foods Limited","EQ","Bonus 2:1","2","11-Sep-2025","11-Sep-2025","-","-"
"IRCON","Ircon International Limited","EQ","Dividend - Re 1 Per Share","2","11-Sep-2025","11-Sep-2025","-","-"
"CENTURYPLY","Century Plyboards (India) Limited","EQ","Dividend - Re 1 Per Share","1","11-Sep-2025","11-Sep-2025","-","-"
"CGCL","Capri Global Capital Limited","EQ","Dividend - Re 0.20 Per Share","1","11-Sep-2025","11-Sep-2025","-","-"
"SUBROS","Subros Limited","EQ","Dividend - Rs 2.60 Per Share","2","11-Sep-2025","11-Sep-2025","-","-"
"GULPOLY","Gulshan Polyols Limited","EQ","Dividend - Re 0.30 Per Share","1","11-Sep-2025","11-Sep-2025","-","-"
"TNPL","Tamil Nadu Newsprint & Papers Limited","EQ","Dividend - Rs 3 Per Share","10","11-Sep-2025","11-Sep-2025","-","-"
"TVTODAY","TV Today Network Limited","EQ","Dividend - Rs 3 Per Share","5","11-Sep-2025","11-Sep-2025","-","-"
"SOMANYCERA","Somany Ceramics Limited","EQ","Dividend - Rs 3 Per Share","2","11-Sep-2025","11-Sep-2025","-","-"
"DATAMATICS","Datamatics Global Services Limited","EQ","Dividend - Rs 5 Per Share","5","11-Sep-2025","11-Sep-2025","-","-"
"EDELWEISS","Edelweiss Financial Services Limited","EQ","Dividend - Rs 1.50 Per Share","1","11-Sep-2025","11-Sep-2025","-","-"
"AMNPLST","Amines & Plasticizers Limited","EQ","Dividend - Re 0.50 Per Share","2","12-Sep-2025","12-Sep-2025","-","-"
"VHL","Vardhman Holdings Limited","EQ","Dividend - Rs 5 Per Share","10","12-Sep-2025","12-Sep-2025","-","-"
"KPIGREEN","KPI Green Energy Limited","EQ","Dividend - Re 0.20 Per Share","5","12-Sep-2025","12-Sep-2025","-","-"
"KRSNAA","Krsnaa Diagnostics Limited","EQ","Dividend - Rs 2.75 Per Share","5","12-Sep-2025","12-Sep-2025","-","-"
"PYRAMID","Pyramid Technoplast Limited","EQ","Dividend - Re 0.50 Per Share","10","12-Sep-2025","12-Sep-2025","-","-"
"BECTORFOOD","Mrs. Bectors Food Specialities Limited","EQ","Dividend - Rs 3 Per Share","2","12-Sep-2025","12-Sep-2025","-","-"
"BEPL","Bhansali Engineering Polymers Limited","EQ","Dividend - Re 1 Per Share","1","12-Sep-2025","12-Sep-2025","-","-"
"MANBA","Manba Finance Limited","EQ","Dividend - Re 0.25 Per Share","10","12-Sep-2025","12-Sep-2025","-","-"
"SALONA","Salona Cotspin Limited","EQ","Dividend - Re 1 Per Share","10","12-Sep-2025","12-Sep-2025","-","-"
"IVC","IL&FS Investment Managers Limited","EQ","Dividend - Re 0.28 Per Share","2","12-Sep-2025","12-Sep-2025","-","-"
"JAGSNPHARM","Jagsonpal Pharmaceuticals Limited","EQ","Dividend - Rs 2.50 Per Share","2","12-Sep-2025","12-Sep-2025","-","-"
"MARINE","Marine Electricals (India) Limited","EQ","Dividend - Rs 0.30 Per Share","2","12-Sep-2025","12-Sep-2025","-","-"
"MASTEK","Mastek Limited","EQ","Dividend - Rs 16 Per Share","5","12-Sep-2025","12-Sep-2025","-","-"
"MCLOUD","Magellanic Cloud Limited","EQ","Dividend - Re 0.03 Per Share","2","12-Sep-2025","12-Sep-2025","-","-"
"JTLIND","JTL INDUSTRIES LIMITED","EQ","Dividend - Re 0.125 Per Share","1","12-Sep-2025","12-Sep-2025","-","-"
"KAJARIACER","Kajaria Ceramics Limited","EQ","Dividend - Rs 4 Per Share","1","12-Sep-2025","12-Sep-2025","-","-"
"PKTEA","The Peria Karamalai Tea & Produce Company Limited","EQ","Dividend - Re 1 Per Share","10","12-Sep-2025","13-Sep-2025","-","-"
"FCL","Fineotex Chemical Limited","EQ","Dividend - Re 0.40 Per Share","1","12-Sep-2025","13-Sep-2025","-","-"
"FISCHER","Fischer Medical Ventures Limited","EQ","Face Value Split (Sub-Division) - From Rs 10/- Per Share To Re 1/- Per Share","1","12-Sep-2025","12-Sep-2025","-","-"
"NDTV","New Delhi Television Limited","EQ","Rights 3:4 @ Premium Rs 78/-","4","12-Sep-2025","12-Sep-2025","-","-"
"LINCOLN","Lincoln Pharmaceuticals Limited","EQ","Dividend - Rs 1.80 Per Share","10","12-Sep-2025","12-Sep-2025","-","-"
"RELIABLE","Reliable Data Services Limited","EQ","Dividend - Re 0.04 Per Share","10","12-Sep-2025","12-Sep-2025","-","-"
"REMSONSIND","Remsons Industries Limited","EQ","Dividend - Re 0.30  Per Share","2","12-Sep-2025","12-Sep-2025","-","-"
"RESPONIND","Responsive Industries Limited","EQ","Dividend - Rs 0.10 Per Share","1","12-Sep-2025","12-Sep-2025","-","-"
"RHIM","RHI MAGNESITA INDIA LIMITED","EQ","Dividend - Rs 2.50 Per Share","1","12-Sep-2025","12-Sep-2025","-","-"
"NPST","Network People Services Technologies Limited","EQ","Dividend - Rs 2 Per Share","10","12-Sep-2025","12-Sep-2025","-","-"
"RUSHIL","Rushil Decor Limited","EQ","Dividend - Re 0.10 Per Share","1","12-Sep-2025","13-Sep-2025","-","-"
"MAMATA","Mamata Machinery Limited","EQ","Dividend - Re 0.50 Per Share","10","12-Sep-2025","12-Sep-2025","-","-"
"GIPCL","Gujarat Industries Power Company Limited","EQ","Dividend - Rs 4.09 Per Share","10","12-Sep-2025","12-Sep-2025","-","-"
"CAPLIPOINT","Caplin Point Laboratories Limited","EQ","Dividend - Rs 3 Per Share","2","12-Sep-2025","12-Sep-2025","-","-"
"DPSCLTD","DPSC Limited","EQ","Dividend - Re 0.05 Per Share","1","12-Sep-2025","12-Sep-2025","-","-"
"GRSE","Garden Reach Shipbuilders & Engineers Limited","EQ","Dividend - Rs 4.90 Per Share","10","12-Sep-2025","12-Sep-2025","-","-"
"HBLENGINE","HBL Engineering Limited","EQ","Dividend - Re 1 Per Share","1","12-Sep-2025","12-Sep-2025","-","-"
"COCHINSHIP","Cochin Shipyard Limited","EQ","Dividend - Rs 2.25 Per Share","5","12-Sep-2025","12-Sep-2025","-","-"
"EMMBI","Emmbi Industries Limited","EQ","Dividend - Re 0.30 Per Share","10","12-Sep-2025","13-Sep-2025","-","-"
"CORALFINAC","Coral India Finance & Housing Limited","EQ","Dividend - Re 0.40 Per Share","2","12-Sep-2025","12-Sep-2025","-","-"
"EVERESTIND","Everest Industries Limited","EQ","Dividend - Rs 2.50 Per Share","10","12-Sep-2025","12-Sep-2025","-","-"
"HEIDELBERG","HeidelbergCement India Limited","EQ","Dividend - Rs 7 Per Share","10","12-Sep-2025","12-Sep-2025","-","-"
"VLSFINANCE","VLS Finance Limited","EQ","Dividend - Rs 1.50 Per Share","10","12-Sep-2025","12-Sep-2025","-","-"
"VSSL","Vardhman Special Steels Limited","EQ","Dividend - Rs 3 Per Share","10","12-Sep-2025","12-Sep-2025","-","-"
"VTL","Vardhman Textiles Limited","EQ","Dividend - Rs 5 Per Share","2","12-Sep-2025","12-Sep-2025","-","-"
"SANDHAR","Sandhar Technologies Limited","EQ","Dividend - Rs 3.50 Per Share","10","12-Sep-2025","12-Sep-2025","-","-"
"SANGAMIND","Sangam (India) Limited","EQ","Dividend - Rs 2 Per Sh","10","12-Sep-2025","12-Sep-2025","-","-"
"SANGHVIMOV","Sanghvi Movers Limited","EQ","Dividend - Rs 2 Per Share","1","12-Sep-2025","12-Sep-2025","-","-"
"SBGLP","Suratwwala Business Group Limited","EQ","Dividend - Rs 0.10 Per Share","1","12-Sep-2025","12-Sep-2025","-","-"
"GALLANTT","Gallantt Ispat Limited","EQ","Dividend - Rs 1.25 Per Share","10","12-Sep-2025","12-Sep-2025","-","-"
"BHARATRAS","Bharat Rasayan Limited","EQ","Dividend - Rs 1.50 Per Share","5","12-Sep-2025","12-Sep-2025","-","-"
"CSLFINANCE","CSL Finance Limited","EQ","Dividend - Rs 3 Per Share","10","12-Sep-2025","13-Sep-2025","-","-"
"UTTAMSUGAR","Uttam Sugar Mills Limited","EQ","Dividend - Rs 2.50 Per Share","10","12-Sep-2025","12-Sep-2025","-","-"
"VADILALIND","Vadilal Industries Limited","EQ","Dividend - Rs 21 Per Share","10","12-Sep-2025","12-Sep-2025","-","-"
"VARDHACRLC","Vardhman Acrylics Limited","EQ","Dividend - Rs 1.50 Per Share","10","12-Sep-2025","12-Sep-2025","-","-"
"SUNFLAG","Sunflag Iron And Steel Company Limited","EQ","Dividend - Re 0.75 Per Share","10","12-Sep-2025","12-Sep-2025","-","-"
"TALBROAUTO","Talbros Automotive Components Limited","EQ","Dividend - Re 0.50 Per Share","2","12-Sep-2025","12-Sep-2025","-","-"
"TATVA","Tatva Chintan Pharma Chem Limited","EQ","Dividend - Re 1  Per Share","10","12-Sep-2025","12-Sep-2025","-","-"
"ZODIAC","Zodiac Energy Limited","EQ","Dividend - Rs 0.75 Per Share","10","12-Sep-2025","12-Sep-2025","-","-"
"TECHNOE","Techno Electric & Engineering Company Limited","EQ","Dividend - Rs 9 Per Share","2","12-Sep-2025","12-Sep-2025","-","-"
"TEXINFRA","Texmaco Infrastructure & Holdings Limited","EQ","Dividend - Re 0.15 Per Share","1","12-Sep-2025","12-Sep-2025","-","-"
"KPEL","K.P. Energy Limited","EQ","Dividend - Re 0.10 Per Share","5","12-Sep-2025","12-Sep-2025","-","-"
"ALICON","Alicon Castalloy Limited","EQ","Dividend - Rs 3 Per Share","5","15-Sep-2025","15-Sep-2025","-","-"
"TEXRAIL","Texmaco Rail & Engineering Limited","EQ","Dividend - Re 0.75 Per Share","1","15-Sep-2025","15-Sep-2025","-","-"
"POLYPLEX","Polyplex Corporation Limited","EQ","Dividend - Rs 4.50 Per Share","10","15-Sep-2025","15-Sep-2025","-","-"
"POWERMECH","Power Mech Projects Limited","EQ","Dividend - Rs 1.25 Per Share","10","15-Sep-2025","15-Sep-2025","-","-"
"LAMBODHARA","Lambodhara Textiles Limited","EQ","Dividend - Re 0.50 Per Share","5","15-Sep-2025","15-Sep-2025","-","-"
"LANDMARK","Landmark Cars Limited","EQ","Dividend - Re 0.50 Per Share","5","15-Sep-2025","15-Sep-2025","-","-"
"AARTIPHARM","Aarti Pharmalabs Limited","EQ","Dividend - Rs 2.50 Per Share","5","15-Sep-2025","15-Sep-2025","-","-"
"PHOENIXLTD","The Phoenix Mills Limited","EQ","Dividend - Rs 2.50 Per Share","2","15-Sep-2025","15-Sep-2025","-","-"
"FOODSIN","Foods & Inns Limited","EQ","Dividend - Re 0.30 Per Share","1","15-Sep-2025","15-Sep-2025","-","-"
"INTERARCH","Interarch Building Solutions Limited","EQ","Dividend - Rs 12.50 Per Share","10","15-Sep-2025","15-Sep-2025","-","-"
"LUXIND","Lux Industries Limited","EQ","Dividend - Rs 2 Per Share","2","15-Sep-2025","15-Sep-2025","-","-"
"GLENMARK","Glenmark Pharmaceuticals Limited","EQ","Dividend - Rs 2.50 Per Share","1","15-Sep-2025","15-Sep-2025","-","-"
"IGL","Indraprastha Gas Limited","EQ","Dividend - Rs 1.50 Per Share","2","15-Sep-2025","15-Sep-2025","-","-"
"DDEVPLSTIK","Ddev Plastiks Industries Limited","EQ","Dividend - Rs 1.75 Per Share","1","15-Sep-2025","15-Sep-2025","-","-"
"DOMS","DOMS Industries Limited","EQ","Dividend - Rs 3.15 Per Share","10","15-Sep-2025","15-Sep-2025","-","-"
"CLSEL","Chaman Lal Setia Exports Limited","EQ","Dividend - Rs 2.50 Per Share","2","15-Sep-2025","15-Sep-2025","-","-"
"SOTL","Savita Oil Technologies Limited","EQ","Dividend - Rs 4 Per Share","2","15-Sep-2025","15-Sep-2025","-","-"
"SUPERHOUSE","Superhouse Limited","EQ","Dividend - Rs 0.80 Per Share","10","15-Sep-2025","15-Sep-2025","-","-"
"KNRCON","KNR Constructions Limited","EQ","Dividend - Re 0.25 Per Share","2","15-Sep-2025","15-Sep-2025","-","-"
"AGARIND","Agarwal Industrial Corporation Limited","EQ","Dividend - Rs 3.30 Per Share","10","16-Sep-2025","16-Sep-2025","-","-"
"SIGACHI","Sigachi Industries Limited","EQ","Dividend - Rs 0.10 Per Share","1","16-Sep-2025","16-Sep-2025","-","-"
"PPL","Prakash Pipes Limited","EQ","Dividend - Rs 2.40 Per Share","10","16-Sep-2025","16-Sep-2025","-","-"
"KTKBANK","The Karnataka Bank Limited","EQ","Dividend - Rs 5 Per Share","10","16-Sep-2025","16-Sep-2025","-","-"
"LANCORHOL","Lancor Holdings Limited","EQ","Dividend - Rs 0.20 Per Share","2","16-Sep-2025","16-Sep-2025","-","-"
"BALMLAWRIE","Balmer Lawrie & Company Limited","EQ","Dividend - Rs 8.50 Per Share","10","16-Sep-2025","16-Sep-2025","-","-"
"AARTISURF","Aarti Surfactants Limited","EQ","Dividend - Re 1 Per Share","10","16-Sep-2025","16-Sep-2025","-","-"
"ORIENTCER","ORIENT CERATECH LIMITED","EQ","Dividend - Rs 0.25 Per Share","1","16-Sep-2025","16-Sep-2025","-","-"
"JKIL","J.Kumar Infraprojects Limited","EQ","Dividend - Rs 4 Per Share","5","16-Sep-2025","16-Sep-2025","-","-"
"LINC","Linc Limited","EQ","Dividend - Rs 1.50 Per Share","5","16-Sep-2025","16-Sep-2025","-","-"
"NITIRAJ","Nitiraj Engineers Limited","EQ","Dividend - Rs 1.50 Per Share","10","16-Sep-2025","16-Sep-2025","-","-"
"DECCANCE","Deccan Cements Limited","EQ","Dividend - Re 0.60 Per Share","5","16-Sep-2025","16-Sep-2025","-","-"
"GODFRYPHLP","Godfrey Phillips India Limited","EQ","Bonus 2:1","2","16-Sep-2025","16-Sep-2025","-","-"
"DIXON","Dixon Technologies (India) Limited","EQ","Dividend - Rs 8 Per Share","2","16-Sep-2025","16-Sep-2025","-","-"
"SKIPPER","Skipper Limited","EQ","Dividend - Re 0.10 Per Share","1","16-Sep-2025","16-Sep-2025","-","-"
"SPIC","Southern Petrochemicals Industries Corporation  Limited","EQ","Dividend - Rs 2 Per Share","10","16-Sep-2025","16-Sep-2025","-","-"
"UNIDT","United Drilling Tools Limited","EQ","Dividend - Rs 0.60 Per Share","10","16-Sep-2025","16-Sep-2025","-","-"
"SHRADHA","Shradha Realty Limited","EQ","Rights 3:5 @ Premium Rs 38/-","2","16-Sep-2025","16-Sep-2025","-","-"
"WORTHPERI","Worth Peripherals Limited","EQ","Dividend - Re 1 Per Share","10","16-Sep-2025","16-Sep-2025","-","-"
"AMRUTANJAN","Amrutanjan Health Care Limited","EQ","Dividend - Rs 2.60 Per Share","1","16-Sep-2025","16-Sep-2025","-","-"
"ASHAPURMIN","Ashapura Minechem Limited","EQ","Dividend - Re 1 Per Share","2","17-Sep-2025","17-Sep-2025","-","-"
"VIDHIING","Vidhi Specialty Food Ingredients Limited","EQ","Dividend - Rs 1.50 Per Share","1","17-Sep-2025","17-Sep-2025","-","-"
"KRBL","KRBL Limited","EQ","Dividend - Rs 3.50 Per Share","1","17-Sep-2025","17-Sep-2025","-","-"
"PREMIERPOL","Premier Polyfilm Limited","EQ","Dividend - Re 0.15 Per Share","1","17-Sep-2025","17-Sep-2025","-","-"
"63MOONS","63 moons technologies limited","EQ","Dividend - Rs 1.20 Per Share","2","17-Sep-2025","17-Sep-2025","-","-"
"MANCREDIT","Mangal Credit and Fincorp Limited","EQ","Dividend - Re 0.75 Per Share","10","17-Sep-2025","17-Sep-2025","-","-"
"ORICONENT","Oricon Enterprises Limited","EQ","Dividend - Re 0.50 Per Share","2","17-Sep-2025","17-Sep-2025","-","-"
"RITES","RITES Limited","EQ","Dividend - Rs 2.65 Per Share","10","17-Sep-2025","17-Sep-2025","-","-"
"INDOAMIN","Indo Amines Limited","EQ","Dividend - Re 0.50 Per Share","5","17-Sep-2025","17-Sep-2025","-","-"
"NRAIL","N R Agarwal Industries Limited","EQ","Dividend - Rs 2 Per Share","10","17-Sep-2025","17-Sep-2025","-","-"
"ROSSTECH","Rossell Techsys Limited","EQ","Dividend - Re 0.20 Per Share","2","17-Sep-2025","17-Sep-2025","-","-"
"INTLCONV","International Conveyors Limited","EQ","Dividend - Rs 0.75 Per Share","1","17-Sep-2025","17-Sep-2025","-","-"
"CARYSIL","CARYSIL LIMITED","EQ","Dividend - Rs 2.40 Per Share","2","17-Sep-2025","17-Sep-2025","-","-"
"GRWRHITECH","Garware Hi-Tech Films Limited","EQ","Dividend - Rs 12 Per Share","10","17-Sep-2025","17-Sep-2025","-","-"
"HERANBA","Heranba Industries Limited","EQ","Dividend - Re 1 Per Share","10","17-Sep-2025","17-Sep-2025","-","-"
"TTL","T T Limited","EQ","Dividend - Re 0.05 Per Share","1","17-Sep-2025","17-Sep-2025","-","-"
"SGIL","Synergy Green Industries Limited","EQ","Dividend - Re 1 Per Share","10","17-Sep-2025","17-Sep-2025","-","-"
"SHILPAMED","Shilpa Medicare Limited","EQ","Dividend - Re 1 Per Share","1","17-Sep-2025","17-Sep-2025","-","-"
"ZUARIIND","ZUARI INDUSTRIES LIMITED","EQ","Dividend - Re 1 Per Share","10","17-Sep-2025","17-Sep-2025","-","-"
"PRAKASH","Prakash Industries Limited","EQ","Dividend - Rs 1.50 Per Share","10","17-Sep-2025","17-Sep-2025","-","-"
"ACUTAAS","Acutaas Chemicals Limited","EQ","Dividend - Rs 1.50 Per Share","5","18-Sep-2025","18-Sep-2025","-","-"
"ZYDUSWELL","Zydus Wellness Limited","EQ","Face Value Split (Sub-Division) - From Rs 10/- Per Share To Rs 2/- Per Share","2","18-Sep-2025","18-Sep-2025","-","-"
"ARROWGREEN","Arrow Greentech Limited","EQ","Dividend - Rs 4 Per Share","10","18-Sep-2025","18-Sep-2025","-","-"
"ASHIANA","Ashiana Housing Limited","EQ","Dividend - Rs 1.50 Per Share","2","18-Sep-2025","18-Sep-2025","-","-"
"ATAM","Atam Valves Limited","EQ","Dividend - Re 0.85 Per Share","10","18-Sep-2025","18-Sep-2025","-","-"
"POLYMED","Poly Medicure Limited","EQ","Dividend - Rs 3.50 Per Share","5","18-Sep-2025","18-Sep-2025","-","-"
"PPAP","PPAP Automotive Limited","EQ","Dividend - Rs 1.50 Per Share","10","18-Sep-2025","18-Sep-2025","-","-"
"KRISHIVAL","Krishival Foods Limited","EQ","Dividend - Re 0.24 Per Share","10","18-Sep-2025","18-Sep-2025","-","-"
"NCLIND","NCL Industries Limited","EQ","Dividend - Rs 2 Per Share","10","18-Sep-2025","18-Sep-2025","-","-"
"QPOWER","Quality Power Electrical Equipments Limited","EQ","Dividend - Re 1 Per Share","10","18-Sep-2025","18-Sep-2025","-","-"
"BALPHARMA","Bal Pharma Limited","EQ","Dividend - Rs 1.20 Per Share","10","18-Sep-2025","18-Sep-2025","-","-"
"788GS2030","GOVERNMENT OF INDIA","GS","Interest Payment","100","18-Sep-2025","18-Sep-2025","-","-"
"IRMENERGY","IRM Energy Limited","EQ","Dividend - Rs 1.50 Per Share","10","18-Sep-2025","18-Sep-2025","-","-"
"JAMNAAUTO","Jamna Auto Industries Limited","EQ","Dividend - Rs 1.10 Per Share","1","18-Sep-2025","18-Sep-2025","-","-"
"JNKINDIA","JNK India Limited","EQ","Dividend - Re 0.30 Per Share","2","18-Sep-2025","18-Sep-2025","-","-"
"KAMDHENU","Kamdhenu Limited","EQ","Dividend - Re 0.25 Per Share","1","18-Sep-2025","18-Sep-2025","-","-"
"KCPSUGIND","KCP Sugar and Industries Corporation Limited","EQ","Dividend - Re 0.10 Per Share","1","18-Sep-2025","18-Sep-2025","-","-"
"INDOBORAX","Indo Borax & Chemicals Limited","EQ","Dividend - Re 1 Per Share","1","18-Sep-2025","18-Sep-2025","-","-"
"INDRAMEDCO","Indraprastha Medical Corporation Limited","EQ","Dividend - Rs 4.50 Per Share","10","18-Sep-2025","18-Sep-2025","-","-"
"RUBFILA","Rubfila International Limited","EQ","Dividend - Rs 2 Per Share","5","18-Sep-2025","18-Sep-2025","-","-"
"GMDCLTD","Gujarat Mineral Development Corporation Limited","EQ","Dividend - Rs 10.10 Per Share","2","18-Sep-2025","18-Sep-2025","-","-"
"GOODLUCK","Goodluck India Limited","EQ","Dividend - Rs 4 Per Share","2","18-Sep-2025","18-Sep-2025","-","-"
"ELDEHSG","Eldeco Housing And Industries Limited","EQ","Dividend - Rs 9 Per Share","2","18-Sep-2025","18-Sep-2025","-","-"
"SJVN","SJVN Limited","EQ","Dividend - Re 0.31 Per Share","10","18-Sep-2025","18-Sep-2025","-","-"
"HINDCOMPOS","Hindustan Composites Limited","EQ","Dividend - Rs 2 Per Share","5","18-Sep-2025","18-Sep-2025","-","-"
"HINDCOPPER","Hindustan Copper Limited","EQ","Dividend - Rs 1.46 Per Share","5","18-Sep-2025","18-Sep-2025","-","-"
"HONDAPOWER","Honda India Power Products Limited","EQ","Dividend - Rs 21.50 Per Share","10","18-Sep-2025","18-Sep-2025","-","-"
"STARPAPER","Star Paper Mills Limited","EQ","Dividend - Rs 3.50 Per Share","10","18-Sep-2025","18-Sep-2025","-","-"
"STERTOOLS","Sterling Tools Limited","EQ","Dividend - Rs 2.50 Per Share","2","18-Sep-2025","18-Sep-2025","-","-"
"SHAKTIPUMP","Shakti Pumps (India) Limited","EQ","Dividend - Re 1 Per Share","10","18-Sep-2025","18-Sep-2025","-","-"
"VENUSPIPES","Venus Pipes & Tubes Limited","EQ","Dividend - Re 0.50 Per Share","10","18-Sep-2025","18-Sep-2025","-","-"
"WEIZMANIND","Weizmann Limited","EQ","Dividend - Re 0.50 Per Share","10","18-Sep-2025","18-Sep-2025","-","-"
"WEL","Wonder Electricals Limited","EQ","Dividend - Re 0.10 Per Share","1","18-Sep-2025","18-Sep-2025","-","-"
"WIPL","The Western India Plywoods Limited","EQ","Dividend - Rs 1.20 Per Share","10","18-Sep-2025","18-Sep-2025","-","-"
"APOLSINHOT","Apollo Sindoori Hotels Limited","EQ","Dividend - Rs 2 Per Share","5","18-Sep-2025","18-Sep-2025","-","-"
"833GS2032","GOVERNMENT OF INDIA","GS","Interest Payment","100","19-Sep-2025","20-Sep-2025","-","-"
"ALPHAGEO","Alphageo (India) Limited","EQ","Dividend - Rs 8 Per Share","10","19-Sep-2025","19-Sep-2025","-","-"
"AMBIKCO","Ambika Cotton Mills Limited","EQ","Dividend - Rs 37 Per Share","10","19-Sep-2025","20-Sep-2025","-","-"
"ANDHRSUGAR","The Andhra Sugars Limited","EQ","Dividend - Rs 0.80 Per Share","2","19-Sep-2025","19-Sep-2025","-","-"
"APEX","Apex Frozen Foods Limited","EQ","Dividend - Rs 2 Per Share","10","19-Sep-2025","19-Sep-2025","-","-"
"ARIES","Aries Agro Limited","EQ","Dividend - Rs 1.20 Per Share","10","19-Sep-2025","19-Sep-2025","-","-"
"ARIHANTCAP","Arihant Capital Markets Limited","EQ","Dividend - Rs 0.50 Per Share","1","19-Sep-2025","20-Sep-2025","-","-"
"ARIHANTSUP","Arihant Superstructures Limited","EQ","Dividend - Rs 1.50 Per Share","10","19-Sep-2025","19-Sep-2025","-","-"
"ASIANENE","Asian Energy Services Limited","EQ","Dividend - Re 1 Per Share","10","19-Sep-2025","19-Sep-2025","-","-"
"AUSOMENT","Ausom Enterprise Limited","EQ","Dividend - Re 1 Per Share","10","19-Sep-2025","19-Sep-2025","-","-"
"BAJAJHCARE","Bajaj Healthcare Limited","EQ","Dividend - Re 1 Per Share","5","19-Sep-2025","19-Sep-2025","-","-"
"PODDARMENT","Poddar Pigments Limited","EQ","Dividend - Rs 4 Per Share","10","19-Sep-2025","19-Sep-2025","-","-"
"NATIONALUM","National Aluminium Company Limited","EQ","Dividend - Rs 2.50 Per Share","5","19-Sep-2025","19-Sep-2025","-","-"
"LFIC","Lakshmi Finance & Industrial Corporation Limited","EQ","Dividend - Rs 3 Per Share","10","19-Sep-2025","19-Sep-2025","-","-"
"RAJOOENG","Rajoo Engineers Limited","EQ","Dividend - Re 0.15 Per Share","1","19-Sep-2025","19-Sep-2025","-","-"
"BALUFORGE","Balu Forge Industries Limited","EQ","Dividend - Re 0.15 Per Share","10","19-Sep-2025","19-Sep-2025","-","-"
"BCLIND","Bcl Industries Limited","EQ","Dividend - Re 0.26 Per Share","1","19-Sep-2025","19-Sep-2025","-","-"
"BDL","Bharat Dynamics Limited","EQ","Dividend - Re 0.65 Per Share","5","19-Sep-2025","19-Sep-2025","-","-"
"759GS2029","GOVERNMENT OF INDIA","GS","Interest Payment","100","19-Sep-2025","19-Sep-2025","-","-"
"828GS2027","GOVERNMENT OF INDIA","GS","Interest Payment","100","19-Sep-2025","20-Sep-2025","-","-"
"OLECTRA","Olectra Greentech Limited","EQ","Dividend - Re 0.40 Per Share","4","19-Sep-2025","20-Sep-2025","-","-"
"MARATHON","Marathon Nextgen Realty Limited","EQ","Dividend - Re 1 Per Share","5","19-Sep-2025","19-Sep-2025","-","-"
"MAZDOCK","Mazagon Dock Shipbuilders Limited","EQ","Dividend - Rs 2.71 Per Share","5","19-Sep-2025","19-Sep-2025","-","-"
"PARKHOTELS","Apeejay Surrendra Park Hotels Limited","EQ","Dividend - Re 0.50 Per Share","1","19-Sep-2025","19-Sep-2025","-","-"
"JAICORPLTD","Jai Corp Limited","EQ","Dividend - Rs 0.50 Per Share","1","19-Sep-2025","19-Sep-2025","-","-"
"MEDICAMEQ","Medicamen Biotech Limited","EQ","Dividend - Re 1 Per Share","10","19-Sep-2025","19-Sep-2025","-","-"
"MOIL","MOIL Limited","EQ","Dividend - Rs 1.61 Per Share","10","19-Sep-2025","19-Sep-2025","-","-"
"MONARCH","Monarch Networth Capital Limited","EQ","Dividend - Re 1 Per Share","10","19-Sep-2025","19-Sep-2025","-","-"
"PGEL","PG Electroplast Limited","EQ","Dividend - Rs 0.25 Per Share","1","19-Sep-2025","19-Sep-2025","-","-"
"KEYFINSERV","Keynote Financial Services Limited","EQ","Dividend - Re 1 Per Share","10","19-Sep-2025","19-Sep-2025","-","-"
"PIGL","Power & Instrumentation (Gujarat) Limited","EQ","Dividend - Re 0.20 Per Share","10","19-Sep-2025","19-Sep-2025","-","-"
"PITTIENG","Pitti Engineering Limited","EQ","Dividend - Rs 1.50 Per Share","5","19-Sep-2025","19-Sep-2025","-","-"
"FILATEX","Filatex India Limited","EQ","Dividend - Rs 0.25 Per Share","1","19-Sep-2025","19-Sep-2025","-","-"
"NEOGEN","Neogen Chemicals Limited","EQ","Dividend - Re 1 Per Share","10","19-Sep-2025","19-Sep-2025","-","-"
"RELCHEMQ","Reliance Chemotex Industries Limited","EQ","Dividend - Re 0.50 Per Share","10","19-Sep-2025","19-Sep-2025","-","-"
"LTFOODS","LT Foods Limited","EQ","Dividend - Re 1 Per Sh","1","19-Sep-2025","19-Sep-2025","-","-"
"NIPPOBATRY","Indo-National Limited","EQ","Dividend - Rs 5 Per Share","5","19-Sep-2025","19-Sep-2025","-","-"
"NLCINDIA","NLC India Limited","EQ","Dividend - Rs 1.50 Per Share","10","19-Sep-2025","19-Sep-2025","-","-"
"MAITHANALL","Maithan Alloys Limited","EQ","Dividend - Rs 6 Per Share","10","19-Sep-2025","19-Sep-2025","-","-"
"DBEIL","Deepak Builders & Engineers India Limited","EQ","Dividend - Re 1 Per Share","10","19-Sep-2025","20-Sep-2025","-","-"
"GOLDIAM","Goldiam International Limited","EQ","Dividend - Re 1 Per Share","2","19-Sep-2025","19-Sep-2025","-","-"
"DONEAR","Donear Industries Limited","EQ","Dividend - Rs 0.20 Per Share","2","19-Sep-2025","20-Sep-2025","-","-"
"GTPL","GTPL Hathway Limited","EQ","Dividend - Rs 2 Per Share","10","19-Sep-2025","19-Sep-2025","-","-"
"GUJALKALI","Gujarat Alkalies and Chemicals Limited","EQ","Dividend - Rs 15.80 Per Sh","10","19-Sep-2025","19-Sep-2025","-","-"
"GULFOILLUB","Gulf Oil Lubricants India Limited","EQ","Dividend - Rs 28 Per Share","2","19-Sep-2025","19-Sep-2025","-","-"
"CIFL","Capital India Finance Limited","EQ","Dividend - Re 0.02 Per Share","2","19-Sep-2025","19-Sep-2025","-","-"
"COASTCORP","Coastal Corporation Limited","EQ","Dividend - Rs 0.22 Per Share","2","19-Sep-2025","19-Sep-2025","-","-"
"EMSLIMITED","EMS Limited","EQ","Dividend - Rs 1.50 Per Share","10","19-Sep-2025","19-Sep-2025","-","-"
"COMPUSOFT","Compucom Software Limited","EQ","Dividend - Rs 0.20 Per Share","2","19-Sep-2025","20-Sep-2025","-","-"
"ESTER","Ester Industries Limited","EQ","Dividend - Rs 0.60 Per Share","5","19-Sep-2025","19-Sep-2025","-","-"
"FACT","Fertilizers and Chemicals Travancore Limited","EQ","Dividend - Re 0.39 Per Share","10","19-Sep-2025","19-Sep-2025","-","-"
"SIGNPOST","Signpost India Limited","EQ","Dividend - Re 0.50 Per Share","2","19-Sep-2025","19-Sep-2025","-","-"
"SANSERA","Sansera Engineering Limited","EQ","Dividend - Rs 3.25 Per Share","2","19-Sep-2025","19-Sep-2025","-","-"
"HIMATSEIDE","Himatsingka Seide Limited","EQ","Dividend - Rs 0.25 Per Share","5","19-Sep-2025","19-Sep-2025","-","-"
"GANECOS","Ganesha Ecosphere Limited","EQ","Dividend - Rs 3 Per Share","10","19-Sep-2025","20-Sep-2025","-","-"
"HITECH","Hi-Tech Pipes Limited","EQ","Dividend - Re 0.025 Per Share","1","19-Sep-2025","20-Sep-2025","-","-"
"HITECHGEAR","The Hi-Tech Gears Limited","EQ","Dividend - Rs 5 Per Share","10","19-Sep-2025","19-Sep-2025","-","-"
"HLEGLAS","HLE Glascoat Limited","EQ","Dividend - Rs 1.10 Per Share","2","19-Sep-2025","19-Sep-2025","-","-"
"GEEKAYWIRE","Geekay Wires Limited","EQ","Dividend - Rs 0.65 Per Share","1","19-Sep-2025","19-Sep-2025","-","-"
"GENUSPOWER","Genus Power Infrastructures Limited","EQ","Dividend - Rs 2.45 Per Share","1","19-Sep-2025","19-Sep-2025","-","-"
"ICEMAKE","Ice Make Refrigeration Limited","EQ","Dividend - Rs 2.25 Per Share","10","19-Sep-2025","20-Sep-2025","-","-"
"BLUEJET","Blue Jet Healthcare Limited","EQ","Dividend - Rs 1.20 Per Share","2","19-Sep-2025","19-Sep-2025","-","-"
"SRD","Shankar Lal Rampal Dye-Chem Limited","EQ","Dividend - Rs 0.05 Per Share","10","19-Sep-2025","20-Sep-2025","-","-"
"SRHHYPOLTD","Sree Rayalaseema Hi-Strength Hypo Limited","EQ","Dividend - Rs 3 Per Share","10","19-Sep-2025","19-Sep-2025","-","-"
"SHAILY","Shaily Engineering Plastics Limited","EQ","Dividend - Rs 2 Per Share","2","19-Sep-2025","19-Sep-2025","-","-"
"STOVEKRAFT","Stove Kraft Limited","EQ","Dividend - Rs 3 Per Share","10","19-Sep-2025","19-Sep-2025","-","-"
"SHIVALIK","Shivalik Rasayan Limited","EQ","Dividend - Re 0.50 Per Share","5","19-Sep-2025","20-Sep-2025","-","-"
"SYRMA","Syrma SGS Technology Limited","EQ","Dividend - Rs 1.50 Per Share","10","19-Sep-2025","19-Sep-2025","-","-"
"SHREEPUSHK","Shree Pushkar Chemicals & Fertilisers Limited","EQ","Dividend - Rs 2 Per Share","10","19-Sep-2025","19-Sep-2025","-","-"
"TERASOFT","Tera Software Limited","EQ","Dividend - Re 1 Per Share","10","19-Sep-2025","19-Sep-2025","-","-"
"TFCILTD","Tourism Finance Corporation of India Limited","EQ","Face Value Split (Sub-Division) - From Rs 10/- Per Share To Rs 2/- Per Share","2","19-Sep-2025","19-Sep-2025","-","-"
"VINATIORGA","Vinati Organics Limited","EQ","Dividend - Rs 7.50 Per Share","1","19-Sep-2025","19-Sep-2025","-","-"
"ADANIPOWER","Adani Power Limited","EQ","Face Value Split (Sub-Division) - From Rs 10/- Per Share To Rs 2/- Per Share","2","22-Sep-2025","22-Sep-2025","-","-"
"VETO","Veto Switchgears And Cables Limited","EQ","Dividend - Re 1 Per Share","10","22-Sep-2025","22-Sep-2025","-","-"
"AHLUCONT","Ahluwalia Contracts (India) Limited","EQ","Dividend - Re 0.60 Per Share","2","22-Sep-2025","22-Sep-2025","-","-"
"AURIONPRO","Aurionpro Solutions Limited","EQ","Dividend - Rs 3 Per Share","10","22-Sep-2025","22-Sep-2025","-","-"
"BAJAJHLDNG","Bajaj Holdings & Investment Limited","EQ","Interim Dividend - Rs 65 Per Share","10","22-Sep-2025","22-Sep-2025","-","-"
"PNCINFRA","PNC Infratech Limited","EQ","Dividend - Re 0.60 Per Share","2","22-Sep-2025","22-Sep-2025","-","-"
"NAVNETEDUL","Navneet Education Limited","EQ","Dividend - Rs 1.50 Per Share","2","22-Sep-2025","22-Sep-2025","-","-"
"BEARDSELL","Beardsell Limited","EQ","Dividend - Re 0.10 Per Share","2","22-Sep-2025","22-Sep-2025","-","-"
"BEML","BEML Limited","EQ","Dividend - Rs 1.20 Per Share","5","22-Sep-2025","22-Sep-2025","-","-"
"ABINFRA","A B Infrabuild Limited","EQ","Dividend - Re 0.05 Per Share","1","22-Sep-2025","22-Sep-2025","-","-"
"OMINFRAL","OM INFRA LIMITED","EQ","Dividend - Rs 0.40 Per Share","1","22-Sep-2025","22-Sep-2025","-","-"
"PAISALO","Paisalo Digital Limited","EQ","Dividend - Re 0.10 Per Share","1","22-Sep-2025","22-Sep-2025","-","-"
"PARAGMILK","Parag Milk Foods Limited","EQ","Dividend - Re 1 Per Share","10","22-Sep-2025","22-Sep-2025","-","-"
"JSLL","Jeena Sikho Lifecare Limited","EQ","Dividend - Re 1.10 Per Share","2","22-Sep-2025","22-Sep-2025","-","-"
"MONTECARLO","Monte Carlo Fashions Limited","EQ","Dividend - Rs 20 Per Share","10","22-Sep-2025","22-Sep-2025","-","-"
"FISCHER","Fischer Medical Ventures Limited","EQ","Dividend - Rs 0.005 Per Share","1","22-Sep-2025","22-Sep-2025","-","-"
"FLUOROCHEM","Gujarat Fluorochemicals Limited","EQ","Dividend - Rs 3 Per Share","1","22-Sep-2025","22-Sep-2025","-","-"
"NFL","National Fertilizers Limited","EQ","Dividend - Rs 1.56 Per Share","10","22-Sep-2025","22-Sep-2025","-","-"
"RUCHIRA","Ruchira Papers Limited","EQ","Dividend - Rs 5 Per Share","10","22-Sep-2025","22-Sep-2025","-","-"
"SADHNANIQ","Sadhana Nitrochem Limited","EQ","Dividend - Re 0.10 Per Share","1","22-Sep-2025","22-Sep-2025","-","-"
"MAHSCOOTER","Maharashtra Scooters Limited","EQ","Interim Dividend - Rs 160 Per Share","10","22-Sep-2025","22-Sep-2025","-","-"
"DCW","DCW Limited","EQ","Dividend - Rs 0.10 Per Share","2","22-Sep-2025","22-Sep-2025","-","-"
"GUFICBIO","Gufic Biosciences Limited","EQ","Dividend - Re 0.10 Per Share","1","22-Sep-2025","22-Sep-2025","-","-"
"COMSYN","Commercial Syn Bags Limited","EQ","Dividend - Re 0.40 Per Share","10","22-Sep-2025","22-Sep-2025","-","-"
"CORDSCABLE","Cords Cable Industries Limited","EQ","Dividend - Re 1 Per Share","10","22-Sep-2025","22-Sep-2025","-","-"
"VINCOFE","Vintage Coffee And Beverages Limited","EQ","Dividend - Re 0.10 Per Share","10","22-Sep-2025","22-Sep-2025","-","-"
"SMSPHARMA","SMS Pharmaceuticals Limited","EQ","Dividend - Re 0.40 Per Share","1","22-Sep-2025","22-Sep-2025","-","-"
"SANDUMA","Sandur Manganese & Iron Ores Limited","EQ","Bonus 2:1","10","22-Sep-2025","22-Sep-2025","-","-"
"HPL","HPL Electric & Power Limited","EQ","Dividend - Re 1 Per Share","10","22-Sep-2025","22-Sep-2025","-","-"
"CYBERTECH","Cybertech Systems And Software Limited","EQ","Dividend - Rs 4 Per Share","10","22-Sep-2025","22-Sep-2025","-","-"
"SUDARSCHEM","Sudarshan Chemical Industries Limited","EQ","Dividend - Rs 4.50 Per Share","2","22-Sep-2025","22-Sep-2025","-","-"
"SWANCORP","SWAN CORP LIMITED","EQ","Dividend - Re 0.10 Per Share","1","22-Sep-2025","22-Sep-2025","-","-"
"ZOTA","Zota Health Care LImited","EQ","Dividend - Re 1 Per Share","10","22-Sep-2025","22-Sep-2025","-","-"
"AHLADA","Ahlada Engineers Limited","EQ","Dividend - Rs 1.60 Per Share","10","22-Sep-2025","22-Sep-2025","-","-"
"AGROPHOS","Agro Phos India Limited","EQ","Dividend - Re 1 Per Share","10","23-Sep-2025","23-Sep-2025","-","-"
"SIGIND","Signet Industries Limited","EQ","Dividend - Re 0.50 Per Share","10","23-Sep-2025","23-Sep-2025","-","-"
"PREMEXPLN","Premier Explosives Limited","EQ","Dividend - Re 0.50 Per Share","2","23-Sep-2025","23-Sep-2025","-","-"
"NAVKARURB","Navkar Urbanstructure Limited","EQ","Dividend - Re 0.005 Per Share","1","23-Sep-2025","23-Sep-2025","-","-"
"BESTAGRO","Best Agrolife Limited","EQ","Dividend - Rs 3 Per Share","1","23-Sep-2025","23-Sep-2025","-","-"
"AARTECH","Aartech Solonics Limited","EQ","Dividend - Re 0.125 Per Share","5","23-Sep-2025","23-Sep-2025","-","-"
"PASHUPATI","Pashupati Cotspin Limited","EQ","Dividend - Re 0.50 Per Share","10","23-Sep-2025","23-Sep-2025","-","-"
"JINDALPOLY","Jindal Poly Films Limited","EQ","Dividend - Rs 5.90 Per Share","10","23-Sep-2025","23-Sep-2025","-","-"
"MOLDTECH","Mold-Tek Technologies Limited","EQ","Dividend - Re 1 Per Share","2","23-Sep-2025","23-Sep-2025","-","-"
"MOLDTKPAC","Mold-Tek Packaging Limited","EQ","Dividend - Rs 2 Per Share","5","23-Sep-2025","23-Sep-2025","-","-"
"PIDILITIND","Pidilite Industries Limited","EQ","Bonus 1:1","1","23-Sep-2025","23-Sep-2025","-","-"
"INDIAGLYCO","India Glycols Limited","EQ","Dividend - Rs 5 Per Share","5","23-Sep-2025","23-Sep-2025","-","-"
"NIBE","NIBE Limited","EQ","Dividend - Rs 1.25 Per Share","10","23-Sep-2025","23-Sep-2025","-","-"
"RPPINFRA","R.P.P. Infra Projects Limited","EQ","Dividend - Re 0.50 Per Share","10","23-Sep-2025","23-Sep-2025","-","-"
"INTENTECH","Intense Technologies Limited","EQ","Dividend - Re 1 Per Share","2","23-Sep-2025","23-Sep-2025","-","-"
"DEVIT","Dev Information Technology Limited","EQ","Dividend - Re 0.10 Per Share","2","23-Sep-2025","23-Sep-2025","-","-"
"GUJAPOLLO","Gujarat Apollo Industries Limited","EQ","Dividend - Rs 2 Per Share","10","23-Sep-2025","23-Sep-2025","-","-"
"CNL","Creative Newtech Limited","EQ","Dividend - Re 0.50 Per Share","10","23-Sep-2025","23-Sep-2025","-","-"
"HARIOMPIPE","Hariom Pipe Industries Limited","EQ","Dividend - Re 0.61 Per Share","10","23-Sep-2025","23-Sep-2025","-","-"
"CONFIPET","Confidence Petroleum India Limited","EQ","Dividend - Rs 0.10 Per Share","1","23-Sep-2025","23-Sep-2025","-","-"
"SATIA","Satia Industries Limited","EQ","Dividend - Re 0.20 Per Share","1","23-Sep-2025","23-Sep-2025","-","-"
"CREST","Crest Ventures Limited","EQ","Dividend - Re 1 Per Share","10","23-Sep-2025","23-Sep-2025","-","-"
"HPAL","HP Adhesives Limited","EQ","Dividend - Re 0.40 Per Share","2","23-Sep-2025","23-Sep-2025","-","-"
"SSWL","Steel Strips Wheels Limited","EQ","Dividend - Re 1.25 Per Share","1","23-Sep-2025","23-Sep-2025","-","-"
"SERVOTECH","Servotech Renewable Power System Limited","EQ","Dividend - Re 0.05 Per Share","1","23-Sep-2025","23-Sep-2025","-","-"
"SUNTECK","Sunteck Realty Limited","EQ","Dividend - Rs 1.50 Per Share","1","23-Sep-2025","23-Sep-2025","-","-"
"TI","Tilaknagar Industries Limited","EQ","Dividend - Re 1 Per Share","10","23-Sep-2025","23-Sep-2025","-","-"
"TIMETECHNO","Time Technoplast Limited","EQ","Bonus 1:1","1","23-Sep-2025","23-Sep-2025","-","-"
"AVG","AVG Logistics Limited","EQ","Dividend - Rs 1.20 Per Share","10","23-Sep-2025","23-Sep-2025","-","-"
"601GS2028","GOVERNMENT OF INDIA","GS","Interest Payment","100","24-Sep-2025","24-Sep-2025","-","-"
"SHANKARA","Shankara Building Products Limited","EQ","Demerger","10","24-Sep-2025","24-Sep-2025","-","-"
"HALEOSLABS","HALEOS LABS LIMITED","EQ","Dividend - Rs 1.50 Per Share","10","24-Sep-2025","24-Sep-2025","-","-"
"3IINFOLTD","3i Infotech Limited","EQ","Rights 2:9 @ Premium Rs 7/-","10","26-Sep-2025","26-Sep-2025","-","-"
"RMDRIP","R M Drip and Sprinklers Systems Limited","EQ","Face Value Split (Sub-Division) - From Rs 10/- Per Share To Re 1/- Per Share","1","26-Sep-2025","26-Sep-2025","-","-"
"NAZARA","Nazara Technologies Limited","EQ","Bonus 1:1","2","26-Sep-2025","26-Sep-2025","-","-"
"NAZARA","Nazara Technologies Limited","EQ","Face Value Split (Sub-Division) - From Rs 4/- Per Share To Rs 2/- Per Share","2","26-Sep-2025","26-Sep-2025","-","-"
"92GS2030","GOVERNMENT OF INDIA","GS","Interest Payment","100","29-Sep-2025","29-Sep-2025","-","-"
"FCL","Fineotex Chemical Limited","EQ","Interim Dividend - Re 0.80 Per Share","1","03-Oct-2025","03-Oct-2025","-","-"
"SUMEETINDS","Sumeet Industries Limited","EQ","Face Value Split (Sub-Division) - From Rs 10/- Per Share To Rs 2/- Per Share","2","03-Oct-2025","03-Oct-2025","-","-"
"SHILPAMED","Shilpa Medicare Limited","EQ","Bonus 1:1","1","03-Oct-2025","03-Oct-2025","-","-"
"GLENMARK","Glenmark Pharmaceuticals Limited","EQ","Interim Dividend - Rs 2.50 Per Share","1","03-Oct-2025","03-Oct-2025","-","-"
"SIGMA","Sigma Solve Limited","EQ","Face Value Split (Sub-Division) - From Rs 10/- Per Share To Re 1/- Per Share","1","06-Oct-2025","06-Oct-2025","-","-"
"CYBERTECH","Cybertech Systems And Software Limited","EQ","Special Dividend - Rs 20 Per Share","10","06-Oct-2025","06-Oct-2025","-","-"
"706GS2046","GOVERNMENT OF INDIA","GS","Interest Payment","100","09-Oct-2025","09-Oct-2025","-","-"
"AGIIL","Agi Infra Limited","EQ","Face Value Split (Sub-Division) - From Rs 5/- Per Share To Re 1/- Per Share","1","10-Oct-2025","10-Oct-2025","-","-"
"LGHL","Laxmi Goldorna House Limited","EQ","Bonus 7:5","10","10-Oct-2025","10-Oct-2025","-","-"
"CAPTRUST","Capital Trust Limited","EQ","Rights 1:1 @ Premium Rs 4/-","10","10-Oct-2025","10-Oct-2025","-","-"
"HEXT","Hexaware Technologies Limited","EQ","Interim Dividend - Rs 5.75 Per Share","1","10-Oct-2025","10-Oct-2025","-","-"
"UEL","Ujaas Energy Limited","EQ","Bonus 2:1","1","10-Oct-2025","10-Oct-2025","-","-"
"RCF","Rashtriya Chemicals and Fertilizers Limited","EQ","Dividend - Rs 1.32 Per Share","10","10-Oct-2025","10-Oct-2025","-","-"
"UNIVASTU","Univastu India Limited","EQ","Bonus 2:1","10","13-Oct-2025","13-Oct-2025","-","-"
"690GS2065","Government of India","GS","Interest Payment","100","14-Oct-2025","14-Oct-2025","-","-"
"633GS2035","Government of India","GS","Interest Payment","100","14-Oct-2025","14-Oct-2025","-","-"
"TATAINVEST","Tata Investment Corporation Limited","EQ","Face Value Split (Sub-Division) - From Rs 10/- Per Share To Re 1/- Per Share","1","14-Oct-2025","14-Oct-2025","-","-"
"GOKULAGRO","Gokul Agro Resources Limited","EQ","Face Value Split (Sub-Division) - From Rs 2/- Per Share To Re 1/- Per Share","1","14-Oct-2025","14-Oct-2025","-","-"
"DELPHIFX","DELPHI WORLD MONEY LIMITED","EQ","Rights 23:49 @ Premium Rs 181/-","2","14-Oct-2025","14-Oct-2025","-","-"
"UTKARSHBNK","Utkarsh Small Finance Bank Limited","EQ","Rights 8:13 @ Premium Rs 4/-","10","14-Oct-2025","14-Oct-2025","-","-"
"TMPV","Tata Motors Passenger Vehicles Limited","EQ","Demerger","2","14-Oct-2025","14-Oct-2025","-","-"
"TCS","Tata Consultancy Services Limited","EQ","Interim Dividend - Rs 11 Per Share","1","15-Oct-2025","15-Oct-2025","-","-"
"SKFINDIA","SKF India Limited","EQ","Demerger","10","15-Oct-2025","15-Oct-2025","-","-"
"ELECON","Elecon Engineering Company Limited","EQ","Interim Dividend - Re 0.50 Per Share","1","16-Oct-2025","16-Oct-2025","-","-"
"ANANDRATHI","Anand Rathi Wealth Limited","EQ","Interim Dividend - Rs 6 Per Share","5","17-Oct-2025","17-Oct-2025","-","-"
"ABINFRA","A B Infrabuild Limited","EQ","Face Value Split (Sub-Division) - From Rs 10/- Per Share To Re 1/- Per Share","1","17-Oct-2025","17-Oct-2025","-","-"
"ROLEXRINGS","Rolex Rings Limited","EQ","Face Value Split (Sub-Division) - From Rs 10/- Per Share To Re 1/- Per Share","1","17-Oct-2025","17-Oct-2025","-","-"
"HCLTECH","HCL Technologies Limited","EQ","Interim Dividend - Rs 12 Per Share","2","17-Oct-2025","17-Oct-2025","-","-"
"RAMAPHO","Rama Phosphates Limited","EQ","Interim Dividend - Re 0.50 Per Share","5","20-Oct-2025","21-Oct-2025","-","-"
"TIPSMUSIC","Tips Music Limited","EQ","Interim Dividend - Rs 4 Per Share","1","20-Oct-2025","21-Oct-2025","-","-"
"OBEROIRLTY","Oberoi Realty Limited","EQ","Interim Dividend - Rs 2 Per Share","10","20-Oct-2025","21-Oct-2025","-","-"
"TECHM","Tech Mahindra Limited","EQ","Interim Dividend - Rs 15 Per Share","5","20-Oct-2025","21-Oct-2025","-","-"
"KSOLVES","Ksolves India Limited","EQ","Interim Dividend - Rs 5 Per Share","5","23-Oct-2025","23-Oct-2025","-","-"
"ICICIGI","ICICI Lombard General Insurance Company Limited","EQ","Interim Dividend - Rs 6.50 Per Share","10","23-Oct-2025","23-Oct-2025","-","-"
"UNIPARTS","Uniparts India Limited","EQ","Special Dividend - Rs 22.50 Per Share","10","23-Oct-2025","23-Oct-2025","-","-"
"HDBFS","HDB Financial Services Limited","EQ","Interim Dividend - Rs 2 Per Share","10","24-Oct-2025","24-Oct-2025","-","-"
"ACCELYA","Accelya Solutions India Limited","EQ","Dividend - Rs 40 Per Share","10","24-Oct-2025","24-Oct-2025","-","-"
"DALBHARAT","Dalmia Bharat Limited","EQ","Interim Dividend - Rs 4 Per Share","2","24-Oct-2025","25-Oct-2025","-","-"
"CYIENT","Cyient Limited","EQ","Interim Dividend - Rs 16 Per Share","5","24-Oct-2025","24-Oct-2025","-","-"
"772GS2055","GOVERNMENT OF INDIA","GS","Interest Payment","100","24-Oct-2025","24-Oct-2025","-","-"
"THYROCARE","Thyrocare Technologies Limited","EQ","Interim Dividend - Rs 7 Per Share","10","24-Oct-2025","24-Oct-2025","-","-"
"KAJARIACER","Kajaria Ceramics Limited","EQ","Interim Dividend - Rs 8 Per Share","1","24-Oct-2025","24-Oct-2025","-","-"
"IRFC","Indian Railway Finance Corporation Limited","EQ","Interim Dividend - Rs 1.05 Per Share","10","24-Oct-2025","24-Oct-2025","-","-"
"LTM","LTIMindtree Limited","EQ","Interim Dividend - Rs 22 Per Share","1","24-Oct-2025","24-Oct-2025","-","-"
"WAAREEENER","Waaree Energies Limited","EQ","Interim Dividend - Rs 2 Per Share","10","24-Oct-2025","24-Oct-2025","-","-"
"360ONE","360 ONE WAM LIMITED","EQ","Interim Dividend - Rs 6 Per Share","1","27-Oct-2025","27-Oct-2025","-","-"
"CESC","CESC Limited","EQ","Interim Dividend - Rs 6 Per Share","1","27-Oct-2025","27-Oct-2025","-","-"
"CRISIL","CRISIL Limited","EQ","Interim Dividend - Rs 16 Per Share","1","27-Oct-2025","27-Oct-2025","-","-"
"RECLTD","REC Limited","EQ","Interim Dividend - Rs 4.60 Per Share","10","27-Oct-2025","27-Oct-2025","-","-"
"CENTRALBK","Central Bank of India","EQ","Interim Dividend - Re 0.20 Per Share","10","27-Oct-2025","27-Oct-2025","-","-"
"TANLA","Tanla Platforms Limited","EQ","Interim Dividend - Rs 6 Per Share","1","27-Oct-2025","27-Oct-2025","-","-"
"PCBL","PCBL Chemical Limited","EQ","Interim Dividend - Rs 6 Per Share","1","27-Oct-2025","27-Oct-2025","-","-"
"INFY","Infosys Limited","EQ","Interim Dividend - Rs 23 Per Share","5","27-Oct-2025","27-Oct-2025","-","-"
"LTTS","L&T Technology Services Limited","EQ","Interim Dividend - Rs 18 Per Share","2","27-Oct-2025","27-Oct-2025","-","-"
"GEEKAYWIRE","Geekay Wires Limited","EQ","Face Value Split (Sub-Division) - From Rs 2/- Per Share To Re 1/- Per Share","1","30-Oct-2025","30-Oct-2025","-","-"
"FCL","Fineotex Chemical Limited","EQ","Bonus 4:1","1","31-Oct-2025","31-Oct-2025","-","-"
"FCL","Fineotex Chemical Limited","EQ","Face Value Split (Sub-Division) - From Rs 2/- Per Share To Re 1/- Per Share","1","31-Oct-2025","31-Oct-2025","-","-"
"NRBBEARING","NRB Bearing Limited","EQ","Interim Dividend - Rs 2.50 Per Share","2","31-Oct-2025","31-Oct-2025","-","-"
"SPLPETRO","Supreme Petrochem Limited","EQ","Interim Dividend - Rs 2.50 Per Share","2","31-Oct-2025","31-Oct-2025","-","-"
"PDSL","PDS Limited","EQ","Interim Dividend - Rs 1.65 Per Share","2","31-Oct-2025","31-Oct-2025","-","-"
"DALMIASUG","Dalmia Bharat Sugar and Industries Limited","EQ","Demerger","2","31-Oct-2025","31-Oct-2025","-","-"
"COFORGE","Coforge Limited","EQ","Interim Dividend - Rs 4 Per Share","2","31-Oct-2025","31-Oct-2025","-","-"
"LAURUSLABS","Laurus Labs Limited","EQ","Interim Dividend - Re 0.80 Per Sh","2","31-Oct-2025","31-Oct-2025","-","-"
"BEML","BEML Limited","EQ","Face Value Split (Sub-Division) - From Rs 10/- Per Share To Rs 5/- Per Share","5","03-Nov-2025","03-Nov-2025","-","-"
"COLPAL","Colgate Palmolive (India) Limited","EQ","Interim Dividend - Rs 24 Per Share","1","03-Nov-2025","03-Nov-2025","-","-"
"DCMSHRIRAM","DCM Shriram Limited","EQ","Interim Dividend - Rs 3.60 Per Share","2","03-Nov-2025","03-Nov-2025","-","-"
"SUPREMEIND","Supreme Industries Limited","EQ","Interim Dividend - Rs 11 Per Share","2","03-Nov-2025","03-Nov-2025","-","-"
"SHREECEM","SHREE CEMENT LIMITED","EQ","Interim Dividend - Rs 80 Per Share","10","03-Nov-2025","03-Nov-2025","-","-"
"OFSS","Oracle Financial Services Software Limited","EQ","Interim Dividend - Rs 130 Per Share","5","03-Nov-2025","03-Nov-2025","-","-"
"RAILTEL","Railtel Corporation Of India Limited","EQ","Interim Dividend - Re 1 Per Share","10","04-Nov-2025","04-Nov-2025","-","-"
"BEPL","Bhansali Engineering Polymers Limited","EQ","Interim Dividend - Re 1 Per Share","1","04-Nov-2025","05-Nov-2025","-","-"
"MAZDOCK","Mazagon Dock Shipbuilders Limited","EQ","Interim Dividend - Rs 6 Per Share","5","04-Nov-2025","04-Nov-2025","-","-"
"SEITINVIT","Sustainable Energy Infra Trust","IV","Distribution - Rs 2.81909 Per Unit Consisting Of Interest - Rs 2.81805 Per Unit / Other Income - Rs 0.00104 Per Unit","100","04-Nov-2025","05-Nov-2025","-","-"
"COALINDIA","Coal India Limited","EQ","Interim Dividend - Rs 10.25 Per Share","10","04-Nov-2025","04-Nov-2025","-","-"
"SHREMINVIT","Shrem Invit","IV","Distribution - Rs 3.7248 Per Unit Consisting Of Dividend Rs 2.4095 Per Unit /Interest Rs 0.7542 Per Unit / Return Of Capital Rs 0.5611 Per Unit","100","04-Nov-2025","05-Nov-2025","-","-"
"CUBEINVIT","Cube Highways Trust","IV","Distribution - Rs 3.60 Per Unit Consisting Of Interest Rs 2.72 Per Unit/ Treasury Income Re 0.02 Per Unit/Dividend Re 0.54 Per Unit/ Return Of Capital Re 0.32 Per Unit","100","04-Nov-2025","04-Nov-2025","-","-"
"HAPPSTMNDS","Happiest Minds Technologies Limited","EQ","Interim Dividend - Rs 2.75 Per Share","2","04-Nov-2025","04-Nov-2025","-","-"
"SUNDRMFAST","Sundram Fasteners Limited","EQ","Interim Dividend - Rs 3.75 Per Share","1","04-Nov-2025","04-Nov-2025","-","-"
"NAM-INDIA","Nippon Life India Asset Management Limited","EQ","Interim Dividend - Rs 9 Per Share","10","06-Nov-2025","06-Nov-2025","-","-"
"VAIBHAVGBL","Vaibhav Global Limited","EQ","Interim Dividend - Rs 1.50 Per Share","2","06-Nov-2025","06-Nov-2025","-","-"
"HINDPETRO","Hindustan Petroleum Corporation Limited","EQ","Interim Dividend - Rs 5 Per Share","10","06-Nov-2025","06-Nov-2025","-","-"
"TDPOWERSYS","TD Power Systems Limited","EQ","Interim Dividend - Re 1 Per Share","2","06-Nov-2025","06-Nov-2025","-","-"
"SHAREINDIA","Share India Securities Limited","EQ","Interim Dividend - Re 0.40  Per Sh","2","06-Nov-2025","06-Nov-2025","-","-"
"NAVINFLUOR","Navin Fluorine International Limited","EQ","Interim Dividend - Rs 6.50 Per Share","2","07-Nov-2025","07-Nov-2025","-","-"
"EMBASSY","Embassy Office Parks REIT","RR","Distribution - Rs 6.51 Per Unit Comprises Of Re 0.66 Per Unit As Interest/ Rs 1.97 Per Unit As Dividend & Rs 3.88 Per Unit As Repayment Of Spv Level Debt","300","07-Nov-2025","08-Nov-2025","-","-"
"BALKRISIND","Balkrishna Industries Limited","EQ","Interim Dividend - Rs 4 Per Share","2","07-Nov-2025","07-Nov-2025","-","-"
"761GS2030","GOVERNMENT OF INDIA","GS","Interest Payment","100","07-Nov-2025","07-Nov-2025","-","-"
"824GS2033","GOVERNMENT OF INDIA","GS","Interest Payment","100","07-Nov-2025","07-Nov-2025","-","-"
"APTUS","Aptus Value Housing Finance India Limited","EQ","Interim Dividend - Rs 2 Per Share","2","07-Nov-2025","07-Nov-2025","-","-"
"RRKABEL","R R Kabel Limited","EQ","Interim Dividend - Rs 4 Per Share","5","07-Nov-2025","07-Nov-2025","-","-"
"NTPC","NTPC Limited","EQ","Interim Dividend - Rs 2.75 Per Share","10","07-Nov-2025","07-Nov-2025","-","-"
"OCCLLTD","OCCL Limited","EQ","Interim Dividend - Re 1 Per Share","2","07-Nov-2025","07-Nov-2025","-","-"
"MANAPPURAM","Manappuram Finance Limited","EQ","Interim Dividend - Re 0.50 Per Share","2","07-Nov-2025","07-Nov-2025","-","-"
"MINDSPACE","Mindspace Business Parks REIT","RR","Distribution - Rs 5.83 Per Unit Consisting Of Dividend - Rs 3.02 Per Unit/ Interest - Re 0.03 Per Unit/ Repayment Of Spv Debt - Rs 2.77 Per Unit /Other Income - Re 0.01 Per Unit","275","07-Nov-2025","08-Nov-2025","-","-"
"SHRIRAMFIN","Shriram Finance Limited","EQ","Interim Dividend - Rs 4.80 Per Share","2","07-Nov-2025","07-Nov-2025","-","-"
"SANOFI","Sanofi India Limited","EQ","Interim Dividend - Rs 75 Per Share","10","07-Nov-2025","07-Nov-2025","-","-"
"HINDUNILVR","Hindustan Unilever Limited","EQ","Interim Dividend - Rs 19 Per Share","1","07-Nov-2025","07-Nov-2025","-","-"
"BIRET","Brookfield India Real Estate Trust","RR","Distribution - Rs 5.25 Per Unit Consisting Of Interest - Rs 1.85 Per Unit/ Repayment Of Shareholder Loan - Rs 2.53 Per Unit/ Dividend - Re 0.83 Per Unit/ Interest On Fixed Deposit - Re 0.04 Per Unit","275","07-Nov-2025","08-Nov-2025","-","-"
"BPCL","Bharat Petroleum Corporation Limited","EQ","Interim Dividend - Rs 7.50 Per Share","10","07-Nov-2025","07-Nov-2025","-","-"
"DABUR","Dabur India Limited","EQ","Interim Dividend - Rs 2.75 Per Share","1","07-Nov-2025","07-Nov-2025","-","-"
"CAMS","Computer Age Management Services Limited","EQ","Interim Dividend - Rs 14 Per Share","2","07-Nov-2025","07-Nov-2025","-","-"
"GODREJCP","Godrej Consumer Products Limited","EQ","Interim Dividend - Rs 5 Per Share","1","07-Nov-2025","07-Nov-2025","-","-"
"LALPATHLAB","Dr. Lal Path Labs Ltd.","EQ","Interim Dividend - Rs 7 Per Share","10","07-Nov-2025","07-Nov-2025","-","-"
"AJANTPHARM","Ajanta Pharma Limited","EQ","Interim Dividend - Rs 28 Per Share","2","10-Nov-2025","10-Nov-2025","-","-"
"AURIONPRO","Aurionpro Solutions Limited","EQ","Interim Dividend - Re 1 Per Share","10","10-Nov-2025","10-Nov-2025","-","-"
"ROUTE","ROUTE MOBILE LIMITED","EQ","Interim Dividend - Rs 3 Per Share","10","10-Nov-2025","10-Nov-2025","-","-"
"GODFRYPHLP","Godfrey Phillips India Limited","EQ","Interim Dividend - Rs 17 Per Share","2","10-Nov-2025","10-Nov-2025","-","-"
"PGINVIT","POWERGRID Infrastructure Investment Trust","IV","Distribution - Rs 3 Per Unit Consists Of Interest- Rs 1.77 Per Unit/Dividend - Re 0.66 Per Unit/Repayment Of Spv Debt- Re 0.56 Per Unit/Treasury Income Re 0.01 Per Unit","100","10-Nov-2025","10-Nov-2025","-","-"
"POWERGRID","Power Grid Corporation of India Limited","EQ","Interim Dividend - Rs 4.50 Per Share","10","10-Nov-2025","10-Nov-2025","-","-"
"NXST","Nexus Select Trust","RR","Distribution - Rs 2.198 Per Unit Comprises Of Interest - Re 0.623 Per Unit / Dividend - Rs 1.233 Per Unit / Other Income - Re 0.004 Per Unit / Repayment Of Spv Level Debt - Rs 0.338 Per Unit","100","10-Nov-2025","10-Nov-2025","-","-"
"ASTRAL","Astral Limited","EQ","Interim Dividend - Rs 1.50 Per Share","1","11-Nov-2025","11-Nov-2025","-","-"
"IMFA","Indian Metals & Ferro Alloys Limited","EQ","Interim Dividend - Rs 5 Per Share","10","11-Nov-2025","11-Nov-2025","-","-"
"NUVAMA","Nuvama Wealth Management Limited","EQ","Interim Dividend - Rs 70 Per Share","2","11-Nov-2025","11-Nov-2025","-","-"
"METROPOLIS","Metropolis Healthcare Limited","EQ","Interim Dividend - Rs 4 Per Share","2","11-Nov-2025","11-Nov-2025","-","-"
"GRSE","Garden Reach Shipbuilders & Engineers Limited","EQ","Interim Dividend - Rs 5.75 Per Sh","10","11-Nov-2025","11-Nov-2025","-","-"
"SIYSIL","Siyaram Silk Mills Limited","EQ","Interim Dividend - Rs 4 Per Share","2","11-Nov-2025","11-Nov-2025","-","-"
"SAREGAMA","Saregama India Limited","EQ","Interim Dividend - Rs 4.50 Per Share","1","11-Nov-2025","11-Nov-2025","-","-"
"CHALET","Chalet Hotels Limited","EQ","Interim Dividend - Re 1 Per Share","10","11-Nov-2025","11-Nov-2025","-","-"
"CHAMBLFERT","Chambal Fertilizers & Chemicals Limited","EQ","Interim Dividend - Rs 5 Per Share","10","11-Nov-2025","11-Nov-2025","-","-"
"STEELCAS","Steelcast Limited","EQ","Interim Dividend - Re 0.36  Per Share","1","11-Nov-2025","11-Nov-2025","-","-"
"KSCL","Kaveri Seed Company Limited","EQ","Interim Dividend - Rs 5 Per Share","2","12-Nov-2025","12-Nov-2025","-","-"
"ALLCARGO","Allcargo Logistics Limited","EQ","Demerger","2","12-Nov-2025","12-Nov-2025","-","-"
"INDUSINVIT","Indus Infra Trust","IV","Distribution - Rs 3.35 Per Unit Consisting Of Interest - Rs 2.51 Per Unit/ Dividend - Re 0.10 Per Unit/Return On Capital - Re 0.74 Per Unit","100","12-Nov-2025","12-Nov-2025","-","-"
"GPPL","Gujarat Pipavav Port Limited","EQ","Interim Dividend - Rs 5.40 Per Share","10","12-Nov-2025","12-Nov-2025","-","-"
"SYMPHONY","Symphony Limited","EQ","Interim Dividend - Re 1 Per Share","2","12-Nov-2025","12-Nov-2025","-","-"
"VERTIS","Vertis Infrastructure Trust","IV","Distribution - Rs 3 Per Unit Consisting Rs 1.4566 Per Unit - Interest/Rs 1.2157 Per Unit - Return Of Capital/Re 0.3197 Per Unit - Dividend/Re 0.0080 - Other Income","100","12-Nov-2025","12-Nov-2025","-","-"
"GLOBAL","Global Education Limited","EQ","Interim Dividend - Re 0.50 Per Share","2","12-Nov-2025","12-Nov-2025","-","-"
"SAGILITY","SAGILITY LIMITED","EQ","Interim Dividend - Re 0.05 Per Share","10","12-Nov-2025","12-Nov-2025","-","-"
"KRT","Knowledge Realty Trust","RR","Distribution - Rs 1.556 Consists Of Rs 1.388 In The Form Of Dividend And Re 0.030 In The Form Of Interest And Re 0.138 In The Form Repayment Of Capital","100","13-Nov-2025","13-Nov-2025","-","-"
"ADFFOODS","ADF Foods Limited","EQ","Interim Dividend - Re 0.60 Per Share","2","13-Nov-2025","13-Nov-2025","-","-"
"ARE&M","Amara Raja Energy & Mobility Limited","EQ","Interim Dividend - Rs 5.40 Per Share","1","13-Nov-2025","13-Nov-2025","-","-"
"GESHIP","The Great Eastern Shipping Company Limited","EQ","Interim Dividend - Rs 7.20 Per Share","10","13-Nov-2025","13-Nov-2025","-","-"
"KRITINUT","Kriti Nutrients Limited","EQ","Special Dividend - Rs 3 Per Share","1","13-Nov-2025","13-Nov-2025","-","-"
"SASKEN","Sasken Technologies Limited","EQ","Interim Dividend - Rs 12 Per Share","10","13-Nov-2025","13-Nov-2025","-","-"
"PATANJALI","Patanjali Foods Limited","EQ","Interim Dividend - Rs 1.75 Per Share","2","13-Nov-2025","13-Nov-2025","-","-"
"PRICOLLTD","Pricol Limited","EQ","Interim Dividend - Rs  2 Per Share","1","14-Nov-2025","14-Nov-2025","-","-"
"679GS2027","GOVERNMENT OF INDIA","GS","Interest Payment","100","14-Nov-2025","14-Nov-2025","-","-"
"BAYERCROP","Bayer Cropscience Limited","EQ","Interim Dividend - Rs 90 Per Share","10","14-Nov-2025","14-Nov-2025","-","-"
"ANZEN","Anzen India Energy Yield Plus Trust","IV","Distribution - Rs 2.75 Per Unit Consist Of Rs 2.5098 Per Unit As Interest & Re 0.2121 Per Unit As Principal Repayment & Re 0.0281 Per Unit As Other Income","100","14-Nov-2025","14-Nov-2025","-","-"
"ATL","Allcargo Terminals Limited","EQ","Rights 3:19 @ Premium Rs 18/-","2","14-Nov-2025","14-Nov-2025","-","-"
"ESABINDIA","Esab India Limited","EQ","Interim Dividend - Rs 25 Per Share","10","14-Nov-2025","14-Nov-2025","-","-"
"NDRINVIT","NDR INVIT Trust","IV","Distribution - Rs 1.825 Per Unit Consist Of Re 0.9125 As Interest Income & Re 0.9125 As Return Of Capital","100","14-Nov-2025","14-Nov-2025","-","-"
"INDIGRID","IndiGrid Infrastructure Trust","IV","Distribution - Rs 4 Per Unit Consist Of Rs 3.0984 Per Unit As Interest & Re 0.0907 Per Unit As Dividend & Re 0.7465 Per Unit As Capital Repayment & Re 0.0644 Per Unit As Other Income","100","14-Nov-2025","14-Nov-2025","-","-"
"RITES","RITES Limited","EQ","Interim Dividend - Rs 2 Per Share","10","14-Nov-2025","15-Nov-2025","-","-"
"INFY","Infosys Limited","EQ","Buy Back","5","14-Nov-2025","14-Nov-2025","-","-"
"INTERISE","Interise Trust","IV","Distribution - Rs 1.34 Per Unit Consist Of Re 0.71 As Interest & Re 0.62 Per Unit As Dividend & Re 0.01 Per Unit As Other Income","100","14-Nov-2025","15-Nov-2025","-","-"
"SAFARI","Safari Industries (India) Limited","EQ","Interim Dividend - Rs 2 Per Share","2","14-Nov-2025","14-Nov-2025","-","-"
"IRBIT","IRB INFRASTRUCTURE TRUST","IV","Distribution - Re 0.44 Per Unit Comprises Of Re 0.30 Per Unit As Interest And Re 0.14 Per Unit As Return On Capital","100","14-Nov-2025","14-Nov-2025","-","-"
"ONGC","Oil & Natural Gas Corporation Limited","EQ","Interim Dividend - Rs 6 Per Share","5","14-Nov-2025","14-Nov-2025","-","-"
"SAKSOFT","Saksoft Limited","EQ","Interim Dividend - Re 0.45 Per Share","1","14-Nov-2025","14-Nov-2025","-","-"
"JMFINANCIL","JM Financial Limited","EQ","Interim Dividend - Rs 1.50 Per Share","1","14-Nov-2025","14-Nov-2025","-","-"
"MOIL","MOIL Limited","EQ","Interim Dividend - Rs 1.80 Per Share","10","14-Nov-2025","15-Nov-2025","-","-"
"PETRONET","Petronet LNG Limited","EQ","Interim Dividend - Rs 7 Per Share","10","14-Nov-2025","14-Nov-2025","-","-"
"KDDL","KDDL Limited","EQ","Interim Dividend - Rs 15 Per Share","10","14-Nov-2025","14-Nov-2025","-","-"
"NATIONALUM","National Aluminium Company Limited","EQ","Interim Dividend - Rs 4 Per Share","5","14-Nov-2025","14-Nov-2025","-","-"
"KPEL","K.P. Energy Limited","EQ","Interim Dividend - Re 0.25 Per Share","5","14-Nov-2025","14-Nov-2025","-","-"
"KPIGREEN","KPI Green Energy Limited","EQ","Interim Dividend - Rs 0.25 Per Share","5","14-Nov-2025","14-Nov-2025","-","-"
"NAVA","NAVA LIMITED","EQ","Interim Dividend - Rs 3 Per Share","1","14-Nov-2025","14-Nov-2025","-","-"
"VEEDOL","Veedol Corporation Limited","EQ","Interim Dividend - Rs 22 Per Share","2","14-Nov-2025","14-Nov-2025","-","-"
"WEBELSOLAR","Websol Energy System Limited","EQ","Face Value Split (Sub-Division) - From Rs 10/- Per Share To Re 1/- Per Share","1","14-Nov-2025","14-Nov-2025","-","-"
"VIDHIING","Vidhi Specialty Food Ingredients Limited","EQ","Interim Dividend - Re 1.50 Per Share","1","14-Nov-2025","14-Nov-2025","-","-"
"SMCGLOBAL","SMC Global Securities Limited","EQ","Bonus 1:1","2","14-Nov-2025","14-Nov-2025","-","-"
"TVSINVIT","TVS Infrastructure Trust","IV","Distribution - Rs 1.51 Consist Of Rs 1.06 Per Unit As Interest & Re 0.45 Per Unit As Repayment Of Capital","100","14-Nov-2025","14-Nov-2025","-","-"
"GANESHCP","Ganesh Consumer Products Limited","EQ","Interim Dividend - Rs 2.50 Per Share","10","14-Nov-2025","14-Nov-2025","-","-"
"GARFIBRES","Garware Technical Fibres Limited","EQ","Interim Dividend - Rs 8 Per Share","10","14-Nov-2025","14-Nov-2025","-","-"
"GHCL","GHCL Limited","EQ","Buy Back","10","14-Nov-2025","14-Nov-2025","-","-"
"BSOFT","BIRLASOFT LIMITED","EQ","Interim Dividend - Rs  2.50 Per Share","2","14-Nov-2025","14-Nov-2025","-","-"
"DLINKINDIA","D-Link (India) Limited","EQ","Interim Dividend - Rs 6 Per Share","2","14-Nov-2025","14-Nov-2025","-","-"
"GPTHEALTH","GPT Healthcare Limited","EQ","Interim Dividend - Re 1 Per Share","10","14-Nov-2025","14-Nov-2025","-","-"
"EMAMILTD","Emami Limited","EQ","Interim Dividend - Rs 4 Per Share","1","14-Nov-2025","14-Nov-2025","-","-"
"GOPAL","Gopal Snacks Limited","EQ","Interim Dividend - Rs 0.25 Per Share","1","17-Nov-2025","17-Nov-2025","-","-"
"EPL","EPL Limited","EQ","Interim Dividend - Rs 2.50 Per Share","2","17-Nov-2025","17-Nov-2025","-","-"
"ARFIN","Arfin India Limited","EQ","Interim Dividend - Rs 0.11 Per Share","1","17-Nov-2025","17-Nov-2025","-","-"
"PGIL","Pearl Global Industries Limited","EQ","Interim Dividend - Rs 6 Per Share","5","17-Nov-2025","17-Nov-2025","-","-"
"GMMPFAUDLR","GMM Pfaudler Limited","EQ","Interim Dividend - Re 1 Per Share","2","17-Nov-2025","17-Nov-2025","-","-"
"ADANIENT","Adani Enterprises Limited","EQ","Rights 3:25 @ Premium Rs 1799/-","1","17-Nov-2025","17-Nov-2025","-","-"
"SURYAROSNI","Surya Roshni Limited","EQ","Interim Dividend - Rs 2.50 Per Share","5","17-Nov-2025","17-Nov-2025","-","-"
"BAIDFIN","Baid Finserv Limited","EQ","Rights 1:4 @ Premium Rs 8/-","2","17-Nov-2025","17-Nov-2025","-","-"
"BALRAMCHIN","Balrampur Chini Mills Limited","EQ","Interim Dividend - Rs 3.50 Per Share","1","17-Nov-2025","17-Nov-2025","-","-"
"NHIT","National Highways Infra Trust","IV","Distribution - Rs 2.471 Per Unit Consists Of Rs 2.456 Per Unit As Interest & Re 0.015 Per Unit As Other Income On Surplus Funds","101","18-Nov-2025","18-Nov-2025","-","-"
"OSEINTRUST","Oriental InfraTrust","IV","Distribution - Rs 3.5325 Per Unit Consists Of Rs 1.6818 Per Unit As Interest & Rs 1.8389 Per Unit As Dividend & Re 0.0118 Per Unit As Return Of Capital","100","18-Nov-2025","18-Nov-2025","-","-"
"PRECWIRE","Precision Wires India Limited","EQ","Interim Dividend - Rs 0.35 Per Share","1","18-Nov-2025","18-Nov-2025","-","-"
"VENUSPIPES","Venus Pipes & Tubes Limited","EQ","Interim Dividend - Re 0.50 Per Share","10","18-Nov-2025","18-Nov-2025","-","-"
"ASIANPAINT","Asian Paints Limited","EQ","Interim Dividend - Rs 4.50 Per Share","1","18-Nov-2025","18-Nov-2025","-","-"
"ASHOKLEY","Ashok Leyland Limited","EQ","Interim Dividend - Re 1 Per Share","1","18-Nov-2025","18-Nov-2025","-","-"
"AMRUTANJAN","Amrutanjan Health Care Limited","EQ","Interim Dividend - Re 1 Per Share","1","18-Nov-2025","18-Nov-2025","-","-"
"NAVNETEDUL","Navneet Education Limited","EQ","Interim Dividend - Rs 1.50 Per Share","2","18-Nov-2025","18-Nov-2025","-","-"
"IRBINVIT","IRB InvIT Fund","IV","Distribution - Rs 1.50 Per Unit Consist Of Re 0.90 Per Unit As Interest & Re 0.48 Per Unit As Return Of Capital & Re 0.12 Per Unit As Dividend","102","18-Nov-2025","18-Nov-2025","-","-"
"IRB","IRB Infrastructure Developers Limited","EQ","Interim Dividend - Rs 0.07 Per Share","1","18-Nov-2025","18-Nov-2025","-","-"
"COCHINSHIP","Cochin Shipyard Limited","EQ","Interim Dividend - Rs 4 Per Share","5","18-Nov-2025","18-Nov-2025","-","-"
"MANINFRA","Man Infraconstruction Limited","EQ","Interim Dividend - Re 0.45 Per Share","2","18-Nov-2025","18-Nov-2025","-","-"
"NXT-INFRA","Nxt-Infra Trust","IV","Distribution - Rs 3.3128 Per Unit Consisting Of Interest Rs 2.3879 And Return Of Capital Re 0.9249 Per Unit","100","19-Nov-2025","19-Nov-2025","-","-"
"INDOWIND","Indowind Energy Limited","EQ","Rights 1:4 @ Premium Rs 5.35/-","10","19-Nov-2025","19-Nov-2025","-","-"
"BANCOINDIA","Banco Products (I) Limited","EQ","Interim Dividend - Rs 7 Per Share","2","19-Nov-2025","19-Nov-2025","-","-"
"NBCC","NBCC (India) Limited","EQ","Interim Dividend - Re 0.21 Per Share","1","19-Nov-2025","19-Nov-2025","-","-"
"CARERATING","CARE Ratings Limited","EQ","Interim Dividend - Rs 8 Per Share","10","19-Nov-2025","19-Nov-2025","-","-"
"CAPINVIT","Capital Infra Trust","IV","Distribution - Rs 3.25 Per Unit Consisting Of Interest - Rs. 2.52/ Dividend - Re. 0.71/Other Income - Re. 0.02","99","19-Nov-2025","19-Nov-2025","-","-"
"HUDCO","Housing & Urban Development Corporation Limited","EQ","Interim Dividend - Re 1 Per Share","10","19-Nov-2025","19-Nov-2025","-","-"
"WEALTH","Wealth First Portfolio Managers Limited","EQ","Interim Dividend - Rs 4 Per Share","10","19-Nov-2025","19-Nov-2025","-","-"
"SCI","Shipping Corporation Of India Limited","EQ","Interim Dividend - Rs 3 Per Share","10","19-Nov-2025","19-Nov-2025","-","-"
"PPAP","PPAP Automotive Limited","EQ","Interim Dividend - Re 1 Per Share","10","19-Nov-2025","19-Nov-2025","-","-"
"JAMNAAUTO","Jamna Auto Industries Limited","EQ","Interim Dividend - Re 1 Per Share","1","19-Nov-2025","19-Nov-2025","-","-"
"PAGEIND","Page Industries Limited","EQ","Interim Dividend - Rs 125 Per Share","10","19-Nov-2025","19-Nov-2025","-","-"
"CONCOR","Container Corporation of India Limited","EQ","Interim Dividend - Rs  2.60 Per Share","5","20-Nov-2025","20-Nov-2025","-","-"
"SUNTV","Sun TV Network Limited","EQ","Interim Dividend - Rs 3.75 Per Share","5","20-Nov-2025","20-Nov-2025","-","-"
"NATCOPHARM","Natco Pharma Limited","EQ","Interim Dividend - Rs 1.50 Per Share","2","20-Nov-2025","20-Nov-2025","-","-"
"TALBROAUTO","Talbros Automotive Components Limited","EQ","Interim Dividend - Re 0.20 Per Share","2","20-Nov-2025","20-Nov-2025","-","-"
"CPEDU","Career Point Edutech Limited","EQ","Interim Dividend - Rs 2.50 Per Share","10","21-Nov-2025","21-Nov-2025","-","-"
"NAUKRI","Info Edge (India) Limited","EQ","Interim Dividend - Rs 2.40 Per Share","2","21-Nov-2025","21-Nov-2025","-","-"
"POLYPLEX","Polyplex Corporation Limited","EQ","Interim Dividend - Rs 2 Per Share","10","21-Nov-2025","21-Nov-2025","-","-"
"GABRIEL","Gabriel India Limited","EQ","Interim Dividend - Rs 1.90 Per Share","1","21-Nov-2025","21-Nov-2025","-","-"
"815GS2026","GOVERNMENT OF INDIA","GS","Interest Payment","100","21-Nov-2025","21-Nov-2025","-","-"
"IRCTC","Indian Railway Catering And Tourism Corporation Limited","EQ","Interim Dividend - Rs 5 Per Share","2","21-Nov-2025","21-Nov-2025","-","-"
"OIL","Oil India Limited","EQ","Interim Dividend - Rs 3.50 Per Share","10","21-Nov-2025","21-Nov-2025","-","-"
"IVC","IL&FS Investment Managers Limited","EQ","Interim Dividend - Rs 0.50 Per Share","2","21-Nov-2025","21-Nov-2025","-","-"
"SONATSOFTW","Sonata Software Limited","EQ","Interim Dividend - Rs 1.25 Per Share","1","21-Nov-2025","21-Nov-2025","-","-"
"MRF","MRF Limited","EQ","Interim Dividend - Rs 3 Per Share","10","21-Nov-2025","21-Nov-2025","-","-"
"XTGLOBAL","Xtglobal Infotech Limited","EQ","Interim Dividend - Rs 0.05 Per Share","1","21-Nov-2025","21-Nov-2025","-","-"
"MANBA","Manba Finance Limited","EQ","Interim Dividend - Rs 0.50 Per Share","10","21-Nov-2025","21-Nov-2025","-","-"
"INGERRAND","Ingersoll Rand (India) Limited","EQ","Interim Dividend - Rs 55 Per Share","10","25-Nov-2025","25-Nov-2025","-","-"
"PFC","Power Finance Corporation Limited","EQ","Interim Dividend - Rs 3.65 Per Share","10","26-Nov-2025","26-Nov-2025","-","-"
"HDFCAMC","HDFC Asset Management Company Limited","EQ","Bonus 1:1","5","26-Nov-2025","26-Nov-2025","-","-"
"SIKKO","Sikko Industries Limited","EQ","Face Value Split (Sub-Division) - From Rs 10/- Per Share To Re 1/- Per Share","1","27-Nov-2025","27-Nov-2025","-","-"
"662GS2051","GOVERNMENT OF INDIA","GS","Interest Payment","100","27-Nov-2025","27-Nov-2025","-","-"
"THYROCARE","Thyrocare Technologies Limited","EQ","Bonus 2:1","10","28-Nov-2025","28-Nov-2025","-","-"
"817GS2044","GOVERNMENT OF INDIA","GS","Interest Payment","100","28-Nov-2025","28-Nov-2025","-","-"
"86GS2028","GOVERNMENT OF INDIA","GS","Interest Payment","100","01-Dec-2025","01-Dec-2025","-","-"
"613GS2028","GOVERNMENT OF INDIA","GS","Interest Payment","100","03-Dec-2025","03-Dec-2025","-","-"
"657GS2033","GOVERNMENT OF INDIA","GS","Interest Payment","100","04-Dec-2025","04-Dec-2025","-","-"
"897GS2030","GOVERNMENT OF INDIA","GS","Interest Payment","100","04-Dec-2025","04-Dec-2025","-","-"
"PATELENG","Patel Engineering Limited","EQ","Rights 7:40 @ Premium Rs 26/-","1","04-Dec-2025","04-Dec-2025","-","-"
"ENGINERSIN","Engineers India Limited","EQ","Interim Dividend - Re 1 Per Share","5","04-Dec-2025","04-Dec-2025","-","-"
"HCC","Hindustan Construction Company Limited","EQ","Rights 277:630 @ Premium Rs 11.50/-","1","05-Dec-2025","05-Dec-2025","-","-"
"HINDUNILVR","Hindustan Unilever Limited","EQ","Demerger","1","05-Dec-2025","05-Dec-2025","-","-"
"CAMS","Computer Age Management Services Limited","EQ","Face Value Split (Sub-Division) - From Rs 10/- Per Share To Rs 2/- Per Share","2","05-Dec-2025","05-Dec-2025","-","-"
"SIKKO","Sikko Industries Limited","EQ","Bonus 1:1","1","08-Dec-2025","08-Dec-2025","-","-"
"MODISONLTD","MODISON LIMITED","EQ","Interim Dividend - Rs 2.50 Per Share","1","08-Dec-2025","08-Dec-2025","-","-"
"STEELCITY","Steel City Securities Limited","EQ","Interim Dividend - Re 1 Per Share","10","11-Dec-2025","11-Dec-2025","-","-"
"NURECA","Nureca Limited","EQ","Buy Back","10","12-Dec-2025","12-Dec-2025","-","-"
"BHARATRAS","Bharat Rasayan Limited","EQ","Bonus 1:1","5","12-Dec-2025","12-Dec-2025","-","-"
"BHARATRAS","Bharat Rasayan Limited","EQ","Face Value Split (Sub-Division) - From Rs 10/- Per Share To Rs 5/- Per Share","5","12-Dec-2025","12-Dec-2025","-","-"
"NACLIND","NACL Industries Limited","EQ","Rights 5:31 @ Premium Rs 75.70/-","1","12-Dec-2025","12-Dec-2025","-","-"
"BECTORFOOD","Mrs. Bectors Food Specialities Limited","EQ","Face Value Split (Sub-Division) - From Rs 10/- Per Share To Rs 2/- Per Share","2","12-Dec-2025","12-Dec-2025","-","-"
"VLSFINANCE","VLS Finance Limited","EQ","Buy Back","10","12-Dec-2025","12-Dec-2025","-","-"
"MONEYBOXX","Moneyboxx Finance Limited","EQ","Bonus 1:1","10","15-Dec-2025","15-Dec-2025","-","-"
"ECLERX","eClerx Services Limited","EQ","Buy Back","10","17-Dec-2025","17-Dec-2025","-","-"
"KRISHIVAL","Krishival Foods Limited","EQ","Rights 45:301 @ Premium Rs 290/-","10","17-Dec-2025","17-Dec-2025","-","-"
"IOC","Indian Oil Corporation Limited","EQ","Interim Dividend - Rs 5 Per Share","10","18-Dec-2025","18-Dec-2025","-","-"
"CANFINHOME","Can Fin Homes Limited","EQ","Interim Dividend - Rs 7 Per Share","2","19-Dec-2025","19-Dec-2025","-","-"
"LALPATHLAB","Dr. Lal Path Labs Ltd.","EQ","Bonus 1:1","10","19-Dec-2025","19-Dec-2025","-","-"
"CRAMC","Canara Robeco Asset Management Company Limited","EQ","Interim Dividend - Rs 1.50 Per Share","10","22-Dec-2025","22-Dec-2025","-","-"
"KMEW","Knowledge Marine & Engineering Works Limited","EQ","Face Value Split (Sub-Division) - From Rs 10/- Per Share To Rs 5/- Per Share","5","22-Dec-2025","22-Dec-2025","-","-"
"VINEETLAB","Vineet Laboratories Limited","EQ","Rights 13:12 @ Premium Rs 20/-","10","23-Dec-2025","23-Dec-2025","-","-"
"PPL","Prakash Pipes Limited","EQ","Interim Dividend - Re 1 Per Share","10","24-Dec-2025","24-Dec-2025","-","-"
"NECLIFE","Nectar Lifesciences Limited","EQ","Buy Back","1","24-Dec-2025","24-Dec-2025","-","-"
"GRMOVER","GRM Overseas Limited","EQ","Bonus 2:1","2","24-Dec-2025","24-Dec-2025","-","-"
"NUVAMA","Nuvama Wealth Management Limited","EQ","Face Value Split (Sub-Division) - From Rs 10/- Per Share To Rs 2/- Per Share","2","26-Dec-2025","26-Dec-2025","-","-"
"RAMRAT","Ram Ratna Wires Limited","EQ","Bonus 1:1","5","26-Dec-2025","26-Dec-2025","-","-"
"DCMSRIND","DCM Shriram Industries Limited","EQ","Demerger","2","26-Dec-2025","26-Dec-2025","-","-"
"HILTON","Hilton Metal Forging Limited","EQ","Rights 14:29 @ Premium Rs 18.32/-","10","26-Dec-2025","26-Dec-2025","-","-"