"SYMBOL","COMPANY NAME","SERIES","PURPOSE","FACE VALUE","EX-DATE","RECORD DATE","BOOK CLOSURE START DATE","BOOK CLOSURE END DATE"
"SIMBHSUGAR","Simbhaoli Sugars Limited","EQ","Annual General Meeting","10","03-Jan-2011","-","05-Jan-2011","10-Jan-2011"
"OIL","Oil India Limited","EQ","Interim Dividend-Rs.18/- Per Share","10","03-Jan-2011","04-Jan-2011","-","-"
"INDNIPPON","India Nippon Electricals Limited","EQ","Interim Dividend-Rs.5/- Per Share (Purpose Revised)","5","04-Jan-2011","05-Jan-2011","-","-"
"TATACOFFEE","Tata Coffee Limited","EQ","Interim Dividend-Rs.5/- Per Share","1","06-Jan-2011","07-Jan-2011","-","-"
"ESABINDIA","Esab India Limited","EQ","2nd Interim Dividend Rs.10/- Per Share (Purpose Revised)","10","06-Jan-2011","07-Jan-2011","-","-"
"DIGJAM","Digjam Limited","EQ","Annual General Meeting (Bc Date Revised)","10","07-Jan-2011","-","11-Jan-2011","18-Jan-2011"
"NELCO","NELCO Limited","EQ","Annual General Meeting/Final Dividend Re.1/- Per Share/Special Dividend Re.1/- Per Share","10","07-Jan-2011","-","11-Jan-2011","14-Jan-2011"
"TULSI","Tulsi Extrusions Limited","EQ","Bonus 1:10 (Record Date Revised)","10","07-Jan-2011","10-Jan-2011","-","-"
"SUJANATOW","Sujana Tower Limited","EQ","Face Value Split From Rs.5/- To Re.1/-","1","10-Jan-2011","11-Jan-2011","-","-"
"SHOPERSTOP","Shoppers Stop Limited","EQ","Face Value Split From Rs.10/- To Rs.5/-","5","12-Jan-2011","13-Jan-2011","-","-"
"GLOBOFFS","Global Offshore Services Limited","EQ","2nd Interim Dividend-Re.0.70 Per Share","10","12-Jan-2011","13-Jan-2011","-","-"
"JYOTISTRUC","Jyoti Structures Limited","EQ","Rights Issue - 1 Ncd (Issue Price Rs.120/- Per Ncd) With 2 Detachable Warrants (Exercise Price Rs.120/- Per Warrant) For Every 8 Equity Shares","2","13-Jan-2011","15-Jan-2011","-","-"
"AUTOAXLES","Automotive Axles Limited","EQ","Dividend-Rs.8.50 Per Share","10","17-Jan-2011","-","19-Jan-2011","21-Jan-2011"
"SAIL","Steel Authority of India Limited","EQ","Interim Dividend-Rs.1.20 Per Share (Purpose Revised)","10","18-Jan-2011","19-Jan-2011","-","-"
"SIEMENS","Siemens Limited","EQ","Dividend-Rs.5/- Per Share","2","18-Jan-2011","-","20-Jan-2011","28-Jan-2011"
"IOLN","IOL Netcom Limited","EQ","Annual General Meeting","10","20-Jan-2011","-","24-Jan-2011","31-Jan-2011"
"HEXAWARE","Hexaware Technologies Limited","EQ","Special Interim Dividend-Re.1/- Per Share","2","20-Jan-2011","21-Jan-2011","-","-"
"NEXTMEDIA","Next Mediaworks Limited","EQ","Scheme Of Arrangement","10","20-Jan-2011","21-Jan-2011","-","-"
"WYETH","Wyeth Limited","EQ","Interim Dividend-Rs.15/- Per Share","10","20-Jan-2011","21-Jan-2011","-","-"
"PFIZER","Pfizer Limited","EQ","Interim Dividend-Rs.12.50 Per Share","10","20-Jan-2011","21-Jan-2011","-","-"
"COROMANDEL","Coromandel International Limited","EQ","Interim Dividend-Rs.4/- Per Share","1","21-Jan-2011","24-Jan-2011","-","-"
"PFC","Power Finance Corporation Limited","EQ","Interim Dividend-Rs.3.50 Per Share (Purpose Revised)","10","21-Jan-2011","24-Jan-2011","-","-"
"HCLTECH","HCL Technologies Limited","EQ","2nd Interim Dividend-Rs.2/- Per Share (Purpose Revised)","2","24-Jan-2011","25-Jan-2011","-","-"
"TVSMOTOR","TVS Motor Company Limited","EQ","Interim Dividend-Re.0.50 Per Share (Purpose Revised)","1","25-Jan-2011","27-Jan-2011","-","-"
"NELCAST","Nelcast Limited","EQ","Special Dividend-Rs.12/- Per Share (Purpose Revised)","2","25-Jan-2011","27-Jan-2011","-","-"
"WIPRO","Wipro Limited","EQ","Interim Dividend-Rs.2/- Per Share (Purpose Revised)","2","27-Jan-2011","28-Jan-2011","-","-"
"TCS","Tata Consultancy Services Limited","EQ","3rd Interim Dividend-Rs.2/- Per Share","1","27-Jan-2011","28-Jan-2011","-","-"
"HINDMOTOR","Hindustan Motors Limited","EQ","Capital Reduction","10","27-Jan-2011","28-Jan-2011","-","-"
"TCI","Transport Corporation of India Limited","EQ","Interim Dividend-Re.0.40 Per Share (Purpose Revised)","2","28-Jan-2011","31-Jan-2011","-","-"
"MRF","MRF Limited","EQ","Annual General Meeting/Final Dividend Rs.19/- Per Share/Special Dividend Rs.25/- Per Share","10","28-Jan-2011","-","01-Feb-2011","10-Feb-2011"
"ARE&M","Amara Raja Energy & Mobility Limited","EQ","Special Dividend-Rs.2/- Per Share (Purpose Revised)","1","28-Jan-2011","31-Jan-2011","-","-"
"GODREJCP","Godrej Consumer Products Limited","EQ","3rd Interim Dividend-Re.1/- Per Share (Purpose Revised)","1","28-Jan-2011","31-Jan-2011","-","-"
"CONCOR","Container Corporation of India Limited","EQ","Interim Dividend-Rs.7.50 Per Share","5","28-Jan-2011","31-Jan-2011","-","-"
"PERSISTENT","Persistent Systems Limited","EQ","Interim Dividend Rs.2/- Per Share And Special Dividend Rs.2/- Per Share","5","31-Jan-2011","-","02-Feb-2011","02-Feb-2011"
"IPCALAB","IPCA Laboratories Limited","EQ","2nd Interim Dividend-Re.1/- Per Share (Purpose Revised)","1","01-Feb-2011","02-Feb-2011","-","-"
"KCP","KCP Limited","EQ","3rd Interim Dividend-Re.0.25 Per Share (Purpose Revised)","1","01-Feb-2011","02-Feb-2011","-","-"
"HGM","HandsOn Global Management (HGM) Limited","EQ","3rd Interim Dividend-Rs.2/- Per Share (Purpose Revised)","10","01-Feb-2011","02-Feb-2011","-","-"
"VIPIND","VIP Industries Limited","EQ","Interim Dividend-Rs.3/- Per Share (Purpose Revised)","2","01-Feb-2011","02-Feb-2011","-","-"
"RML","Rane (Madras) Limited","EQ","Interim Dividend-Rs.4.50 Per Share","10","02-Feb-2011","03-Feb-2011","-","-"
"SUNCLAYTON","Sundaram Clayton Limited","EQ","Interim Dividend-Rs.2.50 Per Share (Purpose Revised)","5","02-Feb-2011","03-Feb-2011","-","-"
"EDELWEISS","Edelweiss Financial Services Limited","EQ","Interim Dividend-Re.0.25 Per Share","1","02-Feb-2011","03-Feb-2011","-","-"
"BEL","Bharat Electronics Limited","EQ","Interim Dividend-Rs.6/- Per Share (Purpose Revised)","1","02-Feb-2011","03-Feb-2011","-","-"
"WALCHANNAG","Walchandnagar Industries Limited","EQ","Dividend-Re.1/- Per Share","2","02-Feb-2011","-","04-Feb-2011","10-Feb-2011"
"SUNTV","Sun TV Network Limited","EQ","Interim Dividend-Rs.5/- Per Share (Purpose Revised)","5","02-Feb-2011","03-Feb-2011","-","-"
"SUNDARMFIN","Sundaram Finance Limited","EQ","Interim Dividend-Rs.7/- Per Share (Purpose Revised)","10","02-Feb-2011","03-Feb-2011","-","-"
"JPINFRATEC","Jaypee Infratech Limited","EQ","Interim Dividend-Re.0.75 Per Share","10","03-Feb-2011","04-Feb-2011","-","-"
"RANEENGINE","Rane Engine Valve Limited","EQ","Interim Dividend-Rs.3/- Per Share","10","03-Feb-2011","04-Feb-2011","-","-"
"DBCORP","D.B.Corp Limited","EQ","Interim Dividend-Rs.2/- Per Share","10","03-Feb-2011","04-Feb-2011","-","-"
"BIRLANU","BirlaNu Limited","EQ","Interim Dividend-Rs.6/- Per Share","10","03-Feb-2011","05-Feb-2011","-","-"
"CGPOWER","CG Power and Industrial Solutions Limited","EQ","2nd Interim Dividend-Re.0.80 Per Share (Purpose Revised)","2","03-Feb-2011","04-Feb-2011","-","-"
"GANDHITUBE","Gandhi Special Tubes Limited","EQ","Interim Dividend-Rs.5/- Per Share (Purpose Revised)","5","03-Feb-2011","04-Feb-2011","-","-"
"RBL","Rane Brake Lining Limited","EQ","Interim Dividend-Rs.3/- Per Share","10","03-Feb-2011","05-Feb-2011","-","-"
"GREAVESCOT","Greaves Cotton Limited","EQ","2nd Interim Dividend-Re.0.40 Per Share","2","04-Feb-2011","07-Feb-2011","-","-"
"NTPC","NTPC Limited","EQ","Interim Dividend-Rs.3/- Per Share (Purpose Revised)","10","04-Feb-2011","07-Feb-2011","-","-"
"SHREECEM","SHREE CEMENT LIMITED","EQ","Interim Dividend-Rs.6/- Per Share (Purpose Revised)","10","04-Feb-2011","07-Feb-2011","-","-"
"HCL-INSYS","HCL Infosystems Limited","EQ","2nd Interim Dividend-Rs.2/- Per Share (Purpose Revised)","2","04-Feb-2011","07-Feb-2011","-","-"
"SUPREMEIND","Supreme Industries Limited","EQ","Interim Dividend-Rs.1.30 Per Share (Purpose Revised)","2","04-Feb-2011","07-Feb-2011","-","-"
"NATIONALUM","National Aluminium Company Limited","EQ","Interim Dividend-Rs.2/- Per Share (Purpose Revised)","5","07-Feb-2011","08-Feb-2011","-","-"
"63MOONS","63 moons technologies limited","EQ","3rd Interim Dividend-Rs.2/- Per Share","2","07-Feb-2011","08-Feb-2011","-","-"
"TULSYAN","Tulsyan Nec Limited","EQ","Interim Dividend - Re.1/- Per Share","10","07-Feb-2011","08-Feb-2011","-","-"
"TATAINVEST","Tata Investment Corporation Limited","EQ","Interim Dividend-Rs.16/- Per Share","1","07-Feb-2011","08-Feb-2011","-","-"
"AARTIIND","Aarti Industries Limited","EQ","Interim Dividend-Rs.1.25 Per Share (Purpose Revised)","5","07-Feb-2011","08-Feb-2011","-","-"
"AARTIDRUGS","Aarti Drugs Limited","EQ","Interim Dividend-Rs.2.50 Per Share (Purpose Revised)","10","07-Feb-2011","08-Feb-2011","-","-"
"KANDAGIRI","Kandagiri Spinning Mills Limited","EQ","Interim Dividend -  Rs. 2/- Per Equity Share","10","08-Feb-2011","09-Feb-2011","-","-"
"SAMBANDAM","Sambandam Spinning Mills Limited","EQ","Interim Dividend - Rs.2/- Per Equity Share","10","08-Feb-2011","09-Feb-2011","-","-"
"JPASSOCIAT","Jaiprakash Associates Limited","EQ","Interim Dividend-Re.0.40 Per Share (Purpose Revised)","2","08-Feb-2011","09-Feb-2011","-","-"
"VATSALTD","Vatsa Corporations Limited","EQ","Annual General Meeting","1","08-Feb-2011","-","10-Feb-2011","16-Feb-2011"
"ONGC","Oil & Natural Gas Corporation Limited","EQ","Bonus 1:1 And Face Value Split From Rs.10/- To Rs.5/-","5","08-Feb-2011","09-Feb-2011","-","-"
"TUBEINVEST","Tube Investments of India Limited","EQ","Interim Dividend-Rs.1.50 Per Share","2","08-Feb-2011","09-Feb-2011","-","-"
"SURYALAXMI","Suryalakshmi Cotton Mills Limited","EQ","Interim Dividend-Re.1/- Per Share","10","09-Feb-2011","10-Feb-2011","-","-"
"NMDC","NMDC Limited","EQ","Interim Dividend-Rs.1.15 Per Share","1","10-Feb-2011","11-Feb-2011","-","-"
"ISFT","Intrasoft Technologies Limited","EQ","Interim Dividend-Re.1/- Per Share","10","10-Feb-2011","11-Feb-2011","-","-"
"GAEL","Gujarat Ambuja Exports Limited","EQ","Interim Dividend-Re.0.60 Per Share","1","10-Feb-2011","11-Feb-2011","-","-"
"JAMNAAUTO","Jamna Auto Industries Limited","EQ","Interim Dividend-Re.1/- Per Share (Purpose Revised)","1","10-Feb-2011","11-Feb-2011","-","-"
"CUMMINSIND","Cummins India Limited","EQ","Interim Dividend-Rs.7/- Per Share (Purpose Revised)","2","10-Feb-2011","11-Feb-2011","-","-"
"RSWM","RSWM Limited","EQ","Interim Dividend-Rs.10/- Per Share (Purpose Revised)","10","10-Feb-2011","11-Feb-2011","-","-"
"ARIES","Aries Agro Limited","EQ","Interim Dividend-Re.1/- Per Share","10","10-Feb-2011","12-Feb-2011","-","-"
"SREINFRA","SREI Infrastructure Finance Limited","EQ","Bonus 4:5 (Pursuant To Scheme Of Amalgamation)","10","10-Feb-2011","11-Feb-2011","-","-"
"GLODYNE","Glodyne Technoserve Limited","EQ","Face Value Split From Rs.10/- To Rs.6/-","6","10-Feb-2011","11-Feb-2011","-","-"
"ESCORTS","Escorts Kubota Limited","EQ","Annual General Meeting And Dividend Rs.1.50 Per Share","10","10-Feb-2011","-","14-Feb-2011","25-Feb-2011"
"AUROPHARMA","Aurobindo Pharma Limited","EQ","Face Value Split From Rs.5/- To Re.1/-","1","10-Feb-2011","11-Feb-2011","-","-"
"GFLLIMITED","GFL Limited","EQ","Interim Dividend-Re.1/- Per Share","1","10-Feb-2011","11-Feb-2011","-","-"
"MPHASIS","MphasiS Limited","EQ","Final Dividend-Rs.4/- Per Share","10","10-Feb-2011","-","14-Feb-2011","24-Feb-2011"
"TRIVENI","Triveni Engineering & Industries Limited","EQ","Annual General Meeting/Final Dividend Re.0.20 Per Share/Special Dividend Re.0.15 Per Share","1","11-Feb-2011","-","15-Feb-2011","18-Feb-2011"
"JKPAPER","JK Paper Limited","EQ","Interim Dividend-Rs.2.25 Per Share","10","11-Feb-2011","14-Feb-2011","-","-"
"RECLTD","REC Limited","EQ","Interim Dividend-Rs.3.50 Per Share (Purpose Revised)","10","11-Feb-2011","14-Feb-2011","-","-"
"SCI","Shipping Corporation Of India Limited","EQ","Interim Dividend-Rs.3/- Per Share (Purpose Revised)","10","11-Feb-2011","14-Feb-2011","-","-"
"ACE","Action Construction Equipment Limited","EQ","Interim Dividend-Re.1/- Per Share (Purpose Revised)","2","11-Feb-2011","14-Feb-2011","-","-"
"POWERGRID","Power Grid Corporation of India Limited","EQ","Interim Dividend-Re.0.50 Per Share (Purpose Revised)","10","11-Feb-2011","14-Feb-2011","-","-"
"AMBUJACEM","Ambuja Cements Limited","EQ","Final Dividend-Rs.1.40 Per Share","2","11-Feb-2011","-","15-Feb-2011","22-Feb-2011"
"HEG","HEG Limited","EQ","Interim Dividend-Rs.5/- Per Share (Purpose Revised)","2","14-Feb-2011","15-Feb-2011","-","-"
"RANEHOLDIN","Rane Holdings Limited","EQ","Interim Dividend-Rs.7.50 Per Share","10","14-Feb-2011","15-Feb-2011","-","-"
"KTIL","Kesar Terminals & Infrastructure Limited","EQ","Interim Dividend-Rs.1.50 Per Share","5","14-Feb-2011","16-Feb-2011","-","-"
"DYNAMATECH","Dynamatic Technologies Limited","EQ","2nd Interim Dividend-Rs.3/- Per Share (Purpose Revised)","10","14-Feb-2011","15-Feb-2011","-","-"
"ADANIPORTS","Adani Ports and Special Economic Zone Limited","EQ","Interim Dividend-Re.0.50 Per Share (Purpose Revised)","2","14-Feb-2011","15-Feb-2011","-","-"
"CARBORUNIV","Carborundum Universal Limited","EQ","Interim Dividend-Rs.1.50 Per Share","1","14-Feb-2011","15-Feb-2011","-","-"
"SUPRAJIT","Suprajit Engineering Limited","EQ","Interim Dividend-Re.0.20 Per Share","1","15-Feb-2011","17-Feb-2011","-","-"
"PAGEIND","Page Industries Limited","EQ","3rd Interim Dividend Rs.4/- Per Share (Purpose Revised)","10","17-Feb-2011","18-Feb-2011","-","-"
"BSL","BSL Limited","EQ","Interim Dividend-Re.0.75 Per Share (Purpose Revised)","10","17-Feb-2011","18-Feb-2011","-","-"
"KARURVYSYA","Karur Vysya Bank Limited","EQ","Rights 2:5 @ Premium Rs.140/- Per Share","2","17-Feb-2011","18-Feb-2011","-","-"
"MOIL","MOIL Limited","EQ","Interim Dividend-Rs.2.50 Per Share (Purpose Revised)","10","17-Feb-2011","18-Feb-2011","-","-"
"COALINDIA","Coal India Limited","EQ","Interim Dividend-Rs.3.50 Per Share (Purpose Revised)","10","18-Feb-2011","21-Feb-2011","-","-"
"EIHOTEL","EIH Limited","EQ","Rights 5:11 @ Premium Rs.64/- Per Share","2","21-Feb-2011","22-Feb-2011","-","-"
"AMRUTANJAN","Amrutanjan Health Care Limited","EQ","Interim Dividend Rs.5/- Per Share","1","21-Feb-2011","22-Feb-2011","-","-"
"GOLDIAM","Goldiam International Limited","EQ","Interim Dividend-Re.1/- Per Share","2","22-Feb-2011","23-Feb-2011","-","-"
"GEODESIC","Geodesic Limited","EQ","Interim Dividend-Rs.1.35 Per Share","2","22-Feb-2011","23-Feb-2011","-","-"
"AMBIKCO","Ambika Cotton Mills Limited","EQ","Interim Dividend-Rs.2/- Per Share","10","22-Feb-2011","23-Feb-2011","-","-"
"INDORAMA","Indo Rama Synthetics (India) Limited","EQ","Interim Dividend-Re.1/- Per Share (Purpose Revised)","10","23-Feb-2011","24-Feb-2011","-","-"
"PRATIBHA","Pratibha Industries Limited","EQ","Interim Dividend-Re.0.20 Per Share","2","24-Feb-2011","25-Feb-2011","-","-"
"HEXAWARE","Hexaware Technologies Limited","EQ","Dividend Rs 1.40 Per Share / Bonus 1:1","2","24-Feb-2011","25-Feb-2011","-","-"
"NATCOPHARM","Natco Pharma Limited","EQ","Interim Dividend-Rs.2/- Per Share","2","24-Feb-2011","25-Feb-2011","-","-"
"KTKBANK","The Karnataka Bank Limited","EQ","Rights 2:5 @ Premium Rs 75 Per Share","10","25-Feb-2011","28-Feb-2011","-","-"
"PSL","PSL Limited","EQ","Interim Dividend-Rs.2/- Per Share (Purpose Revised)","10","25-Feb-2011","28-Feb-2011","-","-"
"PPAP","PPAP Automotive Limited","EQ","Interim Dividend-Rs.2/- Per Share","10","28-Feb-2011","01-Mar-2011","-","-"
"VISHALEXPO","Vishal Exports Overseas Limited","EQ","Annual General Meeting","1","01-Mar-2011","-","04-Mar-2011","09-Mar-2011"
"DWARKESH","Dwarikesh Sugar Industries Limited","EQ","Annual General Meeting","1","03-Mar-2011","-","05-Mar-2011","16-Mar-2011"
"ARROWTEX","Arrow Textiles Limited","EQ","Rights 2:5 @ Premium Re 1 Per Share","10","03-Mar-2011","04-Mar-2011","-","-"
"SRF","SRF Limited","EQ","Interim Dividend Rs 7 Per Share (Purpose Revised)","10","04-Mar-2011","07-Mar-2011","-","-"
"HINDZINC","Hindustan Zinc Limited","EQ","Bonus - 1:1 And Face Value Split From Rs. 10 To Rs. 2","2","07-Mar-2011","08-Mar-2011","-","-"
"IIFL","IIFL Finance Limited","EQ","Interim Dividend Rs 3 Per Share (Purpose Revised)","2","07-Mar-2011","08-Mar-2011","-","-"
"EICHERMOT","Eicher Motors Limited","EQ","Dividend-Rs.11/- Per Share","1","08-Mar-2011","-","10-Mar-2011","18-Mar-2011"
"KSB","Ksb Limited","EQ","Annual General Meeting And Dividend - Rs.8/- Per Share","2","08-Mar-2011","-","10-Mar-2011","11-Mar-2011"
"UNITEDTEA","The United Nilgiri Tea Estates Company Limited","EQ","Interim Dividend Of Re.1/- Per Share","10","09-Mar-2011","10-Mar-2011","-","-"
"TULSYAN","Tulsyan Nec Limited","EQ","Rights At 2:1 At A Premium Of Rs.39.50 Per Share","10","10-Mar-2011","12-Mar-2011","-","-"
"BAJAJHIND","Bajaj Hindusthan Sugar Limited","EQ","Annual General Meeting And Dividend Of Re. 0.70 Per Share.","1","10-Mar-2011","-","12-Mar-2011","22-Mar-2011"
"STAN","Standard Chartered PLC","DR","Dividend",,"10-Mar-2011","11-Mar-2011","-","-"
"GSKCONS","GlaxoSmithKline Consumer Healthcare Limited","EQ","Annual General Meeting And Dividend Rs.50/- Per Share (Special Dividend Rs.25/- Per Share And Final Dividend Rs.25/- Per Share)","10","11-Mar-2011","-","15-Mar-2011","28-Mar-2011"
"HFCL","HFCL Limited","EQ","Annual General Meeting","1","11-Mar-2011","-","15-Mar-2011","30-Mar-2011"
"GLAXO","GlaxoSmithKline Pharmaceuticals Limited","EQ","Dividend-Rs.40/- Per Share","10","14-Mar-2011","-","16-Mar-2011","29-Mar-2011"
"ORIENTCER","ORIENT CERATECH LIMITED","EQ","Interim Dividend - Re. 1/- Per Share (Purpose Revised)","1","14-Mar-2011","15-Mar-2011","-","-"
"BERGEPAINT","Berger Paints (I) Limited","EQ","Interim Dividend - Re. 0.50 Per Share","1","14-Mar-2011","15-Mar-2011","-","-"
"CRISIL","CRISIL Limited","EQ","Dividend - Rs.25 Per Share","1","14-Mar-2011","-","16-Mar-2011","17-Mar-2011"
"NATIONALUM","National Aluminium Company Limited","EQ","Bonus 1:1 And Face Value Split From Rs.10/- To Rs.5/-","5","15-Mar-2011","16-Mar-2011","-","-"
"SBBJ","State Bank of Bikaner and Jaipur","EQ","Rights 2:5 @ Premium Of Rs 380 Per Share","10","16-Mar-2011","17-Mar-2011","-","-"
"DRREDDY","Dr. Reddy's Laboratories Limited","EQ","Scheme Of Arrangement - Bonus Debentures 6:1","1","17-Mar-2011","18-Mar-2011","-","-"
"RENUKA","Shree Renuka Sugars Limited","EQ","Annual General Meeting","1","17-Mar-2011","-","21-Mar-2011","29-Mar-2011"
"CENTRALBK","Central Bank of India","EQ","Rights Issue - 3:5 @ Premium Rs.93/-","10","17-Mar-2011","18-Mar-2011","-","-"
"HITECHGEAR","The Hi-Tech Gears Limited","EQ","Interim Dividend - Rs 1.50 Per Share (Purpose Revised)","10","17-Mar-2011","20-Mar-2011","-","-"
"HELIOSMATH","Helios And Matheson Information Technology Limited","EQ","Annual General Meeting And Dividend Rs.1.50 Per Share","10","17-Mar-2011","-","21-Mar-2011","30-Mar-2011"
"KMSUGAR","K.M.Sugar Mills Limited","EQ","Annual General Meeting","2","18-Mar-2011","-","22-Mar-2011","25-Mar-2011"
"BHEL","Bharat Heavy Electricals Limited","EQ","Interim Dividend Rs.13.25 Per Share (Purpose Revised)","2","18-Mar-2011","21-Mar-2011","-","-"
"LAKSHMIEFL","Lakshmi Energy and Foods Limited","EQ","Annual General Meeting And Final Dividend Re.0.20 Per Share","2","21-Mar-2011","-","23-Mar-2011","26-Mar-2011"
"GUJRATGAS","Gujarat Gas Company Limited","EQ","Final Dividend Rs. 4 And Special Dividend Rs 8 Per Share","2","21-Mar-2011","-","23-Mar-2011","25-Mar-2011"
"PGHL","Procter & Gamble Health Limited","EQ","Annual General Meeting","10","21-Mar-2011","-","23-Mar-2011","29-Mar-2011"
"ENGINERSIN","Engineers India Limited","EQ","Interim Dividend-Re.1/- Per Share (Purpose Revised)","5","22-Mar-2011","23-Mar-2011","-","-"
"THANGAMAYL","Thangamayil Jewellery Limited","EQ","Interim Dividend-Rs.4/- Per Share (Purpose Revised)","10","22-Mar-2011","23-Mar-2011","-","-"
"FOSECOIND","Foseco India Limited","EQ","Annual General Meeting And Final Dividend Rs.7/- Per Share","10","23-Mar-2011","-","25-Mar-2011","04-Apr-2011"
"RBN","Reliance Broadcast Network Limited","EQ","Annual General Meeting","5","23-Mar-2011","-","25-Mar-2011","31-Mar-2011"
"ARIHANT","Arihant Foundations & Housing Limited","EQ","Annual General Meeting And Dividend Re.1/- Per Share","10","23-Mar-2011","-","25-Mar-2011","31-Mar-2011"
"EIDPARRY","EID Parry India Limited","EQ","Interim Dividend-Rs.2/- Per Share (Purpose Revised)","1","24-Mar-2011","25-Mar-2011","-","-"
"ANTELOPUS","Antelopus Selan Energy Limited","EQ","2nd Interim Dividend-Rs.1.50 Per Share (Purpose Revised)","10","24-Mar-2011","25-Mar-2011","-","-"
"KINETICMOT","Kinetic Motor Company Limited","EQ","Annual General Meeting","10","24-Mar-2011","-","28-Mar-2011","28-Mar-2011"
"GODREJCP","Godrej Consumer Products Limited","EQ","Annual Book Closure","1","25-Mar-2011","-","29-Mar-2011","29-Mar-2011"
"BFUTILITIE","BF Utilities Limited","EQ","Annual General Meeting","5","25-Mar-2011","-","29-Mar-2011","29-Mar-2011"
"DHANUS","Dhanus Technologies Limited","EQ","Annual General Meeting","10","25-Mar-2011","-","29-Mar-2011","31-Mar-2011"
"CGPOWER","CG Power and Industrial Solutions Limited","EQ","3rd Interim Dividend-Re.0.60 Per Share (Purpose Revised)","2","28-Mar-2011","29-Mar-2011","-","-"
"SRHHYPOLTD","Sree Rayalaseema Hi-Strength Hypo Limited","EQ","Interim Dividend-Rs.1.50 Per Share","10","28-Mar-2011","29-Mar-2011","-","-"
"ACC","ACC Limited","EQ","Final Dividend Rs.13/- Per Share And One Time Special Dividend Rs.7.50/- Per Share","10","29-Mar-2011","-","31-Mar-2011","13-Apr-2011"
"MAARSOFTW","Maars Software International Limited","EQ","Annual General Meeting","10","29-Mar-2011","-","31-Mar-2011","31-Mar-2011"
"VTL","Vardhman Textiles Limited","EQ","Scheme Of Arrangement","2","29-Mar-2011","30-Mar-2011","-","-"
"COLPAL","Colgate Palmolive (India) Limited","EQ","3rd Interim Dividend-Rs.7/- Per Share (Purpose Revised)","1","30-Mar-2011","31-Mar-2011","-","-"
"SCHAEFFLER","Schaeffler India Limited","EQ","Dividend - Rs.5/- Per Share","2","30-Mar-2011","-","01-Apr-2011","05-Apr-2011"
"INDNIPPON","India Nippon Electricals Limited","EQ","2nd Interim Dividend-Rs.3.50 Per Share (Purpose Revised)","5","30-Mar-2011","31-Mar-2011","-","-"
"HONAUT","Honeywell Automation India Limited","EQ","Dividend-Rs.10/- Per Share","10","30-Mar-2011","-","05-Apr-2011","14-Apr-2011"
"SANOFI","Sanofi India Limited","EQ","Annual General Meeting And Dividend - Final - Rs.23/- And Special - Rs.28/- Per Share","10","31-Mar-2011","-","06-Apr-2011","26-Apr-2011"
"TIMKEN","Timken India Limited","EQ","Annual General Meeting","10","07-Apr-2011","-","11-Apr-2011","21-Apr-2011"
"SANWARIA","Sanwaria Consumer Limited","EQ","Bonus 1:1","1","07-Apr-2011","08-Apr-2011","-","-"
"VESUVIUS","Vesuvius India Limited","EQ","Dividend - Rs. 4.00 Per Share","1","08-Apr-2011","-","12-Apr-2011","19-Apr-2011"
"ALEMBICLTD","Alembic Limited","EQ","Scheme Of Arrangement","2","11-Apr-2011","14-Apr-2011","-","-"
"SUDARCOLOR","Sudarshan Colorants India Limited","EQ","Dividend - Rs. 20 Per Share","10","11-Apr-2011","-","15-Apr-2011","26-Apr-2011"
"ALFALAVAL","Alfa Laval (India) Limited","EQ","Dividend - Rs.30/- Per Share","10","11-Apr-2011","-","14-Apr-2011","28-Apr-2011"
"KKCL","Kewal Kiran Clothing Limited","EQ","Special Interim Dividend Rs 6 Per Share","10","13-Apr-2011","16-Apr-2011","-","-"
"ADVANTA","Advanta Limited","EQ","Annual General Meeting","2","15-Apr-2011","-","19-Apr-2011","29-Apr-2011"
"DICIND","DIC India Limited","EQ","Dividend - Final Rs 4/- And Special Re 1/- Per Share","10","15-Apr-2011","-","19-Apr-2011","28-Apr-2011"
"BLUEDART","Blue Dart Express Limited","EQ","Annual General Meeting And Dividend Re.1/- Per Share","10","15-Apr-2011","-","19-Apr-2011","26-Apr-2011"
"KSB","Ksb Limited","EQ","Bonus 1:1","2","18-Apr-2011","19-Apr-2011","-","-"
"HUHTAMAKI","Huhtamaki India Limited","EQ","Dividend Rs 2.20 Per Share","2","18-Apr-2011","-","20-Apr-2011","27-Apr-2011"
"ABBOTINDIA","Abbott India Limited","EQ","Annual General Meeting / Final Dividend - Rs.17/- Per Share","10","19-Apr-2011","-","21-Apr-2011","27-Apr-2011"
"CEMPRO","Cemindia Projects Limited","EQ","Annual General Meeting And Dividend Rs. 1.50 Per Share","1","19-Apr-2011","-","21-Apr-2011","28-Apr-2011"
"GPPL","Gujarat Pipavav Port Limited","EQ","Annual General Meeting","10","20-Apr-2011","-","22-Apr-2011","29-Apr-2011"
"HEXAWARE","Hexaware Technologies Limited","EQ","Annual General Meeting","2","20-Apr-2011","-","23-Apr-2011","27-Apr-2011"
"CRISIL","CRISIL Limited","EQ","Interim Dividend Rs.27.50 Per Share (Purpose Revised)","1","20-Apr-2011","22-Apr-2011","-","-"
"HEROMOTOCO","Hero MotoCorp Limited","EQ","Interim Dividend-Rs.70/- Per Share (Purpose Revised)","2","20-Apr-2011","21-Apr-2011","-","-"
"STYRENIX","Styrenix Performance Materials Limited","EQ","Dividend - Rs. 4 Per Share","10","20-Apr-2011","-","25-Apr-2011","29-Apr-2011"
"LYKALABS","Lyka Labs Limited","EQ","Annual General Meeting","10","20-Apr-2011","-","25-Apr-2011","29-Apr-2011"
"ESABINDIA","Esab India Limited","EQ","Annual General Meeting","10","20-Apr-2011","-","22-Apr-2011","27-Apr-2011"
"NESTLEIND","Nestle India Limited","EQ","Final Dividend Rs.12.50/- Per Share And Interim Dividend Rs.9/- Per Share(Purpose Revised)","1","21-Apr-2011","-","26-Apr-2011","27-Apr-2011"
"EMBDL","Embassy Developments Limited","EQ","Scheme Of Arrangement","2","21-Apr-2011","25-Apr-2011","-","-"
"SKFINDIA","SKF India Limited","EQ","Annual General Meeting And Dividend Of Rs. 7 Per Share","10","25-Apr-2011","-","27-Apr-2011","03-May-2011"
"HCLTECH","HCL Technologies Limited","EQ","3rd Interim Dividend-Rs.2/- Per Share (Purpose Revised)","2","25-Apr-2011","26-Apr-2011","-","-"
"FMGOETZE","Federal-Mogul Goetze (India) Limited.","EQ","Annual General Meeting","10","26-Apr-2011","-","28-Apr-2011","09-May-2011"
"THOMASCOOK","Thomas Cook  (India)  Limited","EQ","Annual General Meeting / Dividend - Rs. 0.375 Per Share","1","26-Apr-2011","-","28-Apr-2011","05-May-2011"
"GVT&D","GE Vernova T&D India Limited","EQ","Dividend-Rs.1.80 Per Share","2","26-Apr-2011","-","28-Apr-2011","04-May-2011"
"THIRUSUGAR","Thiru Arooran Sugars Limited","EQ","Annual General Meeting","10","27-Apr-2011","-","29-Apr-2011","06-May-2011"
"RANBAXY","Ranbaxy Laboratories Limited","EQ","Dividend - Rs. 2 Per Share","5","28-Apr-2011","-","30-Apr-2011","09-May-2011"
"GDL","Gateway Distriparks Limited","EQ","3rd Interim Dividend-Rs.2/- Per Share (Purpose Revised)","10","29-Apr-2011","02-May-2011","-","-"
"SBBJ","State Bank of Bikaner and Jaipur","EQ","Dividend-Rs.9.20 Per Share (Purpose Revised)","10","02-May-2011","-","04-May-2011","10-May-2011"
"GMBREW","GM Breweries Limited","EQ","Dividend-Rs.2.50 Per Share","10","02-May-2011","-","04-May-2011","10-May-2011"
"ABB","ABB India Limited","EQ","Annual General Meeting And Dividend - Rs.2/- Per Share","2","02-May-2011","-","04-May-2011","10-May-2011"
"SBT","State Bank of Travancore","EQ","Dividend-Rs.10/- Per Share (Purpose Revised)","10","03-May-2011","-","05-May-2011","07-May-2011"
"MMFL","MM Forgings Limited","EQ","Interim Dividend-Rs.3/- Per Share","10","03-May-2011","04-May-2011","-","-"
"TRIVENI","Triveni Engineering & Industries Limited","EQ","Scheme Of Arrangement","1","03-May-2011","04-May-2011","-","-"
"RAIN","Rain Industries Limited","EQ","Annual General Meeting And Dividend - Rs. 4.60 Per Share","2","03-May-2011","-","05-May-2011","12-May-2011"
"ONMOBILE","OnMobile Global Limited","EQ","Bonus 1:1","10","03-May-2011","04-May-2011","-","-"
"MYSOREBANK","State Bank of Mysore","EQ","Dividend Rs 10 Per Share (Purpose Revised) (Book Closure Revised)","10","04-May-2011","-","06-May-2011","12-May-2011"
"HCL-INSYS","HCL Infosystems Limited","EQ","3rd Interim Dividend-Rs.2/- Per Share (Purpose Revised)","2","05-May-2011","06-May-2011","-","-"
"ADANIPORTS","Adani Ports and Special Economic Zone Limited","EQ","Interim Dividend-Re.0.40 Per Share (Purpose Revised)","2","05-May-2011","06-May-2011","-","-"
"RELIANCE","Reliance Industries Limited","EQ","Dividend-Rs.8/- Per Share","10","05-May-2011","-","09-May-2011","14-May-2011"
"ALLCARGO","Allcargo Logistics Limited","EQ","Annual General Meeting/Special Dividend Rs.2/- Per Share And Final Dividend Re.0.50 Per Share","2","05-May-2011","-","09-May-2011","13-May-2011"
"ASAL","Automotive Stampings and Assemblies Limited","EQ","Annual General Meeting And Dividend Rs.2/- Per Share","10","05-May-2011","-","07-May-2011","09-May-2011"
"BIOCON","Biocon Limited","EQ","Interim Dividend-Rs.1.50 Per Share (Purpose Revised)","5","05-May-2011","06-May-2011","-","-"
"BAJAJCON","Bajaj Consumer Care Limited","EQ","Face Value Split From Rs.5/- To Re.1/-","1","05-May-2011","06-May-2011","-","-"
"FOSECOIND","Foseco India Limited","EQ","1st Interim Dividend - Rs. 2 Per Share (Purpose Revised)","10","05-May-2011","07-May-2011","-","-"
"MARICO","Marico Limited","EQ","2nd Interim Dividend  Re 0.36 Per Share (Purpose Revised)","1","06-May-2011","09-May-2011","-","-"
"GODREJCP","Godrej Consumer Products Limited","EQ","4th Interim Dividend - Rs 1.50 Per Share (Purpose Revised)","1","09-May-2011","10-May-2011","-","-"
"IMPAL","India Motor Parts and Accessories Limited","EQ","Interim Dividend Rs 17 Per Share (Purpose Revised)","10","09-May-2011","10-May-2011","-","-"
"GLOBOFFS","Global Offshore Services Limited","EQ","3rd Interim Dividend-Re.0.50 Per Share","10","09-May-2011","10-May-2011","-","-"
"XCHANGING","Xchanging Solutions Limited","EQ","Annual General Meeting","10","11-May-2011","-","13-May-2011","23-May-2011"
"CHEMFALKAL","Chemfab Alkalis Limited","EQ","Annual General Meeting And Dividend Rs.2.50 Per Share","5","12-May-2011","-","14-May-2011","23-May-2011"
"DENORA","De Nora India Limited","EQ","Dividend-Rs.5/- Per Share","10","12-May-2011","-","16-May-2011","20-May-2011"
"BOSCHLTD","Bosch Limited","EQ","Dividend - Rs. 40 Per Share","10","12-May-2011","-","14-May-2011","26-May-2011"
"ALBK","Allahabad Bank","EQ","Annual General Meeting And Dividend Rs.6/- Per Share","10","12-May-2011","-","16-May-2011","10-Jun-2011"
"RSYSTEMS","R Systems International Limited","EQ","Annual General Meeting And Dividend Rs.2.40 Per Share","1","13-May-2011","-","17-May-2011","25-May-2011"
"ZUARIIND","ZUARI INDUSTRIES LIMITED","EQ","Dividend-Rs.4.50 Per Share (Purpose Revised)","10","16-May-2011","-","19-May-2011","26-May-2011"
"LLOYDFIN","Lloyds Finance Limited","EQ","Annual General Meeting","10","18-May-2011","-","20-May-2011","27-May-2011"
"RAYMOND","Raymond Limited","EQ","Annual General Meeting And Dividend Re.1/- Per Share","10","18-May-2011","-","20-May-2011","07-Jun-2011"
"STAR","Strides Pharma Science Limited","EQ","Annual General Meeting And Dividend Rs.1.50 Per Share","10","18-May-2011","-","20-May-2011","30-May-2011"
"BELLCERATL","Bell Ceramics Limited","EQ","Annual General Meeting","10","19-May-2011","-","23-May-2011","28-May-2011"
"OILCOUNTUB","Oil Country Tubular Limited","EQ","Dividend-Rs.2/- Per Share","10","19-May-2011","-","23-May-2011","28-May-2011"
"KAJARIACER","Kajaria Ceramics Limited","EQ","Annual General Meeting And Dividend - Rs. 2 Per Share","1","19-May-2011","-","23-May-2011","02-Jun-2011"
"SBIN","State Bank of India","EQ","Dividend-Rs.30/- Per Share (Purpose Revised)","1","20-May-2011","-","24-May-2011","28-May-2011"
"LINDEINDIA","Linde India Limited","EQ","Annual General Meeting And Dividend Rs.1.50 Per Share","10","20-May-2011","-","24-May-2011","02-Jun-2011"
"DCBBANK","DCB Bank Limited","EQ","Annual General Meeting","10","23-May-2011","-","25-May-2011","01-Jun-2011"
"RIIL","Reliance Industrial Infrastructure Limited","EQ","Dividend-Rs.3.50 Per Share","10","23-May-2011","-","25-May-2011","31-May-2011"
"HIKAL","Hikal Limited","EQ","Interim Dividend-Rs.3/- Per Share","2","24-May-2011","25-May-2011","-","-"
"HEXAWARE","Hexaware Technologies Limited","EQ","Interim Dividend - Rs.0.50 Per Share","2","26-May-2011","28-May-2011","-","-"
"INFY","Infosys Limited","EQ","Annual General Meeting And Final Dividend Rs.20/- Per Share","5","26-May-2011","-","28-May-2011","11-Jun-2011"
"HCC","Hindustan Construction Company Limited","EQ","Annual General Meeting And Dividend Re.0.40 Per Share","1","30-May-2011","-","01-Jun-2011","10-Jun-2011"
"INDIANB","Indian Bank","EQ","Annual General Meeting And Dividend Rs.7.50 Per Share","10","30-May-2011","-","01-Jun-2011","03-Jun-2011"
"PREMIER","Premier Limited","EQ","Annual General Meeting/Dividend Rs.2.70 Per Share","10","30-May-2011","-","01-Jun-2011","11-Jun-2011"
"KOTHARIPET","Kothari Petrochemicals Limited","EQ","Interim Dividend-Re.0.50 Per Share","10","30-May-2011","31-May-2011","-","-"
"PSB","Punjab & Sind Bank","EQ","Dividend-Rs.2/- Per Share","10","31-May-2011","-","02-Jun-2011","16-Jun-2011"
"SMARTLINK","Smartlink Holdings Limited","EQ","Special Interim Dividend Rs 30 Per Share (Purpose Revised)","2","31-May-2011","01-Jun-2011","-","-"
"KANSAINER","Kansai Nerolac Paints Limited","EQ","Annual General Meeting And Divided - Rs.10 Per Share","1","02-Jun-2011","-","04-Jun-2011","10-Jun-2011"
"PAGEIND","Page Industries Limited","EQ","1st Interim Dividend Rs.5/- Per Share (Purpose Revised)","10","02-Jun-2011","03-Jun-2011","-","-"
"SILINV","SIL Investments Limited","EQ","Dividend - Re. 1 Per Share","10","02-Jun-2011","-","04-Jun-2011","10-Jun-2011"
"SUTLEJTEX","Sutlej Textiles and Industries Limited","EQ","Dividend - Final Rs.5 Per Share And Special - Rs. 2.50 Per Share","1","02-Jun-2011","-","04-Jun-2011","10-Jun-2011"
"LGBBROSLTD","LG Balakrishnan & Bros Limited","EQ","Dividend-Rs.10/- Per Share","10","02-Jun-2011","-","06-Jun-2011","15-Jun-2011"
"LGBFORGE","LGB Forge Limited","EQ","Annual General Meeting","1","02-Jun-2011","-","06-Jun-2011","15-Jun-2011"
"SHANTIGEAR","Shanthi Gears Limited","EQ","Dividend-Re.1/- Per Share","1","02-Jun-2011","-","04-Jun-2011","11-Jun-2011"
"HDFCBANK","HDFC Bank Limited","EQ","Annual General Meeting And Dividend Rs.16.50 Per Share","1","02-Jun-2011","-","04-Jun-2011","10-Jun-2011"
"HEIDELBERG","HeidelbergCement India Limited","EQ","Annual General Meeting","10","02-Jun-2011","-","06-Jun-2011","10-Jun-2011"
"ICICIBANK","ICICI Bank Limited","EQ","Annual General Meeting And Dividend Rs.14/- Per Share","2","02-Jun-2011","-","04-Jun-2011","27-Jun-2011"
"EONELECT","Eon Electric Limited","EQ","Annual General Meeting","10","03-Jun-2011","-","07-Jun-2011","11-Jun-2011"
"SUNDRMFAST","Sundram Fasteners Limited","EQ","2nd Interim Dividend","1","06-Jun-2011","07-Jun-2011","-","-"
"SURANAIND","Surana Industries Limited","EQ","Annual General Meeting And Dividend Rs.1.80 Per Share","10","06-Jun-2011","-","08-Jun-2011","10-Jun-2011"
"TORNTPHARM","Torrent Pharmaceuticals Limited","EQ","Final Dividend Rs.6/- Per Share And Special Dividend Rs.2/- Per Share (Purpose Revised)","5","06-Jun-2011","-","08-Jun-2011","10-Jun-2011"
"RALLIS","Rallis India Limited","EQ","Annual General Meeting And Dividend Rs.11/- Per Share","1","08-Jun-2011","-","10-Jun-2011","16-Jun-2011"
"AXISBANK","Axis Bank Limited","EQ","Annual General Meeting And Dividend Rs.14/- Per Share","2","08-Jun-2011","-","10-Jun-2011","17-Jun-2011"
"SONATSOFTW","Sonata Software Limited","EQ","Annual General Meeting And Dividend Re.1/- Per Share","1","08-Jun-2011","-","10-Jun-2011","15-Jun-2011"
"CMC","CMC Limited","EQ","Dividend Rs.20/- Per Share And Bonus 1:1","10","08-Jun-2011","-","10-Jun-2011","10-Jun-2011"
"SIGMAADV","SIGMA ADVANCED SYSTEMS LIMITED","EQ","Annual General Meeting","10","08-Jun-2011","-","10-Jun-2011","17-Jun-2011"
"TCS","Tata Consultancy Services Limited","EQ","Dividend-Rs.8/- Per Share","1","08-Jun-2011","-","10-Jun-2011","23-Jun-2011"
"ASIANPAINT","Asian Paints Limited","EQ","Annual General Meeting And Dividend Rs.23.50 Per Share","1","09-Jun-2011","-","11-Jun-2011","24-Jun-2011"
"ASAL","Automotive Stampings and Assemblies Limited","EQ","Rights 5:9 @ Premium Rs. 42 Per Share","10","09-Jun-2011","10-Jun-2011","-","-"
"INDNIPPON","India Nippon Electricals Limited","EQ","3rd Interim Dividend-Re.1/- Per Share","5","09-Jun-2011","11-Jun-2011","-","-"
"JKPAPER","JK Paper Limited","EQ","Annual General Meeting","10","09-Jun-2011","-","11-Jun-2011","13-Jun-2011"
"MIRCELECTR","MIRC Electronics Limited","EQ","Dividend-Re.1/- Per Share","1","09-Jun-2011","-","13-Jun-2011","24-Jun-2011"
"MANAPPURAM","Manappuram Finance Limited","EQ","Bonus Shares In The Ratio Of 1:1","2","09-Jun-2011","10-Jun-2011","-","-"
"BIRLACORPN","Birla Corporation Limited","EQ","Annual General Meeting And Dividend Rs.3.50 Per Share","10","10-Jun-2011","-","14-Jun-2011","27-Jun-2011"
"DHANBANK","Dhanlaxmi Bank Limited","EQ","Annual General Meeting And Dividend Re.0.50 Per Share","10","10-Jun-2011","-","14-Jun-2011","22-Jun-2011"
"ITC","ITC Limited","EQ","Dividend Final Rs 2.80 And Special Rs 1.65 Per Share","1","10-Jun-2011","-","14-Jun-2011","21-Jun-2011"
"BATAINDIA","Bata India Limited","EQ","Annual General Meeting And Dividend Rs.4/- Per Share","5","10-Jun-2011","-","14-Jun-2011","28-Jun-2011"
"SHRIRAMFIN","Shriram Finance Limited","EQ","Annual General Meeting And Final Dividend-Rs.4/- Per Share","2","10-Jun-2011","-","14-Jun-2011","24-Jun-2011"
"COLPAL","Colgate Palmolive (India) Limited","EQ","1st Interim Dividend Rs.8/- Per Share (Purpose Revised)","1","13-Jun-2011","14-Jun-2011","-","-"
"POONAWALLA","Poonawalla Fincorp Limited","EQ","Dividend-Re.0.60 Per Share","2","13-Jun-2011","-","15-Jun-2011","21-Jun-2011"
"CASTROL","Castrol India Limited","EQ","Dividend Rs 8 Per Share","10","13-Jun-2011","-","15-Jun-2011","27-Jun-2011"
"VIDEOIND","Videocon Industries Limited","EQ","Annual General Meeting And Dividend Re.1/- Per Share","10","14-Jun-2011","-","16-Jun-2011","29-Jun-2011"
"ORIENTBANK","Oriental Bank of Commerce","EQ","Annual General Meeting And Dividend Rs.10.40 Per Share","10","14-Jun-2011","-","16-Jun-2011","23-Jun-2011"
"UMIYA-MRO","UMIYA BUILDCON LIMITED","EQ","Annual General Meeting (Purpose Revised)","5","14-Jun-2011","-","16-Jun-2011","29-Jun-2011"
"RESPONIND","Responsive Industries Limited","EQ","Annual General Meeting And Dividend Re.0.10 Per Share","1","14-Jun-2011","-","16-Jun-2011","20-Jun-2011"
"NAVINFLUOR","Navin Fluorine International Limited","EQ","Annual General Meeting And Dividend Rs.8.50 Per Share","2","14-Jun-2011","-","16-Jun-2011","22-Jun-2011"
"VALUEIND","Value Industries Limited","EQ","Annual General Meeting And Dividend Re.1/- Per Share","10","14-Jun-2011","-","16-Jun-2011","29-Jun-2011"
"SYNDIBANK","Syndicate Bank","EQ","Annual General Meeting And Dividend Rs.3.70 Per Share","10","15-Jun-2011","-","17-Jun-2011","25-Jun-2011"
"JAGRAN","Jagran Prakashan Limited","EQ","Dividend-Rs.3.50 Per Share","2","15-Jun-2011","-","17-Jun-2011","22-Jun-2011"
"ANDHRABANK","Andhra Bank","EQ","Annual General Meeting And Dividend Rs.5.50 Per Share","10","15-Jun-2011","-","17-Jun-2011","21-Jun-2011"
"RAIN","Rain Industries Limited","EQ","Face Value Split From Rs.10/- To Rs.2/-","2","15-Jun-2011","16-Jun-2011","-","-"
"CENTENKA","Century Enka Limited","EQ","Annual General Meeting/Dividend Rs. 6.50 Per Share","10","15-Jun-2011","-","17-Jun-2011","27-Jun-2011"
"DIVISLAB","Divi's Laboratories Limited","EQ","Annual General Meeting And Dividend Rs.10/- Per Share","2","16-Jun-2011","-","18-Jun-2011","24-Jun-2011"
"MVL","MVL Limited","EQ","Annual General Meeting And Dividend Re.0.05 Per Share","1","16-Jun-2011","-","20-Jun-2011","25-Jun-2011"
"UNIONBANK","Union Bank of India","EQ","Annual General Meeting And Dividend Rs.8/- Per Share","10","16-Jun-2011","-","18-Jun-2011","29-Jun-2011"
"INDIABULLS","Indiabulls Financial Services Limited","EQ","Annual General Meeting And Dividend Rs.5/- Per Share","2","16-Jun-2011","-","20-Jun-2011","27-Jun-2011"
"PNB","Punjab National Bank","EQ","Annual General Meeting And Dividend Rs.22/- Per Share","2","16-Jun-2011","-","18-Jun-2011","27-Jun-2011"
"MAHABANK","Bank of Maharashtra","EQ","Dividend-Rs.2/- Per Share","10","16-Jun-2011","-","18-Jun-2011","27-Jun-2011"
"JSWENERGY","JSW Energy Limited","EQ","Annual General Meeting And Dividend Re.1/- Per Share","10","16-Jun-2011","-","18-Jun-2011","28-Jun-2011"
"CCCL","Consolidated Construction Consortium Limited","EQ","Annual General Meeting And Dividend Re.0.50 Per Share","2","16-Jun-2011","-","20-Jun-2011","27-Jun-2011"
"BILVYAPAR","BIL VYAPAR LIMITED","EQ","Annual General Meeting / Dividend - Rs.3/- Per Share","10","16-Jun-2011","-","20-Jun-2011","27-Jun-2011"
"BINANICEM","Binani Cement Limited","EQ","Annual General Meeting/Dividend-Rs.2.50 Per Share","10","16-Jun-2011","-","20-Jun-2011","27-Jun-2011"
"TORNTPOWER","Torrent Power Limited","EQ","Final Dividend Rs.3/- Per Share And Special Dividend Rs.2.50 Per Share","10","16-Jun-2011","-","20-Jun-2011","22-Jun-2011"
"HINDZINC","Hindustan Zinc Limited","EQ","Dividend-Re.1/- Per Share","2","16-Jun-2011","-","18-Jun-2011","25-Jun-2011"
"PETRONET","Petronet LNG Limited","EQ","Annual General Meeting And Dividend Rs.2/- Per Share","10","16-Jun-2011","-","20-Jun-2011","30-Jun-2011"
"THANGAMAYL","Thangamayil Jewellery Limited","EQ","Dividend-Re.1/- Per Share","10","16-Jun-2011","-","20-Jun-2011","29-Jun-2011"
"OBEROIRLTY","Oberoi Realty Limited","EQ","Dividend-Re.1/- Per Share","10","16-Jun-2011","-","18-Jun-2011","30-Jun-2011"
"PNBGILTS","PNB Gilts Limited","EQ","Dividend-Rs.1.20 Per Share","10","16-Jun-2011","-","18-Jun-2011","25-Jun-2011"
"BBL","Bharat Bijlee Limited","EQ","Annual General Meeting And Dividend Rs.25/- Per Share","5","16-Jun-2011","-","20-Jun-2011","24-Jun-2011"
"YESBANK","Yes Bank Limited","EQ","Annual General Meeting And Dividend Rs.2.50 Per Share","2","17-Jun-2011","-","21-Jun-2011","28-Jun-2011"
"CORPBANK","Corporation Bank","EQ","Annual General Meeting/Dividend Rs 20 Per Share","2","17-Jun-2011","-","21-Jun-2011","27-Jun-2011"
"VIJAYABANK","Vijaya Bank","EQ","Annual General Meeting/Dividend Rs.2.50 Per Share/Election Of Directors","10","17-Jun-2011","-","21-Jun-2011","25-Jun-2011"
"SOFTTECHGR","Software Technology Group International Limited","EQ","Annual General Meeting","10","17-Jun-2011","-","21-Jun-2011","27-Jun-2011"
"KESORAMIND","Kesoram Industries Limited","EQ","Dividend-Rs.3.25 Per Share","10","17-Jun-2011","-","21-Jun-2011","05-Jul-2011"
"GRINDWELL","Grindwell Norton Limited","EQ","Annual General Meeting/Dividend - Rs.6/- Per Share","5","17-Jun-2011","-","21-Jun-2011","24-Jun-2011"
"MICROTECH","Micro Technologies (India) Limited","EQ","Annual General Meeting And Dividend Rs.2/- Per Share","10","17-Jun-2011","-","21-Jun-2011","28-Jun-2011"
"ELNET","Elnet Technologies Limited","EQ","Annual General Meeting/Div.@1.20 Per Share","10","20-Jun-2011","-","22-Jun-2011","28-Jun-2011"
"PATNI","Patni Computer Systems Limited","EQ","Annual General Meeting","2","20-Jun-2011","-","22-Jun-2011","29-Jun-2011"
"RKFORGE","Ramkrishna Forgings Limited","EQ","Annual General Meeting / Dividend - Rs.2/- Per Share","2","20-Jun-2011","-","22-Jun-2011","30-Jun-2011"
"ZEELEARN","Zee Learn Limited","EQ","Annual General Meeting","1","20-Jun-2011","-","22-Jun-2011","29-Jun-2011"
"KTIL","Kesar Terminals & Infrastructure Limited","EQ","Dividend-Re.1/- Per Share","5","20-Jun-2011","-","22-Jun-2011","29-Jun-2011"
"STERLINBIO","Sterling Biotech Limited","EQ","Annual General Meeting And Dividend Re.0.50 Per Share","1","21-Jun-2011","-","23-Jun-2011","30-Jun-2011"
"COX&KINGS","Cox & Kings Limited","EQ","Face Value Split From Rs.10/- To Rs.5/-","5","21-Jun-2011","22-Jun-2011","-","-"
"TATASTLLP","Tata Steel Long Products Limited","EQ","Annual General Meeting/Dividend Rs 8 Per Share","10","21-Jun-2011","-","23-Jun-2011","30-Jun-2011"
"ZYDUSWELL","Zydus Wellness Limited","EQ","Annual General Meeting And Dividend Rs.4/- Per Share","2","22-Jun-2011","-","24-Jun-2011","30-Jun-2011"
"WHIRLPOOL","Whirlpool of India Limited","EQ","Annual General Meeting","10","22-Jun-2011","-","24-Jun-2011","01-Jul-2011"
"SUJANATOW","Sujana Tower Limited","EQ","Annual General Meeting","1","22-Jun-2011","-","24-Jun-2011","24-Jun-2011"
"SURANACORP","Surana Corporation Limited","EQ","Dividend-Rs.1.80 Per Share","10","22-Jun-2011","-","24-Jun-2011","27-Jun-2011"
"HDFC","Housing Development Finance Corporation Limited","EQ","Dividend-Rs.9/- Per Share","2","22-Jun-2011","-","24-Jun-2011","08-Jul-2011"
"COFORGE","Coforge Limited","EQ","Annual General Meeting And Dividend Rs.7.50 Per Share","2","22-Jun-2011","-","24-Jun-2011","01-Jul-2011"
"NIITLTD","NIIT Limited","EQ","Annual General Meeting And Dividend Rs.1.50 Per Share","2","22-Jun-2011","-","24-Jun-2011","01-Jul-2011"
"CLCIND","CLC Industries Limited","EQ","Annual General Meeting","10","23-Jun-2011","-","27-Jun-2011","30-Jun-2011"
"WINSOMYARN","Winsome Yarns Limited","EQ","Annual General Meeting","1","23-Jun-2011","-","27-Jun-2011","28-Jun-2011"
"KEC","KEC International Limited","EQ","Annual General Meeting And Dividend Rs.1.20 Per Share","2","23-Jun-2011","-","27-Jun-2011","05-Jul-2011"
"BOSCHLTD","Bosch Limited","EQ","Special Dividend Rs.85/- Per Share","10","23-Jun-2011","26-Jun-2011","-","-"
"AJANTPHARM","Ajanta Pharma Limited","EQ","Dividend-Rs.5/- Per Share","2","23-Jun-2011","-","25-Jun-2011","01-Jul-2011"
"BANKBARODA","Bank of Baroda","EQ","Annual General Meeting And Dividend Rs.16.50 Per Share","2","23-Jun-2011","-","25-Jun-2011","04-Jul-2011"
"TITAN","Titan Company Limited","EQ","Bonus 1:1 / Face Value Split From Rs.10/- To Re.1/-","1","23-Jun-2011","24-Jun-2011","-","-"
"PETRONENGG","Petron Engineering Construction Limited","EQ","Annual General Meeting And Dividend Rs.2/- Per Share","10","23-Jun-2011","-","27-Jun-2011","07-Jul-2011"
"NUTEK","Nu Tek India Limited","EQ","Annual General Meeting","5","23-Jun-2011","-","25-Jun-2011","30-Jun-2011"
"SOBHA","Sobha Limited","EQ","Dividend-Rs.3/- Per Share","10","23-Jun-2011","-","25-Jun-2011","25-Jun-2011"
"PEACOCKIND","Peacock Industries Limited","EQ","Annual General Meeting","10","23-Jun-2011","-","25-Jun-2011","02-Jul-2011"
"ICSA","ICSA (India) Limited","EQ","Annual General Meeting And Dividend Rs.1.80 Per Share","2","24-Jun-2011","-","28-Jun-2011","29-Jun-2011"
"J&KBANK","The Jammu & Kashmir Bank Limited","EQ","Annual General Meeting And Dividend Rs.26/- Per Share","1","29-Jun-2011","-","04-Jul-2011","09-Jul-2011"
"SELMCL","SEL Manufacturing Company Limited","EQ","Annual General Meeting","10","29-Jun-2011","-","01-Jul-2011","05-Jul-2011"
"FINPIPE","Finolex Industries Limited","EQ","Dividend-Rs.3/- Per Share","2","29-Jun-2011","-","01-Jul-2011","16-Jul-2011"
"ASHOKLEY","Ashok Leyland Limited","EQ","Annual General Meeting And Dividend Rs.2/- Per Share","1","29-Jun-2011","-","01-Jul-2011","02-Jul-2011"
"XPROINDIA","Xpro India Limited","EQ","Dividend-Rs.2/- Per Share","10","29-Jun-2011","-","01-Jul-2011","08-Jul-2011"
"BAJAJ-AUTO","Bajaj Auto Limited","EQ","Annual General Meeting And Dividend Rs.40/- Per Share","10","29-Jun-2011","-","01-Jul-2011","14-Jul-2011"
"GVPIL","GE Power India Limited","EQ","Annual General Meeting And Dividend Rs.10/- Per Share","10","29-Jun-2011","-","01-Jul-2011","08-Jul-2011"
"BAJAJFINSV","Bajaj Finserv Limited","EQ","Annual General Meeting And Dividend Rs.1.25 Per Share","1","29-Jun-2011","-","01-Jul-2011","13-Jul-2011"
"ADFFOODS","ADF Foods Limited","EQ","Annual General Meeting And Dividend Rs.1.50 Per Share","2","29-Jun-2011","-","02-Jul-2011","15-Jul-2011"
"MAHSCOOTER","Maharashtra Scooters Limited","EQ","Annual General Meeting And Dividend Rs.9/- Per Share","10","29-Jun-2011","-","01-Jul-2011","12-Jul-2011"
"WABAG","VA Tech Wabag Limited","EQ","Annual General Meeting / Dividend - Rs.10/- Per Share","2","29-Jun-2011","-","02-Jul-2011","15-Jul-2011"
"BAJFINANCE","Bajaj Finance Limited","EQ","Annual General Meeting And Dividend Rs.10/- Per Share","1","29-Jun-2011","-","01-Jul-2011","13-Jul-2011"
"KOKUYOCMLN","Kokuyo Camlin Limited","EQ","Annual General Meeting And Dividend Re.0.25 Per Share","1","29-Jun-2011","-","01-Jul-2011","07-Jul-2011"
"DABUR","Dabur India Limited","EQ","Annual General Meeting And Dividend - Re. 0.65 Per Share","1","29-Jun-2011","-","01-Jul-2011","08-Jul-2011"
"TATAMETALI","Tata Metaliks Limited","EQ","Annual General Meeting","10","29-Jun-2011","-","04-Jul-2011","15-Jul-2011"
"NUCLEUS","Nucleus Software Exports Limited","EQ","Annual General Meeting / Dividend - Rs. 2.50 Per Share","10","29-Jun-2011","-","01-Jul-2011","08-Jul-2011"
"BSOFT","BIRLASOFT LIMITED","EQ","Dividend-Re.0.70 Per Share","2","29-Jun-2011","-","02-Jul-2011","08-Jul-2011"
"WIPRO","Wipro Limited","EQ","Annual General Meeting And Dividend Rs.4/- Per Share","2","29-Jun-2011","-","01-Jul-2011","19-Jul-2011"
"INGERRAND","Ingersoll Rand (India) Limited","EQ","Dividend-Rs.3/- Per Share","10","29-Jun-2011","-","01-Jul-2011","08-Jul-2011"
"TATAINVEST","Tata Investment Corporation Limited","EQ","Annual General Meeting","1","29-Jun-2011","-","01-Jul-2011","08-Jul-2011"
"CENTURYPLY","Century Plyboards (India) Limited","EQ","Annual General Meeting / Dividend- Re.1/- Per Share","1","29-Jun-2011","-","02-Jul-2011","09-Jul-2011"
"WELCORP","Welspun Corp Limited","EQ","Dividend-Rs.2/- Per Share","5","29-Jun-2011","-","04-Jul-2011","06-Jul-2011"
"BAJAJHLDNG","Bajaj Holdings & Investment Limited","EQ","Annual General Meeting And Dividend Rs.35/- Per Share","10","29-Jun-2011","-","01-Jul-2011","14-Jul-2011"
"ATUL","Atul Limited","EQ","Annual General Meeting And Dividend Rs.4.50 Per Share","10","29-Jun-2011","-","01-Jul-2011","04-Jul-2011"
"ELFORGE","EL Forge Limited","EQ","Issues Price Per Equity Share Is At Par And Ratio Of The Rights  Is 3:2 (Three Equity Shares For Every Two Shares Held)","10","29-Jun-2011","30-Jun-2011","-","-"
"STERTOOLS","Sterling Tools Limited","EQ","Annual General Meeting And Dividend Rs.5/- Per Share","2","29-Jun-2011","-","01-Jul-2011","06-Jul-2011"
"SUNDARMFIN","Sundaram Finance Limited","EQ","Annual General Meeting And Dividend Rs.7/- Per Share","10","29-Jun-2011","-","01-Jul-2011","13-Jul-2011"
"DBCORP","D.B.Corp Limited","EQ","Dividend-Rs.2/- Per Share","10","29-Jun-2011","-","02-Jul-2011","08-Jul-2011"
"PRSMJOHNSN","Prism Johnson Limited","EQ","Annual General Meeting","10","30-Jun-2011","-","05-Jul-2011","12-Jul-2011"
"WYETH","Wyeth Limited","EQ","Annual General Meeting And Dividend Rs.7/- Per Share","10","30-Jun-2011","-","05-Jul-2011","19-Jul-2011"
"INDUSINDBK","IndusInd Bank Limited","EQ","Annual General Meeting And Dividend Rs.2/- Per Share","10","30-Jun-2011","-","05-Jul-2011","15-Jul-2011"
"DRREDDY","Dr. Reddy's Laboratories Limited","EQ","Annual General Meeting And Dividend Rs.11.25 Per Share","1","30-Jun-2011","-","05-Jul-2011","09-Jul-2011"
"ELECTCAST","Electrosteel Castings Limited","EQ","Annual General Meeting And Dividend Rs.1.25 Per Share","1","30-Jun-2011","-","05-Jul-2011","11-Jul-2011"
"VEDL","Vedanta Limited","EQ","Dividend-Rs.3.50 Per Share","1","30-Jun-2011","-","05-Jul-2011","07-Jul-2011"
"GRUH","Gruh Finance Limited","EQ","Annual General Meeting/Final Dividend Rs.8.50 Per Share And Special Dividend Rs.2.50 Per Share","2","30-Jun-2011","-","05-Jul-2011","14-Jul-2011"
"TATASTEEL","Tata Steel Limited","EQ","Annual General Meeting/Dividend Rs 12 Per Share","1","04-Jul-2011","-","06-Jul-2011","12-Jul-2011"
"IOB","Indian Overseas Bank","EQ","Dividend-Rs.5/- Per Share","10","04-Jul-2011","-","06-Jul-2011","12-Jul-2011"
"LICHSGFIN","LIC Housing Finance Limited","EQ","Annual General Meeting And Dividend Rs.3.50 Per Share","2","04-Jul-2011","-","06-Jul-2011","20-Jul-2011"
"GLFL","Gujarat Lease Financing Limited","EQ","Annual General Meeting","10","05-Jul-2011","-","07-Jul-2011","13-Jul-2011"
"TTKPRESTIG","TTK Prestige Limited","EQ","Annual General Meeting And Dividend Rs.12.50 Per Share","1","05-Jul-2011","-","07-Jul-2011","15-Jul-2011"
"COSMOFIRST","COSMO FIRST LIMITED","EQ","Dividend-Rs.5/- Per Share","10","05-Jul-2011","-","07-Jul-2011","13-Jul-2011"
"UCOBANK","UCO Bank","EQ","Annual General Meeting And Dividend Rs.3/- Per Share","10","05-Jul-2011","-","07-Jul-2011","14-Jul-2011"
"TRF","TRF Limited","EQ","Annual General Meeting/Dividend Rs 2 Per Share","10","05-Jul-2011","-","07-Jul-2011","12-Jul-2011"
"INDORAMA","Indo Rama Synthetics (India) Limited","EQ","Annual General Meeting And Dividend Re.1/- Per Share","10","05-Jul-2011","-","07-Jul-2011","14-Jul-2011"
"CANBK","Canara Bank","EQ","Annual General Meeting And Dividend Rs.11/- Per Share","2","06-Jul-2011","-","08-Jul-2011","18-Jul-2011"
"INOXLEISUR","INOX Leisure Limited","EQ","Annual General Meeting","10","06-Jul-2011","-","08-Jul-2011","15-Jul-2011"
"FAME","Fame India Limited","EQ","Annual General Meeting","10","06-Jul-2011","-","08-Jul-2011","14-Jul-2011"
"IIFL","IIFL Finance Limited","EQ","Annual General Meeting","2","06-Jul-2011","-","08-Jul-2011","15-Jul-2011"
"AKSHOPTFBR","Aksh Optifibre Limited","EQ","Annual General Meeting","5","06-Jul-2011","-","08-Jul-2011","15-Jul-2011"
"HMVL","Hindustan Media Ventures Limited","EQ","Dividend-Re.1/- Per Share","10","06-Jul-2011","-","08-Jul-2011","15-Jul-2011"
"UTVSOF","UTV Software Communications Limited","EQ","Annual General Meeting","10","06-Jul-2011","-","08-Jul-2011","18-Jul-2011"
"MRPL","Mangalore Refinery and Petrochemicals Limited","EQ","Annual General Meeting And Dividend Re 1.20 Per Share","10","07-Jul-2011","-","09-Jul-2011","23-Jul-2011"
"GRAPHITE","Graphite India Limited","EQ","Annual General Meeting And Dividend Rs.3.50 Per Share","2","07-Jul-2011","-","11-Jul-2011","25-Jul-2011"
"DENABANK","Dena Bank","EQ","Annual General Meeting And Dividend Rs.2.20 Per Share","10","07-Jul-2011","-","09-Jul-2011","18-Jul-2011"
"THERMAX","Thermax Limited","EQ","Annual General Meeting And Dividend Rs.9/- Per Share","2","07-Jul-2011","-","11-Jul-2011","22-Jul-2011"
"JMTAUTOLTD","JMT Auto Limited","EQ","Annual General Meeting And Dividend Re.0.50 Per Share","1","07-Jul-2011","-","09-Jul-2011","14-Jul-2011"
"M&MFIN","Mahindra & Mahindra Financial Services Limited","EQ","Annual General Meeting And Dividend Rs.10/- Per Share","2","07-Jul-2011","-","09-Jul-2011","29-Jul-2011"
"BALRAMCHIN","Balrampur Chini Mills Limited","EQ","Annual General Meeting And Dividend Re.0.75 Per Share","1","07-Jul-2011","-","11-Jul-2011","23-Jul-2011"
"BANKINDIA","Bank of India","EQ","Annual General Meeting And Dividend Rs.7/- Per Share","10","07-Jul-2011","-","09-Jul-2011","14-Jul-2011"
"GFLLIMITED","GFL Limited","EQ","Annual General Meeting And Dividend Rs.2.50 Per Share","1","07-Jul-2011","-","11-Jul-2011","15-Jul-2011"
"ASTRAZEN","AstraZeneca Pharma India Limited","EQ","Dividend-Rs.10/- Per Share","2","07-Jul-2011","-","09-Jul-2011","22-Jul-2011"
"COROENGG","Coromandel Engineering Company Limited","EQ","Annual General Meeting And Dividend Rs.2.50 Per Share (Bc Dates Revised)","10","07-Jul-2011","-","11-Jul-2011","25-Jul-2011"
"REPRO","Repro India Limited","EQ","Annual General Meeting And Dividend Rs.6/- Per Share","10","07-Jul-2011","-","09-Jul-2011","16-Jul-2011"
"SOUTHBANK","The South Indian Bank Limited","EQ","Dividend-Re.0.50 Per Share","1","07-Jul-2011","-","09-Jul-2011","15-Jul-2011"
"SAMBHAAV","Sambhaav Media Limited","EQ","Annual General Meeting","1","07-Jul-2011","-","11-Jul-2011","16-Jul-2011"
"APOLLOHOSP","Apollo Hospitals Enterprise Limited","EQ","Annual General Meeting And Dividend Rs.3.75 Per Share","5","07-Jul-2011","-","09-Jul-2011","22-Jul-2011"
"DISHTV","Dish TV India Limited","EQ","Annual General Meeting","1","07-Jul-2011","-","11-Jul-2011","14-Jul-2011"
"POLARIS","POLARIS CONSULTING & SERVICES LIMITED","EQ","Annual General Meeting And Dividend Rs.4.50 Per Share","5","07-Jul-2011","-","11-Jul-2011","20-Jul-2011"
"GEOJITFSL","Geojit Financial Services Limited","EQ","Annual General Meeting And Dividend Re.0.75 Per Share","1","07-Jul-2011","-","09-Jul-2011","12-Jul-2011"
"EDELWEISS","Edelweiss Financial Services Limited","EQ","Annual General Meeting And Dividend Re.0.35 Per Share","1","07-Jul-2011","-","11-Jul-2011","25-Jul-2011"
"DCM","DCM  Limited","EQ","Annual General Meeting And Dividend Rs.2.50 Per Share","10","07-Jul-2011","-","09-Jul-2011","15-Jul-2011"
"SHPRE","Shree Precoated Steels Limited","EQ","Annual General Meeting","10","07-Jul-2011","-","09-Jul-2011","15-Jul-2011"
"BIOCON","Biocon Limited","EQ","Annual General Meeting/Dividend Rs 3 Per Share","5","07-Jul-2011","-","09-Jul-2011","21-Jul-2011"
"ZYDUSLIFE","Zydus Lifesciences Limited","EQ","Annual General Meeting And Dividend Rs.6.25 Per Share","1","07-Jul-2011","-","11-Jul-2011","19-Jul-2011"
"3IINFOTECH","3i Infotech Limited","EQ","Annual General Meeting And Dividend Rs.1.50 Per Share","10","07-Jul-2011","-","09-Jul-2011","29-Jul-2011"
"ESL","Electrosteel Steels Limited","EQ","Annual General Meeting","10","07-Jul-2011","-","09-Jul-2011","15-Jul-2011"
"ZODIACLOTH","Zodiac Clothing Company Limited","EQ","Annual General Meeting And Dividend Rs.5/- Per Share","10","07-Jul-2011","-","11-Jul-2011","15-Jul-2011"
"VARDHACRLC","Vardhman Acrylics Limited","EQ","Annual General Meeting","10","08-Jul-2011","-","12-Jul-2011","23-Jul-2011"
"BLUESTINFO","Blue Star Infotech Limited","EQ","Dividend-Rs.3/- Per Share","10","08-Jul-2011","-","12-Jul-2011","22-Jul-2011"
"JYOTISTRUC","Jyoti Structures Limited","EQ","Annual General Meeting/Final Dividend Rs.1.10 Per Share And Special Dividend Re.0.40 Per Share","2","08-Jul-2011","-","12-Jul-2011","21-Jul-2011"
"PRATIBHA","Pratibha Industries Limited","EQ","Annual General Meeting And Dividend Re.0.40 Per Share","2","08-Jul-2011","-","12-Jul-2011","15-Jul-2011"
"JSWDULUX","JSW Dulux Limited","EQ","Dividend-Rs.18/- Per Share","10","08-Jul-2011","-","12-Jul-2011","22-Jul-2011"
"IMFA","Indian Metals & Ferro Alloys Limited","EQ","Annual General Meeting And Dividend Rs.5/- Per Share","10","08-Jul-2011","-","12-Jul-2011","16-Jul-2011"
"VHL","Vardhman Holdings Limited","EQ","Annual General Meeting And Dividend Rs. 2.50 Per Share","10","08-Jul-2011","-","12-Jul-2011","23-Jul-2011"
"VTL","Vardhman Textiles Limited","EQ","Dividend-Rs.4.50 Per Share","2","08-Jul-2011","-","12-Jul-2011","23-Jul-2011"
"PFIZER","Pfizer Limited","EQ","Dividend-Rs.4/- Per Share","10","08-Jul-2011","-","12-Jul-2011","19-Jul-2011"
"PIIND","PI Industries Limited","EQ","Annual General Meeting And Dividend Rs.4/- Per Share","1","08-Jul-2011","-","12-Jul-2011","16-Jul-2011"
"KTKBANK","The Karnataka Bank Limited","EQ","Annual General Meeting And Dividend Rs.3/- Per Share","10","08-Jul-2011","-","12-Jul-2011","23-Jul-2011"
"JKLAKSHMI","JK Lakshmi Cement Limited","EQ","Annual General Meeting And Dividend Rs.1.25 Per Share","5","08-Jul-2011","-","12-Jul-2011","16-Jul-2011"
"PIDILITIND","Pidilite Industries Limited","EQ","Annual General Meeting And Dividend Rs.1.75 Per Share","1","08-Jul-2011","-","12-Jul-2011","26-Jul-2011"
"EIDPARRY","EID Parry India Limited","EQ","Annual General Meeting","1","08-Jul-2011","-","12-Jul-2011","27-Jul-2011"
"VSTIND","VST Industries Limited","EQ","Dividend-Rs.45/- Per Share","10","08-Jul-2011","-","12-Jul-2011","14-Jul-2011"
"HINDUNILVR","Hindustan Unilever Limited","EQ","Annual General Meeting And Dividend Rs.3.50 Per Share","1","08-Jul-2011","-","12-Jul-2011","27-Jul-2011"
"TATAELXSI","Tata Elxsi Limited","EQ","Annual General Meeting/Dividend Rs 7 Per Share","10","08-Jul-2011","-","12-Jul-2011","22-Jul-2011"
"BBOX","Black Box Limited","EQ","Annual General Meeting And Dividend Rs.2.25 Per Share","2","08-Jul-2011","-","12-Jul-2011","29-Jul-2011"
"MOTILALOFS","Motilal Oswal Financial Services Limited","EQ","Annual General Meeting And Dividend Rs.1.40 Per Share","1","11-Jul-2011","-","13-Jul-2011","21-Jul-2011"
"CYIENT","Cyient Limited","EQ","Annual General Meeting And Dividend Rs.1.25 Per Share","5","11-Jul-2011","-","13-Jul-2011","20-Jul-2011"
"ZENSARTECH","Zensar Technologies Limited","EQ","Annual General Meeting And Dividend Rs.3.50 Per Share","2","11-Jul-2011","-","13-Jul-2011","20-Jul-2011"
"ONWARDTEC","Onward Technologies Limited","EQ","Annual General Meeting","10","11-Jul-2011","-","13-Jul-2011","15-Jul-2011"
"CGPOWER","CG Power and Industrial Solutions Limited","EQ","Annual General Meeting","2","11-Jul-2011","-","13-Jul-2011","19-Jul-2011"
"SMARTLINK","Smartlink Holdings Limited","EQ","Dividend-Rs.2/- Per Share","2","11-Jul-2011","-","13-Jul-2011","20-Jul-2011"
"PONNIERODE","Ponni Sugars (Erode) Limited","EQ","Annual General Meeting And Dividend Rs.2/- Per Share","10","11-Jul-2011","-","13-Jul-2011","15-Jul-2011"
"DLINKINDIA","D-Link (India) Limited","EQ","Dividend-Re.0.30 Per Share","2","11-Jul-2011","-","13-Jul-2011","19-Jul-2011"
"JSWSTEEL","JSW Steel Limited","EQ","Annual General Meeting And Dividend Rs.12.25 Per Share","1","11-Jul-2011","-","13-Jul-2011","15-Jul-2011"
"HINDUJAFO","Hinduja Foundries Limited","EQ","Annual General Meeting","10","11-Jul-2011","-","13-Jul-2011","20-Jul-2011"
"RSSOFTWARE","R. S. Software (India) Limited","EQ","Dividend-Rs.2/- Per Share","5","12-Jul-2011","-","14-Jul-2011","20-Jul-2011"
"KOTAKBANK","Kotak Mahindra Bank Limited","EQ","Annual General Meeting And Dividend Re.0.50 Per Share","1","12-Jul-2011","-","14-Jul-2011","21-Jul-2011"
"VEEDOL","Veedol Corporation Limited","EQ","Annual General Meeting And Dividend Rs.60/- Per Share","2","12-Jul-2011","-","14-Jul-2011","20-Jul-2011"
"MAHLIFE","Mahindra Lifespace Developers Limited","EQ","Annual General Meeting And Dividend Rs.5/- Per Share","10","12-Jul-2011","-","14-Jul-2011","21-Jul-2011"
"SESHAPAPER","Seshasayee Paper and Boards Limited","EQ","Dividend - Rs.5/- Per Share","2","12-Jul-2011","-","14-Jul-2011","23-Jul-2011"
"VINYLINDIA","Vinyl Chemicals (India) Limited","EQ","Annual General Meeting/Final Dividend Re.0.25 Per Share And Special Dividend Re.0.25 Per Share","1","12-Jul-2011","-","14-Jul-2011","28-Jul-2011"
"KIRLOSENG","Kirloskar Oil Engines Limited","EQ","Annual General Meeting And Dividend Rs.4/- Per Share","2","12-Jul-2011","-","14-Jul-2011","21-Jul-2011"
"BHARATFIN","Bharat Financial Inclusion Limited","EQ","Annual General Meeting","10","13-Jul-2011","-","15-Jul-2011","20-Jul-2011"
"TUBEINVEST","Tube Investments of India Limited","EQ","Dividend-Rs.1.50 Per Share","2","13-Jul-2011","-","15-Jul-2011","01-Aug-2011"
"ESTER","Ester Industries Limited","EQ","Dividend-Rs.2/- Per Share","5","13-Jul-2011","-","15-Jul-2011","18-Jul-2011"
"JSWHL","JSW Holdings Limited","EQ","Annual General Meeting","10","13-Jul-2011","-","15-Jul-2011","22-Jul-2011"
"NAUKRI","Info Edge (India) Limited","EQ","Dividend-Re.0.75 Per Share","2","13-Jul-2011","-","15-Jul-2011","21-Jul-2011"
"ELGIEQUIP","Elgi Equipments Limited","EQ","Annual General Meeting And Dividend Re.1/- Per Share","1","13-Jul-2011","-","15-Jul-2011","29-Jul-2011"
"IVC","IL&FS Investment Managers Limited","EQ","Dividend-Rs.1.50 Per Share","2","13-Jul-2011","-","15-Jul-2011","27-Jul-2011"
"RAJPALAYAM","Rajapalayam Mills Limited","EQ","Final Dividend Rs.7.50 Per Share And Special Dividend Rs.7.50 Per Share/Bonus 1:1 (Purpose Revised)","10","13-Jul-2011","-","15-Jul-2011","20-Jul-2011"
"KIRLOSIND","Kirloskar Industries Limited","EQ","Annual General Meeting And Dividend Rs.2.50 Per Share","10","13-Jul-2011","-","15-Jul-2011","22-Jul-2011"
"SMLMAH","SML Mahindra Limited","EQ","Annual General Meeting/Final Dividend Rs.6.50 Per Share And Special Dividend Rs.1.50 Per Share","10","13-Jul-2011","-","15-Jul-2011","26-Jul-2011"
"CHESLINTEX","Cheslind Textiles Limited","EQ","Annual General Meeting","10","13-Jul-2011","-","15-Jul-2011","23-Jul-2011"
"INDIANHUME","Indian Hume Pipe Company Limited","EQ","Annual General Meeting And Dividend Rs.2/- Per Share","2","13-Jul-2011","-","15-Jul-2011","27-Jul-2011"
"SRF","SRF Limited","EQ","Annual General Meeting","10","13-Jul-2011","-","15-Jul-2011","22-Jul-2011"
"UMESLTD","Usha Martin Education & Solutions Limited","EQ","Annual General Meeting","1","13-Jul-2011","-","15-Jul-2011","28-Jul-2011"
"MINDTREE","MindTree Limited","EQ","Annual General Meeting/Dividend Rs 1.25 Per Share","10","13-Jul-2011","-","15-Jul-2011","21-Jul-2011"
"COROMANDEL","Coromandel International Limited","EQ","Dividend-Rs.3/- Per Share","1","13-Jul-2011","-","15-Jul-2011","21-Jul-2011"
"KBIL","Kirloskar Brothers Investments Limited","EQ","Annual General Meeting And Dividend Rs.2.50 Per Share","10","13-Jul-2011","-","15-Jul-2011","22-Jul-2011"
"VGUARD","V-Guard Industries Limited","EQ","Annual General Meeting And Dividend Rs.3.50 Per Share","1","13-Jul-2011","-","15-Jul-2011","25-Jul-2011"
"CESC","CESC Limited","EQ","Annual General Meeting And Dividend Rs.4/- Per Share","1","14-Jul-2011","-","16-Jul-2011","29-Jul-2011"
"BLUESTARCO","Blue Star Limited","EQ","Annual General Meeting And Dividend Rs.7/- Per Share","2","14-Jul-2011","-","16-Jul-2011","23-Jul-2011"
"MUKANDLTD","Mukand Limited","EQ","Annual General Meeting And Dividend Re.1/- Per Share","10","14-Jul-2011","-","16-Jul-2011","27-Jul-2011"
"PANCARBON","Panasonic Carbon India Company Limited","EQ","Annual General Meeting/Dividend Of Rs. 7/- Per Share","10","14-Jul-2011","-","16-Jul-2011","20-Jul-2011"
"UPL","UPL Limited","EQ","Annual General Meeting And Dividend Rs.2/- Per Share","2","14-Jul-2011","-","16-Jul-2011","26-Jul-2011"
"AARTIDRUGS","Aarti Drugs Limited","EQ","Annual General Meeting And Dividend Rs.2.50 Per Share","10","14-Jul-2011","-","16-Jul-2011","23-Jul-2011"
"HDFCBANK","HDFC Bank Limited","EQ","Face Value Split From Rs.10/- To Rs.2/-","1","14-Jul-2011","16-Jul-2011","-","-"
"EXCELCROP","Excel Crop Care Limited","EQ","Annual General Meeting And Dividend Rs.3.75 Per Share","5","14-Jul-2011","-","16-Jul-2011","27-Jul-2011"
"IVP","IVP Limited","EQ","Dividend-Rs.1.50 Per Share","10","14-Jul-2011","-","18-Jul-2011","23-Jul-2011"
"IDFC","IDFC Limited","EQ","Dividend-Rs.2/- Per Share","10","14-Jul-2011","-","16-Jul-2011","27-Jul-2011"
"ZEEMEDIA","Zee Media Corporation Limited","EQ","Annual General Meeting","1","14-Jul-2011","-","16-Jul-2011","25-Jul-2011"
"COLPAL","Colgate Palmolive (India) Limited","EQ","Annual General Meeting","1","14-Jul-2011","-","18-Jul-2011","22-Jul-2011"
"M&M","Mahindra & Mahindra Limited","EQ","Annual General Meeting/Final Dividend Rs.10.50 Per Share And Special Dividend Re.1/- Per Share","5","14-Jul-2011","-","16-Jul-2011","08-Aug-2011"
"EXCELINDUS","Excel Industries Limited","EQ","Annual General Meeting/Final Dividend Rs.2.50 Per Share And Special Dividend Rs.1.25 Per Share","5","14-Jul-2011","-","16-Jul-2011","22-Jul-2011"
"SWARAJENG","Swaraj Engines Limited","EQ","Dividend-Rs.10/- Per Share","10","14-Jul-2011","-","16-Jul-2011","22-Jul-2011"
"EXPLEOSOL","Expleo Solutions Limited","EQ","Annual General Meeting And Dividend Re. 1 Per Share","10","14-Jul-2011","-","16-Jul-2011","29-Jul-2011"
"UNITEDBNK","United Bank of India","EQ","Annual General Meeting And Dividend Rs.2.20 Per Share","10","14-Jul-2011","-","16-Jul-2011","29-Jul-2011"
"RANEENGINE","Rane Engine Valve Limited","EQ","Dividend-Rs.2/- Per Share","10","14-Jul-2011","-","16-Jul-2011","20-Jul-2011"
"REDINGTON","Redington Limited","EQ","Dividend-Rs.1.10 Per Share","2","14-Jul-2011","-","16-Jul-2011","22-Jul-2011"
"PRAJIND","Praj Industries Limited","EQ","Annual General Meeting And Dividend Rs.1.26 Per Share","2","14-Jul-2011","-","18-Jul-2011","22-Jul-2011"
"UNIENTER","Uniphos Enterprises Limited","EQ","Annual General Meeting","2","14-Jul-2011","-","16-Jul-2011","26-Jul-2011"
"MEGH","Meghmani Organics Limited","EQ","Dividend-Re.0.40 Per Share","1","14-Jul-2011","-","18-Jul-2011","29-Jul-2011"
"ADOR","Ador Welding Limited","EQ","Dividend-Rs.6/- Per Share","10","14-Jul-2011","-","16-Jul-2011","22-Jul-2011"
"AEGISLOG","Aegis Logistics Limited","EQ","Annual General Meeting And Dividend Rs.2/- Per Share","1","14-Jul-2011","-","16-Jul-2011","29-Jul-2011"
"KIRLOSBROS","Kirloskar Brothers Limited","EQ","Dividend-Rs.3.50 Per Share","2","14-Jul-2011","-","16-Jul-2011","23-Jul-2011"
"MAHINDUGIN","Mahindra Ugine Steel Company Limited","EQ","Annual General Meeting","10","14-Jul-2011","-","16-Jul-2011","27-Jul-2011"
"CGCL","Capri Global Capital Limited","EQ","Annual General Meeting","1","14-Jul-2011","-","18-Jul-2011","25-Jul-2011"
"NOCIL","NOCIL Limited","EQ","Annual General Meeting And Dividend Re.0.60 Per Share","10","14-Jul-2011","-","18-Jul-2011","27-Jul-2011"
"NRBBEARING","NRB Bearing Limited","EQ","Dividend-Rs.2/- Per Share","2","14-Jul-2011","-","18-Jul-2011","27-Jul-2011"
"BLISSGVS","Bliss GVS Pharma Limited","EQ","Dividend-Re.0.30 Per Share","1","14-Jul-2011","-","18-Jul-2011","22-Jul-2011"
"EVERESTIND","Everest Industries Limited","EQ","Dividend-Rs.4.50 Per Share","10","14-Jul-2011","-","16-Jul-2011","22-Jul-2011"
"UNICHEMLAB","Unichem Laboratories Limited","EQ","Annual General Meeting And Dividend Rs.2.80 Per Share","2","14-Jul-2011","-","18-Jul-2011","22-Jul-2011"
"GICHSGFIN","GIC Housing Finance Limited","EQ","Final Dividend Rs.4.50 Per Share And Special Dividend Re.1/- Per Share","10","14-Jul-2011","-","16-Jul-2011","27-Jul-2011"
"VISASTEEL","Visa Steel Limited","EQ","Annual General Meeting And Dividend Re.1/- Per Share","10","14-Jul-2011","-","18-Jul-2011","26-Jul-2011"
"EXIDEIND","Exide Industries Limited","EQ","Annual General Meeting And Dividend Re.0.60 Per Share","1","14-Jul-2011","-","16-Jul-2011","21-Jul-2011"
"SITINET","Siti Networks Limited","EQ","Annual General Meeting","1","14-Jul-2011","-","18-Jul-2011","26-Jul-2011"
"RML","Rane (Madras) Limited","EQ","Dividend- Rs.2.50 Per Share","10","14-Jul-2011","-","16-Jul-2011","19-Jul-2011"
"CHEMPLAST","Chemplast Sanmar Limited","EQ","Annual General Meeting","1","14-Jul-2011","-","16-Jul-2011","25-Jul-2011"
"RPGLIFE","RPG Life Sciences Limited","EQ","Annual General Meeting And Dividend Rs.1.60 Per Share","8","14-Jul-2011","-","18-Jul-2011","28-Jul-2011"
"RBL","Rane Brake Lining Limited","EQ","Dividend-Rs.2/- Per Share","10","14-Jul-2011","-","16-Jul-2011","22-Jul-2011"
"DISHMAN","Dishman Pharmaceuticals and Chemicals Limited","EQ","Annual General Meeting And Dividend Rs.1.20 Per Share","2","14-Jul-2011","-","16-Jul-2011","29-Jul-2011"
"JBCHEPHARM","JB Chemicals & Pharmaceuticals Limited","EQ","Annual General Meeting And Dividend Rs.2/- Per Share","1","14-Jul-2011","-","18-Jul-2011","25-Jul-2011"
"SASKEN","Sasken Technologies Limited","EQ","Annual General Meeting And Dividend Rs.4.50 Per Share","10","14-Jul-2011","-","16-Jul-2011","22-Jul-2011"
"KALYANIFRG","Kalyani Forge Limited","EQ","Annual General Meeting And Dividend Rs.2/- Per Share","10","14-Jul-2011","-","16-Jul-2011","23-Jul-2011"
"MHRIL","Mahindra Holidays & Resorts India Limited","EQ","Annual General Meeting And Dividend Rs.4/- Per Share","10","14-Jul-2011","-","16-Jul-2011","25-Jul-2011"
"PERSISTENT","Persistent Systems Limited","EQ","Final Dividend-Rs.1.50 Per Share","5","14-Jul-2011","15-Jul-2011","-","-"
"NAGARFERT","Nagarjuna Fertilizer & Chemicals Limited","EQ","Annual General Meeting And Dividend Re.1/- Per Share","10","14-Jul-2011","-","16-Jul-2011","27-Jul-2011"
"BALAMINES","Balaji Amines Limited","EQ","Annual General Meeting And Dividend Re.0.60 Per Share","2","14-Jul-2011","-","18-Jul-2011","28-Jul-2011"
"GKWLIMITED","GKW Limited","EQ","Annual General Meeting","10","14-Jul-2011","-","18-Jul-2011","26-Jul-2011"
"GODREJPROP","Godrej Properties Limited","EQ","Dividend-Rs.4.50 Per Share","5","14-Jul-2011","-","18-Jul-2011","22-Jul-2011"
"BIRLANU","BirlaNu Limited","EQ","Annual General Meeting /Dividend - Rs.10 Per Share","10","14-Jul-2011","-","16-Jul-2011","21-Jul-2011"
"NIPPOBATRY","Indo-National Limited","EQ","Dividend-Rs.20/- Per Share","5","14-Jul-2011","-","16-Jul-2011","20-Jul-2011"
"STER","Sterlite Industries ( India ) Limited","EQ","Annual General Meeting And Dividend Rs.1.10 Per Share","1","15-Jul-2011","-","19-Jul-2011","23-Jul-2011"
"TTKHEALTH","TTK Healthcare Limited","EQ","Annual General Meeting And Dividend Of Rs.4/- Per Share","10","15-Jul-2011","-","19-Jul-2011","27-Jul-2011"
"SHOPERSTOP","Shoppers Stop Limited","EQ","Dividend-Re.0.75 Per Share","5","15-Jul-2011","-","19-Jul-2011","26-Jul-2011"
"TIL","TIL Limited","EQ","Annual General Meeting And Dividend Rs.6/- Per Share","10","15-Jul-2011","-","19-Jul-2011","26-Jul-2011"
"TIRUMALCHM","Thirumalai Chemicals Limited","EQ","Annual General Meeting","1","15-Jul-2011","-","19-Jul-2011","01-Aug-2011"
"EIMCOELECO","Eimco Elecon (India) Limited","EQ","Dividend-Rs.4/- Per Share","10","15-Jul-2011","-","19-Jul-2011","02-Aug-2011"
"MANALIPETC","Manali Petrochemicals Limited","EQ","Annual General Meeting And Dividend Re.0.50 Per Share","5","15-Jul-2011","-","19-Jul-2011","29-Jul-2011"
"KHANDSE","Khandwala Securities Limited","EQ","Annual General Meeting (Bc Dates Revised)","10","15-Jul-2011","-","19-Jul-2011","25-Jul-2011"
"WINDSOR","Windsor Machines Limited","EQ","Annual General Meeting","10","15-Jul-2011","-","19-Jul-2011","31-Jul-2011"
"TATACOFFEE","Tata Coffee Limited","EQ","Annual General Meeting And Dividend Rs.5/- Per Share","1","15-Jul-2011","-","19-Jul-2011","05-Aug-2011"
"KSE","KSE Limited","EQ","Annual General Meeting / Div. Of Rs.10 Per Share","10","15-Jul-2011","-","19-Jul-2011","28-Jul-2011"
"RALLIS","Rallis India Limited","EQ","Face Value Split From Rs.10/- To Re.1/-","1","15-Jul-2011","18-Jul-2011","-","-"
"GEOMETRIC","Geometric Limited","EQ","Annual General Meeting And Dividend Rs.1.20 Per Share","2","15-Jul-2011","-","19-Jul-2011","25-Jul-2011"
"INDBANK","Indbank Merchant Banking Services Limited","EQ","Annual General Meeting","10","18-Jul-2011","-","20-Jul-2011","29-Jul-2011"
"KCP","KCP Limited","EQ","Annual General Meeting And Dividend Re.0.25 Per Share","1","18-Jul-2011","-","20-Jul-2011","27-Jul-2011"
"VISAKAIND","Visaka Industries Limited","EQ","Annual General Meeting And Dividend Rs.2/- Per Share","2","18-Jul-2011","-","20-Jul-2011","22-Jul-2011"
"BPL","BPL Limited","EQ","Annual General Meeting","10","18-Jul-2011","-","20-Jul-2011","27-Jul-2011"
"IPCALAB","IPCA Laboratories Limited","EQ","Annual General Meeting And Dividend Rs.1.20 Per Share","1","18-Jul-2011","-","20-Jul-2011","28-Jul-2011"
"UNITEDTEA","The United Nilgiri Tea Estates Company Limited","EQ","Agm And Final Dividend Of Rs 1.25 Per Share (12.5%)","10","18-Jul-2011","-","20-Jul-2011","03-Aug-2011"
"HERCULES","HERCULES INVESTMENTS LIMITED","EQ","Annual General Meeting And Dividend Rs.3/- Per Share","1","18-Jul-2011","-","20-Jul-2011","27-Jul-2011"
"PCBL","PCBL Chemical Limited","EQ","Annual General Meeting And Dividend Rs.5/- Per Share","1","18-Jul-2011","-","20-Jul-2011","29-Jul-2011"
"JKCEMENT","JK Cement Limited","EQ","Annual General Meeting And Dividend Rs.2/- Per Share","10","18-Jul-2011","-","20-Jul-2011","30-Jul-2011"
"NAVA","NAVA LIMITED","EQ","Annual General Meeting And Dividend Rs.6/- Per Share","1","18-Jul-2011","-","20-Jul-2011","28-Jul-2011"
"LUPIN","Lupin Limited","EQ","Annual General Meeting And Dividend Rs.3/- Per Share","2","18-Jul-2011","-","20-Jul-2011","27-Jul-2011"
"TRENT","Trent Limited","EQ","Annual General Meeting And Dividend Rs.7.50 Per Share","1","18-Jul-2011","-","20-Jul-2011","22-Jul-2011"
"HTMEDIA","HT Media Limited","EQ","Dividend-Re.0.36 Per Share","2","18-Jul-2011","-","20-Jul-2011","27-Jul-2011"
"DHFL","Dewan Housing Finance Corporation Limited","EQ","Annual General Meeting And Dividend Rs.3.50 Per Share","10","18-Jul-2011","-","20-Jul-2011","27-Jul-2011"
"GUJSIDHCEM","Gujarat Sidhee Cements Limited","EQ","Annual General Meeting (Bc Start Date Revised)","10","18-Jul-2011","-","20-Jul-2011","27-Jul-2011"
"INDOCO","Indoco Remedies Limited","EQ","Dividend-Rs.8/- Per Share","2","19-Jul-2011","-","21-Jul-2011","28-Jul-2011"
"IPRINGLTD","IP Rings Limited","EQ","Annual General Meeting/Div. Of Rs.3/- Per Share","10","19-Jul-2011","-","21-Jul-2011","28-Jul-2011"
"ASTRAMICRO","Astra Microwave Products Limited","EQ","Annual General Meeting And Dividend Re.0.50 Per Share","2","19-Jul-2011","-","21-Jul-2011","28-Jul-2011"
"USHAMART","Usha Martin Limited","EQ","Annual General Meeting / Dividend-Re.1/- Per Share","1","19-Jul-2011","-","21-Jul-2011","29-Jul-2011"
"BHARATGEAR","Bharat Gears Limited","EQ","Annual General Meeting And Dividend Rs.1.50 Per Share","10","19-Jul-2011","-","21-Jul-2011","26-Jul-2011"
"IFBAGRO","IFB Agro Industries Limited","EQ","Annual General Meeting","10","19-Jul-2011","-","21-Jul-2011","28-Jul-2011"
"MANINFRA","Man Infraconstruction Limited","EQ","Annual General Meeting And Dividend Rs.1.80 Per Share","2","19-Jul-2011","-","21-Jul-2011","27-Jul-2011"
"TMPV","Tata Motors Passenger Vehicles Limited","EQ","Dividend-Rs.20/- Per Share","2","19-Jul-2011","-","21-Jul-2011","12-Aug-2011"
"TATAMTRDVR","Tata Motors Limited","EQ","Dividend-Rs.20.50 Per Share","2","19-Jul-2011","-","21-Jul-2011","12-Aug-2011"
"CEATFIN","CFL Capital Financial Services Limited","EQ","Annual General Meeting","10","19-Jul-2011","-","21-Jul-2011","29-Jul-2011"
"IGL","Indraprastha Gas Limited","EQ","Dividend-Rs.5/- Per Share","2","19-Jul-2011","-","21-Jul-2011","01-Aug-2011"
"ORCHIDPHAR","Orchid Pharma Limited","EQ","Annual General Meeting And Dividend Rs.3/- Per Share","10","19-Jul-2011","-","21-Jul-2011","29-Jul-2011"
"GABRIEL","Gabriel India Limited","EQ","Annual General Meeting And Dividend Re.0.70 Per Share","1","19-Jul-2011","-","21-Jul-2011","28-Jul-2011"
"LAOPALA","La Opala RG Limited","EQ","Annual General Meeting And Dividend Rs.1.50 Per Share","2","19-Jul-2011","-","21-Jul-2011","30-Jul-2011"
"AXISCADES","AXISCADES Technologies Limited","EQ","Annual General Meeting","5","19-Jul-2011","-","21-Jul-2011","01-Aug-2011"
"SIL","Standard Industries Limited","EQ","Dividend-Re.0.75 Per Share","5","19-Jul-2011","-","21-Jul-2011","04-Aug-2011"
"VINATIORGA","Vinati Organics Limited","EQ","Annual General Meeting And Dividend Rs.1.30 Per Share","1","19-Jul-2011","-","21-Jul-2011","30-Jul-2011"
"MCLEODRUSS","Mcleod Russel India Limited","EQ","Annual General Meeting And Dividend Rs.5/- Per Share","5","19-Jul-2011","-","21-Jul-2011","29-Jul-2011"
"BRITANNIA","Britannia Industries Limited","EQ","Annual General Meeting / Dividend - Rs.6.50 Per Share","1","19-Jul-2011","-","21-Jul-2011","06-Aug-2011"
"SHRIRAMCIT","Shriram City Union Finance Limited","EQ","Annual General Meeting And Dividend Rs.3.50 Per Share","10","19-Jul-2011","-","21-Jul-2011","28-Jul-2011"
"PAEL","PAE Limited","EQ","Annual General Meeting And Dividend Rs.1.25 Per Share","10","19-Jul-2011","-","21-Jul-2011","30-Jul-2011"
"SICAGEN","Sicagen India Limited","EQ","Annual General Meeting And Dividend Re.1/- Per Share","10","19-Jul-2011","-","21-Jul-2011","30-Jul-2011"
"SAREGAMA","Saregama India Limited","EQ","Annual General Meeting","1","20-Jul-2011","-","22-Jul-2011","29-Jul-2011"
"WENDT","Wendt (India) Limited","EQ","Annual General Meeting And Dividend Rs.25/- Per Share","10","20-Jul-2011","-","22-Jul-2011","27-Jul-2011"
"HITECHCORP","Hitech Corporation Limited","EQ","Annual General Meeting And Dividend Rs.1.60 Per Share","10","20-Jul-2011","-","22-Jul-2011","30-Jul-2011"
"SHASUNPHAR","Shasun Pharmaceuticals Limited","EQ","Annual General Meeting And Dividend Re.0.30 Per Share","2","20-Jul-2011","-","22-Jul-2011","29-Jul-2011"
"SEAMECLTD","Seamec Limited","EQ","Annual General Meeting","10","20-Jul-2011","-","22-Jul-2011","26-Jul-2011"
"GRAVITA","Gravita India Limited","EQ","Annual General Meeting And Dividend Rs.4/- Per Share","2","20-Jul-2011","-","22-Jul-2011","27-Jul-2011"
"INDHOTEL","The Indian Hotels Company Limited","EQ","Annual General Meeting And Dividend Re.1/- Per Share","1","20-Jul-2011","-","22-Jul-2011","05-Aug-2011"
"3MINDIA","3M India Limited","EQ","Annual General Meeting","10","20-Jul-2011","-","22-Jul-2011","28-Jul-2011"
"EMKAY","Emkay Global Financial Services Limited","EQ","Annual General Meeting And Dividend Re.1/- Per Share","10","20-Jul-2011","-","22-Jul-2011","01-Aug-2011"
"VALECHAENG","Valecha Engineering Limited","EQ","Dividend-Rs.1.60 Per Share","10","20-Jul-2011","-","22-Jul-2011","29-Jul-2011"
"SREINFRA","SREI Infrastructure Finance Limited","EQ","Dividend-Re.0.75 Per Share","10","20-Jul-2011","-","22-Jul-2011","30-Jul-2011"
"ASAHIINDIA","Asahi India Glass Limited","EQ","Annual General Meeting","1","20-Jul-2011","-","22-Jul-2011","27-Jul-2011"
"KITPLYIND","Kitply Industries Limited","EQ","Annual General Meeting","10","20-Jul-2011","-","22-Jul-2011","29-Jul-2011"
"BERGEPAINT","Berger Paints (I) Limited","EQ","Annual General Meeting And Dividend Re.0.80 Per Share","1","20-Jul-2011","-","22-Jul-2011","02-Aug-2011"
"ORIENTHOT","Oriental Hotels Limited","EQ","Annual General Meeting And Dividend Re.0.80 Per Share","1","20-Jul-2011","-","22-Jul-2011","28-Jul-2011"
"BAJAJELEC","Bajaj Electricals Limited","EQ","Dividend-Rs.2.80 Per Share","2","20-Jul-2011","-","22-Jul-2011","28-Jul-2011"
"TAJGVK","Taj GVK Hotels & Resorts Limited","EQ","Annual General Meeting And Dividend - Rs.2 Per Share","2","20-Jul-2011","-","22-Jul-2011","26-Jul-2011"
"ICIL","Indo Count Industries Limited","EQ","Annual General Meeting","2","20-Jul-2011","-","22-Jul-2011","02-Aug-2011"
"THEMISMED","Themis Medicare Limited","EQ","Annual General Meeting And Dividend Rs.3/- Per Share","1","20-Jul-2011","-","22-Jul-2011","30-Jul-2011"
"PHOENIXLL","Phoenix Lamps Limited","EQ","Annual General Meeting","10","20-Jul-2011","-","22-Jul-2011","22-Jul-2011"
"DVL","Dhunseri Ventures Limited","EQ","Annual General Meeting And Dividend Rs.4.50 Per Share","10","20-Jul-2011","-","22-Jul-2011","04-Aug-2011"
"JMFINANCIL","JM Financial Limited","EQ","Dividend-Re.0.60 Per Share","1","20-Jul-2011","-","22-Jul-2011","28-Jul-2011"
"BANARBEADS","Banaras Beads Limited","EQ","Annual General Meeting","10","20-Jul-2011","-","22-Jul-2011","04-Aug-2011"
"KPRMILL","K.P.R. Mill Limited","EQ","Annual General Meeting And Dividend Rs.3/- Per Share","1","20-Jul-2011","-","22-Jul-2011","28-Jul-2011"
"AUROPHARMA","Aurobindo Pharma Limited","EQ","Annual General Meeting And Dividend Re.1/- Per Share","1","20-Jul-2011","-","22-Jul-2011","29-Jul-2011"
"APCOTEXIND","Apcotex Industries Limited","EQ","Dividend-Rs.7/- Per Share","2","20-Jul-2011","-","22-Jul-2011","29-Jul-2011"
"ZFCVINDIA","ZF Commercial Vehicle Control Systems India Limited","EQ","Annual General Meeting And Dividend Rs.5/- Per Share","5","20-Jul-2011","-","22-Jul-2011","27-Jul-2011"
"APTECHT","Aptech Limited","EQ","Annual General Meeting And Dividend - Rs. 2.50 Per Share","10","20-Jul-2011","-","22-Jul-2011","29-Jul-2011"
"JMCPROJECT","JMC Projects (India)  Limited","EQ","Dividend-Rs.2/- Per Share","2","21-Jul-2011","-","23-Jul-2011","28-Jul-2011"
"SUNDROP","Sundrop Brands Limited","EQ","Annual General Meeting And Dividend Rs.1.75 Per Share","10","21-Jul-2011","-","23-Jul-2011","27-Jul-2011"
"KPIL","Kalpataru Projects International Limited","EQ","Dividend-Rs.1.50 Per Share","2","21-Jul-2011","-","25-Jul-2011","29-Jul-2011"
"NILKAMAL","Nilkamal Limited","EQ","Dividend-Rs.4/- Per Share","10","21-Jul-2011","-","23-Jul-2011","30-Jul-2011"
"SHREECEM","SHREE CEMENT LIMITED","EQ","Annual General Meeting And Dividend Rs.8/- Per Share","10","21-Jul-2011","-","25-Jul-2011","01-Aug-2011"
"VTXIND","VTX Industries Limited","EQ","Annual General Meeting/Div-Rs.0.60 Per Share","10","21-Jul-2011","-","25-Jul-2011","05-Aug-2011"
"TIPSMUSIC","Tips Music Limited","EQ","Annual General Meeting And Dividend Rs.1.25 Per Share","1","21-Jul-2011","-","23-Jul-2011","29-Jul-2011"
"BOSCH-HCIL","BOSCH HOME COMFORT INDIA LIMITED","EQ","Annual General Meeting And Dividend Rs.1.50 Per Share","10","21-Jul-2011","-","25-Jul-2011","28-Jul-2011"
"TARIL","Transformers And Rectifiers (India) Limited","EQ","Dividend-Rs.5/- Per Share","1","21-Jul-2011","-","23-Jul-2011","29-Jul-2011"
"DHANUKA","Dhanuka Agritech Limited","EQ","Annual General Meeting And Dividend Rs.2/- Per Share","2","21-Jul-2011","-","25-Jul-2011","29-Jul-2011"
"PRESTIGE","Prestige Estates Projects Limited","EQ","Annual General Meeting And Dividend Rs.1.20 Per Share","10","21-Jul-2011","-","25-Jul-2011","28-Jul-2011"
"AROGRANITE","Aro Granite Industries Limited","EQ","Annual General Meeting And Dividend Re.1/- Per Share","10","21-Jul-2011","-","25-Jul-2011","29-Jul-2011"
"BBTC","The Bombay Burmah Trading Corporation Limited","EQ","Dividend-Rs.7/- Per Share","2","21-Jul-2011","-","23-Jul-2011","05-Aug-2011"
"KOLTEPATIL","Kolte - Patil Developers Limited","EQ","Dividend-Rs.1.60 Per Share","10","21-Jul-2011","-","23-Jul-2011","30-Jul-2011"
"DOLPHINOFF","Dolphin Offshore Enterprises (India) Limited","EQ","Annual General Meeting And Dividend Rs.1.50 Per Share","10","21-Jul-2011","-","23-Jul-2011","29-Jul-2011"
"EKC","Everest Kanto Cylinder Limited","EQ","Annual General Meeting And Dividend Rs.1.50 Per Share","2","21-Jul-2011","-","23-Jul-2011","30-Jul-2011"
"GODREJIND","Godrej Industries Limited","EQ","Annual General Meeting And Dividend Rs.1.75 Per Share","1","21-Jul-2011","-","23-Jul-2011","30-Jul-2011"
"SUNDRMBRAK","Sundaram Brake Linings Limited","EQ","Annual General Meeting And Dividend Rs.4/- Per Share","10","21-Jul-2011","-","23-Jul-2011","27-Jul-2011"
"DPSCLTD","DPSC Limited","EQ","Annual General Meeting And Dividend Re.1/- Per Share","1","21-Jul-2011","-","25-Jul-2011","29-Jul-2011"
"DEEPAKFERT","Deepak Fertilizers and Petrochemicals Corporation Limited","EQ","Annual General Meeting And Dividend Rs.5/- Per Share","10","21-Jul-2011","-","25-Jul-2011","08-Aug-2011"
"SALORAINTL","Salora International Limited","EQ","Annual General Meeting","10","21-Jul-2011","-","23-Jul-2011","30-Jul-2011"
"SUBEX","Subex Limited","EQ","Annual Book Closure","10","21-Jul-2011","-","25-Jul-2011","27-Jul-2011"
"RPPINFRA","R.P.P. Infra Projects Limited","EQ","Dividend-Re.1/- Per Share","10","21-Jul-2011","-","25-Jul-2011","02-Aug-2011"
"CENTRALBK","Central Bank of India","EQ","Annual General Meeting And Dividend Rs.1.50 Per Share","10","21-Jul-2011","-","23-Jul-2011","29-Jul-2011"
"ASTRAL","Astral Limited","EQ","Annual General Meeting And Dividend Re.0.625 Per Share","1","21-Jul-2011","-","25-Jul-2011","04-Aug-2011"
"NDLVENTURE","NDL Ventures Limited","EQ","Annual General Meeting And Dividend Rs.12.50 Per Share","10","21-Jul-2011","-","23-Jul-2011","01-Aug-2011"
"HGS","Hinduja Global Solutions Limited","EQ","Annual General Meeting And Dividend Rs.20/- Per Share","10","21-Jul-2011","-","23-Jul-2011","01-Aug-2011"
"MARICO","Marico Limited","EQ","Annual General Meeting","1","21-Jul-2011","-","25-Jul-2011","27-Jul-2011"
"NCC","NCC Limited","EQ","Annual General Meeting And Dividend Re.1/- Per Share","2","21-Jul-2011","-","25-Jul-2011","30-Jul-2011"
"MUKANDENGG","Mukand Engineers Limited","EQ","Annual General Meeting And Dividend Rs.1.50 Per Share","10","21-Jul-2011","-","23-Jul-2011","28-Jul-2011"
"GTNIND","GTN Industries Limited","EQ","Annual General Meeting","10","21-Jul-2011","-","25-Jul-2011","27-Jul-2011"
"MUNJALSHOW","Munjal Showa Limited","EQ","Annual General Meeting And Dividend Rs.2.50 Per Share","2","21-Jul-2011","-","23-Jul-2011","11-Aug-2011"
"CIEINDIA","CIE Automotive India Limited","EQ","Annual General Meeting","10","21-Jul-2011","-","25-Jul-2011","02-Aug-2011"
"TITAGARH","TITAGARH RAIL SYSTEMS LIMITED","EQ","Dividend-Rs.8/- Per Share","2","21-Jul-2011","-","23-Jul-2011","27-Jul-2011"
"TCI","Transport Corporation of India Limited","EQ","Dividend-Re.0.50 Per Share","2","21-Jul-2011","-","23-Jul-2011","28-Jul-2011"
"TCIDEVELOP","TCI Developers Limited","EQ","Dividend-Re.0.50 Per Share","10","21-Jul-2011","-","23-Jul-2011","28-Jul-2011"
"PATSPINLTD","Patspin India Limited","EQ","Annual General Meeting","10","21-Jul-2011","-","23-Jul-2011","29-Jul-2011"
"FINCABLES","Finolex Cables Limited","EQ","Annual General Meeting And Dividend Re.0.70 Per Share","2","21-Jul-2011","-","23-Jul-2011","08-Aug-2011"
"CHOLAFIN","Cholamandalam Investment and Finance Company Limited","EQ","Annual General Meeting And Dividend Rs.1.50 Per Share","2","21-Jul-2011","-","25-Jul-2011","28-Jul-2011"
"GTNTEX","GTN Textiles Limited","EQ","Annual General Meeting","10","21-Jul-2011","-","23-Jul-2011","29-Jul-2011"
"KARURVYSYA","Karur Vysya Bank Limited","EQ","Dividend-Rs.12/- Per Share","2","21-Jul-2011","-","25-Jul-2011","27-Jul-2011"
"BIMETAL","Bimetal Bearings Limited","EQ","Agm/Div. Of Rs.8 Per Share + Spl. Div Of Rs.3/- Per Share","10","22-Jul-2011","-","26-Jul-2011","27-Jul-2011"
"TITAN","Titan Company Limited","EQ","Dividend-Rs.1.25 Per Share","1","22-Jul-2011","-","26-Jul-2011","28-Jul-2011"
"JTEKTINDIA","Jtekt India Limited","EQ","Annual General Meeting And Dividend Re.0.65 Per Share","1","22-Jul-2011","-","26-Jul-2011","02-Aug-2011"
"JKTYRE","JK Tyre & Industries Limited","EQ","Annual General Meeting And Dividend Rs.3/- Per Share","2","22-Jul-2011","-","26-Jul-2011","29-Jul-2011"
"VOLTAS","Voltas Limited","EQ","Annual General Meeting And Dividend Rs.2/- Per Share","1","22-Jul-2011","-","26-Jul-2011","16-Aug-2011"
"CARBORUNIV","Carborundum Universal Limited","EQ","Dividend-Re.1/- Per Share","1","22-Jul-2011","-","26-Jul-2011","05-Aug-2011"
"SAMTEL","Samtel Color Limited","EQ","Annual General Meeting","10","22-Jul-2011","-","26-Jul-2011","04-Aug-2011"
"UNIPLY","Uniply Industries Limited","EQ","Annual General Meeting","2","22-Jul-2011","-","26-Jul-2011","02-Aug-2011"
"GANDHITUBE","Gandhi Special Tubes Limited","EQ","Annual General Meeting","5","22-Jul-2011","-","26-Jul-2011","27-Jul-2011"
"BATLIBOI","Batliboi Limited","EQ","Annual General Meeting","5","22-Jul-2011","-","26-Jul-2011","29-Jul-2011"
"HAVELLS","Havells India Limited","EQ","Annual General Meeting / Dividend - Rs.2.50 Per Share","1","22-Jul-2011","-","26-Jul-2011","29-Jul-2011"
"DHAMPURSUG","Dhampur Sugar Mills Limited","EQ","Annual General Meeting And Dividend Rs.1/- Per Share","10","22-Jul-2011","-","26-Jul-2011","01-Aug-2011"
"GREAVESCOT","Greaves Cotton Limited","EQ","Final Dividend - Rs 0.70 Per Share","2","22-Jul-2011","-","26-Jul-2011","27-Jul-2011"
"IFBIND","IFB Industries Limited","EQ","Annual General Meeting","10","25-Jul-2011","-","27-Jul-2011","29-Jul-2011"
"JUMBO","Jumbo Bag Limited","EQ","Annual Geneerl Meeting","10","25-Jul-2011","-","27-Jul-2011","02-Aug-2011"
"TATACHEM","Tata Chemicals Limited","EQ","Annual General Meeting And Dividend Rs.10/- Per Share","10","25-Jul-2011","-","27-Jul-2011","09-Aug-2011"
"KECL","Kirloskar Electric Company Limited","EQ","Annual General Meeting","10","25-Jul-2011","-","27-Jul-2011","03-Aug-2011"
"SASTASUNDR","Sastasundar Ventures Limited","EQ","Annual General Meeting And Dividend Re.1/- Per Share","10","25-Jul-2011","-","27-Jul-2011","04-Aug-2011"
"EIHOTEL","EIH Limited","EQ","Annual General Meeting And Dividend Re.0.90 Per Share","2","25-Jul-2011","-","27-Jul-2011","09-Aug-2011"
"BALKRISIND","Balkrishna Industries Limited","EQ","Annual General Meeting And Dividend Rs.1.40 Per Share","2","25-Jul-2011","-","27-Jul-2011","29-Jul-2011"
"BOMDYEING","Bombay Dyeing & Mfg Company Limited","EQ","Annual General Meeting And Dividend Rs.3.50 Per Share","2","25-Jul-2011","-","27-Jul-2011","04-Aug-2011"
"SIYSIL","Siyaram Silk Mills Limited","EQ","Dividend-Rs.7/- Per Share","2","25-Jul-2011","-","27-Jul-2011","29-Jul-2011"
"EIHAHOTELS","EIH Associated Hotels Limited","EQ","Annual General Meeting And Dividend Rs.2.50 Per Share","10","25-Jul-2011","-","27-Jul-2011","12-Aug-2011"
"FSL","Firstsource Solutions Limited","EQ","Annual General Meeting","10","25-Jul-2011","-","27-Jul-2011","03-Aug-2011"
"SANDESH","The Sandesh Limited","EQ","Annual General Meeting And Dividend Rs.4/- Per Share","10","25-Jul-2011","-","27-Jul-2011","05-Aug-2011"
"AHLWEST","Asian Hotels (West) Limited","EQ","Dividend-Rs.4/- Per Share","10","25-Jul-2011","-","27-Jul-2011","02-Aug-2011"
"COMPUAGE","Compuage Infocom Limited","EQ","Agm And Final Dividend Rs. 2/- Per Share ( 20%)","10","25-Jul-2011","-","27-Jul-2011","29-Jul-2011"
"UNIVCABLES","Universal Cables Limited","EQ","Annual General Meeting And Dividend Rs.2/- Per Share","10","25-Jul-2011","-","27-Jul-2011","02-Aug-2011"
"SUPRAJIT","Suprajit Engineering Limited","EQ","Dividend-Re.0.25 Per Share","1","25-Jul-2011","-","27-Jul-2011","30-Jul-2011"
"SAMBANDAM","Sambandam Spinning Mills Limited","EQ","Annual General Meeting/Fin.Div Of Rs.2/- Per Share","10","26-Jul-2011","-","28-Jul-2011","12-Aug-2011"
"CRISIL","CRISIL Limited","EQ","2nd Interim Dividend Rs.27.50 Per Share (Purpose Revised)","1","26-Jul-2011","27-Jul-2011","-","-"
"TVSSRICHAK","TVS Srichakra Limited","EQ","Annual General Meeting And Dividend Rs.12.50 Per Share","10","26-Jul-2011","-","28-Jul-2011","03-Aug-2011"
"KANDAGIRI","Kandagiri Spinning Mills Limited","EQ","Annual General Meeting/Fin.Div.Rs.2/- Per Share","10","26-Jul-2011","-","28-Jul-2011","12-Aug-2011"
"NDTV","New Delhi Television Limited","EQ","Annual General Meeting","4","26-Jul-2011","-","28-Jul-2011","03-Aug-2011"
"ONMOBILE","OnMobile Global Limited","EQ","Annual General Meeting","10","26-Jul-2011","-","28-Jul-2011","04-Aug-2011"
"RKDL","Ravi Kumar Distilleries Limited","EQ","Annual General Meeting And Dividend Re.0.25 Per Share","10","26-Jul-2011","-","28-Jul-2011","06-Aug-2011"
"JKPAPER","JK Paper Limited","EQ","Rights 3:4 @ Premium Rs.32/- Per Share","10","26-Jul-2011","27-Jul-2011","-","-"
"IL&FSTRANS","IL&FS Transportation Networks Limited","EQ","Annual General Meeting And Dividend Rs.3.50 Per Share","10","26-Jul-2011","-","28-Jul-2011","05-Aug-2011"
"PTL","PTL Enterprises Limited","EQ","Annual General Meeting And Dividend Re.1/- Per Share","1","26-Jul-2011","-","28-Jul-2011","10-Aug-2011"
"ALKYLAMINE","Alkyl Amines Chemicals Limited","EQ","Annual General Meeting And Dividend Rs.3/- Per Share","2","26-Jul-2011","-","28-Jul-2011","04-Aug-2011"
"DEEPAKNTR","Deepak Nitrite Limited","EQ","Annual General Meeting And Dividend Rs.6/- Per Share","2","26-Jul-2011","-","28-Jul-2011","05-Aug-2011"
"ABREL","Aditya Birla Real Estate Limited","EQ","Annual General Meeting/Dividend Rs 5.50 Per Share","10","26-Jul-2011","-","28-Jul-2011","13-Aug-2011"
"ALKALI","Alkali Metals Limited","EQ","Annual General Meeting And Dividend Rs.2/- Per Share","10","26-Jul-2011","-","28-Jul-2011","30-Jul-2011"
"MANGTIMBER","Mangalam Timber Products Limited","EQ","Annual General Meeting","10","26-Jul-2011","-","28-Jul-2011","08-Aug-2011"
"APOLLOTYRE","Apollo Tyres Limited","EQ","Annual General Meeting And Dividend Re.0.50 Per Share","1","26-Jul-2011","-","28-Jul-2011","11-Aug-2011"
"HINDMOTORS","Hindustan Motors Limited","EQ","Annual General Meeting","5","26-Jul-2011","-","28-Jul-2011","04-Aug-2011"
"SAKSOFT","Saksoft Limited","EQ","Annual General Meeting And Dividend Re.1/- Per Share","1","27-Jul-2011","-","29-Jul-2011","05-Aug-2011"
"AVANTI","Avanti Feeds Limited","EQ","Annual General Meeting/Dividend Of Re.1/- Per Share","10","27-Jul-2011","-","29-Jul-2011","06-Aug-2011"
"DLF","DLF Limited","EQ","Dividend-Rs.2/- Per Share","2","27-Jul-2011","-","29-Jul-2011","04-Aug-2011"
"KANORICHEM","Kanoria Chemicals & Industries Limited","EQ","Dividend-Rs.5/- Per Share","5","27-Jul-2011","-","29-Jul-2011","12-Aug-2011"
"GESHIP","The Great Eastern Shipping Company Limited","EQ","Dividend-Rs.4.50 Per Share","10","27-Jul-2011","-","29-Jul-2011","05-Aug-2011"
"HGM","HandsOn Global Management (HGM) Limited","EQ","Annual General Meeting And Dividend Rs.2/- Per Share","10","27-Jul-2011","-","29-Jul-2011","03-Aug-2011"
"VENKEYS","Venky's (India) Limited","EQ","Dividend-Rs.5/- Per Share","10","28-Jul-2011","-","01-Aug-2011","05-Aug-2011"
"BANSWRAS","Banswara Syntex Limited","EQ","Annual General Meeting And Dividend Rs.3/- Per Share","5","28-Jul-2011","-","30-Jul-2011","05-Aug-2011"
"WHEELS","Wheels India Limited","EQ","Annual General Meeting And Dividend Rs.6.50 Per Share","10","28-Jul-2011","-","01-Aug-2011","10-Aug-2011"
"ZEEL","Zee Entertainment Enterprises Limited","EQ","Annual General Meeting And Dividend Rs.2/- Per Share","1","28-Jul-2011","-","30-Jul-2011","05-Aug-2011"
"ORBITCORP","Orbit Corporation Limited","EQ","Annual General Meeting And Dividend Re.1/- Per Share","10","28-Jul-2011","-","30-Jul-2011","09-Aug-2011"
"CREST","Crest Ventures Limited","EQ","Dividend-Re.0.50 Per Share","10","28-Jul-2011","-","31-Jul-2011","12-Aug-2011"
"EVERONN","Everonn Education Limited","EQ","Dividend-Rs.2.50 Per Share","10","28-Jul-2011","-","30-Jul-2011","03-Aug-2011"
"FKONCO","Fresenius Kabi Oncology Limited","EQ","Annual General Meeting","1","28-Jul-2011","-","01-Aug-2011","11-Aug-2011"
"GAEL","Gujarat Ambuja Exports Limited","EQ","Annual General Meeting","1","28-Jul-2011","-","01-Aug-2011","11-Aug-2011"
"LUMAXIND","Lumax Industries Limited","EQ","Annual General Meeting And Dividend Rs.6/- Per Share","10","28-Jul-2011","-","30-Jul-2011","09-Aug-2011"
"MANGLMCEM","Mangalam Cement Limited","EQ","Dividend-Rs.6/- Per Share","10","28-Jul-2011","-","30-Jul-2011","06-Aug-2011"
"MBLINFRA","MBL Infrastructure Limited","EQ","Annual General Meeting And Dividend Rs.2.50 Per Share","10","28-Jul-2011","-","30-Jul-2011","06-Aug-2011"
"NELCAST","Nelcast Limited","EQ","Dividend-Rs.3/- Per Share","2","28-Jul-2011","-","01-Aug-2011","06-Aug-2011"
"ORIENTPPR","Orient Paper & Industries Limited","EQ","Dividend-Rs.1.50 Per Share","1","28-Jul-2011","-","01-Aug-2011","08-Aug-2011"
"VARUNSHIP","Varun Shipping Company Limited","EQ","Annual General Meeting And Dividend Re.0.80 Per Share","10","28-Jul-2011","-","01-Aug-2011","11-Aug-2011"
"PRECWIRE","Precision Wires India Limited","EQ","Annual General Meeting And Dividend Rs.3.60 Per Share","1","28-Jul-2011","-","30-Jul-2011","03-Aug-2011"
"PVRINOX","PVR INOX Limited","EQ","Annual General Meeting And Dividend Re.1/- Per Share","10","28-Jul-2011","-","01-Aug-2011","08-Aug-2011"
"GLENMARK","Glenmark Pharmaceuticals Limited","EQ","Annual General Meeting And Dividend Re.0.40 Per Share","1","28-Jul-2011","-","01-Aug-2011","11-Aug-2011"
"PEL","Piramal Enterprises Limited","EQ","Final Dividend Rs.6/- Per Share And Special Dividend Rs.6/-  Per Share","2","28-Jul-2011","-","01-Aug-2011","09-Aug-2011"
"RANEHOLDIN","Rane Holdings Limited","EQ","Dividend-Rs.5/- Per Share","10","28-Jul-2011","-","30-Jul-2011","05-Aug-2011"
"TANFACIND","Tanfac Industries Limited","EQ","Annual General Meeting/Dividend Re.0.50 Per Share","10","28-Jul-2011","-","01-Aug-2011","06-Aug-2011"
"ABCIL","Aditya Birla Chemicals (India) Limited","EQ","Annual General Meeting And Dividend Re.0.50 Per Share","10","28-Jul-2011","-","30-Jul-2011","08-Aug-2011"
"CORPBANK","Corporation Bank","EQ","Election Of Directors","2","28-Jul-2011","29-Jul-2011","-","-"
"ADVANIHOTR","Advani Hotels & Resorts (India) Limited","EQ","Annual General Meeting And Dividend Re.0.20 Per Share","2","28-Jul-2011","-","01-Aug-2011","05-Aug-2011"
"BVCL","Barak Valley Cements Limited","EQ","Annual General Meeting","10","28-Jul-2011","-","01-Aug-2011","06-Aug-2011"
"ESABINDIA","Esab India Limited","EQ","Interim Dividend Rs.15/- Per Share (Purpose Revised)","10","28-Jul-2011","29-Jul-2011","-","-"
"BAJAJCON","Bajaj Consumer Care Limited","EQ","Annual General Meeting And Dividend Rs.1.90 Per Share","1","28-Jul-2011","-","30-Jul-2011","08-Aug-2011"
"ELECON","Elecon Engineering Company Limited","EQ","Annual General Meeting And Dividend Rs.1.80 Per Share","1","28-Jul-2011","-","01-Aug-2011","05-Aug-2011"
"GVKPIL","GVK Power & Infrastructure Limited","EQ","Annual General Meeting","1","28-Jul-2011","-","30-Jul-2011","06-Aug-2011"
"AIAENG","AIA Engineering Limited","EQ","Dividend-Rs.3/- Per Share","2","28-Jul-2011","-","30-Jul-2011","12-Aug-2011"
"HUBTOWN","Hubtown Limited","EQ","Annual General Meeting And Dividend Rs.2.50 Per Share","10","28-Jul-2011","-","01-Aug-2011","11-Aug-2011"
"CUMMINSIND","Cummins India Limited","EQ","Annual General Meeting And Dividend Rs.8/- Per Share","2","28-Jul-2011","-","30-Jul-2011","04-Aug-2011"
"TCS","Tata Consultancy Services Limited","EQ","Interim Dividend Rs.3/- Per Share","1","28-Jul-2011","29-Jul-2011","-","-"
"SPARC","Sun Pharma Advanced Research Company Limited","EQ","Annual General Meeting","1","28-Jul-2011","-","01-Aug-2011","08-Aug-2011"
"SUDARSCHEM","Sudarshan Chemical Industries Limited","EQ","Annual General Meeting And Dividend Rs.12.50 Per Share","2","28-Jul-2011","-","01-Aug-2011","12-Aug-2011"
"VOLTAMP","Voltamp Transformers Limited","EQ","Dividend-Rs.9/- Per Share","10","28-Jul-2011","-","30-Jul-2011","12-Aug-2011"
"LMW","LMW Limited","EQ","Dividend-Rs.30/- Per Share","10","29-Jul-2011","-","02-Aug-2011","10-Aug-2011"
"NEULANDLAB","Neuland Laboratories Limited","EQ","Annual General Meeting","10","29-Jul-2011","-","02-Aug-2011","05-Aug-2011"
"HIRECT","Hind Rectifiers Limited","EQ","Annual General Meeting And Dividend Rs.1.50 Per Share","2","29-Jul-2011","-","02-Aug-2011","05-Aug-2011"
"INDOTECH","Indo Tech Transformers Limited","EQ","Annual General Meeting","10","29-Jul-2011","-","02-Aug-2011","05-Aug-2011"
"PIRPHYTO","Piramal Phytocare Limited","EQ","Annual General Meeting","10","29-Jul-2011","-","02-Aug-2011","09-Aug-2011"
"SOMANYCERA","Somany Ceramics Limited","EQ","Dividend-Re.0.70 Per Share","2","29-Jul-2011","-","02-Aug-2011","11-Aug-2011"
"ALLDIGI","Alldigi Tech Limited","EQ","Annual General Meeting","10","29-Jul-2011","-","02-Aug-2011","04-Aug-2011"
"CHETTINAD","Chettinad Cement Corporation Limited","EQ","Dividend-Rs.5/- Per Share","10","29-Jul-2011","-","02-Aug-2011","09-Aug-2011"
"DHUNINV","Dhunseri Investments Limited","EQ","Annual General Meeting And Dividend Rs.1.25 Per Share","10","29-Jul-2011","-","02-Aug-2011","11-Aug-2011"
"GODREJCP","Godrej Consumer Products Limited","EQ","Interim Dividend Re.1/- Per Share (Purpose Revised)","1","29-Jul-2011","01-Aug-2011","-","-"
"SOLARINDS","Solar Industries India Limited","EQ","Annual General Meeting And Dividend Rs.4/- Per Share","2","29-Jul-2011","-","02-Aug-2011","10-Aug-2011"
"SUPER","Super Sales India Limited","EQ","Annual General Meeting/Div. Rs.10/- Per Share","10","29-Jul-2011","-","02-Aug-2011","11-Aug-2011"
"BEDMUTHA","Bedmutha Industries Limited","EQ","Annual General Meeting","10","01-Aug-2011","-","03-Aug-2011","10-Aug-2011"
"GOLDIAM","Goldiam International Limited","EQ","Annual General Meeting","2","01-Aug-2011","-","03-Aug-2011","10-Aug-2011"
"GILLANDERS","Gillanders Arbuthnot & Company Limited","EQ","Annual General Meeting And Dividend Rs.4.50 Per Share","10","01-Aug-2011","-","03-Aug-2011","12-Aug-2011"
"PAGEIND","Page Industries Limited","EQ","Annual General Meeting / Dividend - Rs.4/- Per Share","10","01-Aug-2011","-","03-Aug-2011","10-Aug-2011"
"SUVEN","Suven Life Sciences Limited","EQ","Annual General Meeting And Dividend Re.0.25 Per Share","1","01-Aug-2011","-","03-Aug-2011","05-Aug-2011"
"SUPREMETEX","Supreme Tex Mart Limited","EQ","Annual General Meeting","5","01-Aug-2011","-","03-Aug-2011","05-Aug-2011"
"PIRGLASS","Piramal Glass Limited","EQ","Dividend-Rs.3.50 Per Share","10","01-Aug-2011","-","03-Aug-2011","12-Aug-2011"
"RAJSREESUG","Rajshree Sugars & Chemicals Limited","EQ","Annual General Meeting","10","01-Aug-2011","-","03-Aug-2011","10-Aug-2011"
"BRIGADE","Brigade Enterprises Limited","EQ","Dividend-Rs.1.50 Per Share","10","01-Aug-2011","-","03-Aug-2011","11-Aug-2011"
"GREENPLY","Greenply Industries Limited","EQ","Annual General Meeting And Dividend Re.1/- Per Share","1","01-Aug-2011","-","03-Aug-2011","05-Aug-2011"
"RAMCOCEM","The Ramco Cements Limited","EQ","Dividend-Rs.1.25 Per Share","1","02-Aug-2011","-","04-Aug-2011","10-Aug-2011"
"ASHOKLEY","Ashok Leyland Limited","EQ","Bonus 1:1","1","02-Aug-2011","03-Aug-2011","-","-"
"COREEDUTEC","CORE Education & Technologies Limited","EQ","Annual General Meeting And Dividend Re.0.60 Per Share","2","02-Aug-2011","-","04-Aug-2011","11-Aug-2011"
"ARE&M","Amara Raja Energy & Mobility Limited","EQ","Annual General Meeting And Dividend Rs.2.60 Per Share","1","02-Aug-2011","-","04-Aug-2011","13-Aug-2011"
"TECPRO","Tecpro Systems Limited","EQ","Annual General Meeting And Dividend Rs.3/- Per Share","10","02-Aug-2011","-","04-Aug-2011","08-Aug-2011"
"TATAPOWER","Tata Power Company Limited","EQ","Dividend-Rs.12.50 Per Share","1","02-Aug-2011","-","04-Aug-2011","24-Aug-2011"
"LAKSHMIFIN","The Lakshmi Finance & Industrial Corporation Limited","EQ","Annual General Meeting/Div.Rs.2.50 Per Share","10","02-Aug-2011","-","04-Aug-2011","06-Aug-2011"
"SHRENUJ","Shrenuj & Company Limited","EQ","Dividend - Re.0.60 Paise Per Share","2","02-Aug-2011","-","04-Aug-2011","10-Aug-2011"
"UNOMINDA","UNO Minda Limited","EQ","Dividend-Rs.3/- Per Share","2","02-Aug-2011","-","04-Aug-2011","11-Aug-2011"
"RAMCOIND","Ramco Industries Limited","EQ","Annual General Meeting And Dividend Re.0.40 Per Share","1","02-Aug-2011","-","04-Aug-2011","10-Aug-2011"
"HONDAPOWER","Honda India Power Products Limited","EQ","Annual General Meeting And Dividend Rs.7.50 Per Share","10","02-Aug-2011","-","04-Aug-2011","10-Aug-2011"
"SWELECTES","Swelect Energy Systems Limited","EQ","Annual General Meeting And Dividend Rs.3/- Per Share","10","02-Aug-2011","-","04-Aug-2011","06-Aug-2011"
"TVSMOTOR","TVS Motor Company Limited","EQ","Annual Book Closure And 2nd Interim Dividend Re.0.60 Per Share (Purpose Revised)","1","02-Aug-2011","-","04-Aug-2011","05-Aug-2011"
"TECHNOFAB","Technofab Engineering Limited","EQ","Dividend-Rs.1.50 Per Share","10","03-Aug-2011","-","05-Aug-2011","10-Aug-2011"
"TCIFINANCE","TCI Finance Limited","EQ","Annual General Meeting","10","03-Aug-2011","-","05-Aug-2011","09-Aug-2011"
"MELSTAR","Melstar Information Technologies Limited","EQ","Annual General Meeting","10","03-Aug-2011","-","05-Aug-2011","12-Aug-2011"
"GINNIFILA","Ginni Filaments Limited","EQ","Annual General Meeting","10","03-Aug-2011","-","05-Aug-2011","11-Aug-2011"
"TTML","Tata Teleservices (Maharashtra) Limited","EQ","Annual General Meeting","10","03-Aug-2011","-","05-Aug-2011","16-Aug-2011"
"ADANIPOWER","Adani Power Limited","EQ","Annual General Meeting","2","03-Aug-2011","-","05-Aug-2011","10-Aug-2011"
"NESCO","Nesco Limited","EQ","Annual General Meeting And Dividend Rs.2.50 Per Share","2","03-Aug-2011","-","05-Aug-2011","12-Aug-2011"
"VIPCLOTHNG","VIP Clothing Limited","EQ","Annual General Meeting And Dividend Re.0.10 Per Share","2","03-Aug-2011","-","05-Aug-2011","11-Aug-2011"
"VSTTILLERS","V.S.T Tillers Tractors Limited","EQ","Annual General Meeting And Dividend Rs.9/- Per Share","10","03-Aug-2011","-","05-Aug-2011","10-Aug-2011"
"SHALPAINTS","Shalimar Paints Limited","EQ","Dividend-Rs.8/- Per Share","2","03-Aug-2011","-","05-Aug-2011","12-Aug-2011"
"JAYBARMARU","Jay Bharat Maruti Limited","EQ","Dividend-Rs.2/- Per Share","2","03-Aug-2011","-","05-Aug-2011","18-Aug-2011"
"ADANIPORTS","Adani Ports and Special Economic Zone Limited","EQ","Annual General Meeting","2","03-Aug-2011","-","05-Aug-2011","10-Aug-2011"
"AICHAMP","AI Champdany Industries Limited","EQ","Annual General Meeting","5","03-Aug-2011","-","05-Aug-2011","13-Aug-2011"
"ADANIENT","Adani Enterprises Limited","EQ","Dividend-Re.1/- Per Share","1","03-Aug-2011","-","05-Aug-2011","10-Aug-2011"
"HINDCOMPOS","Hindustan Composites Limited","EQ","Annual General Meeting And Dividend Rs.2/- Per Share","5","03-Aug-2011","-","05-Aug-2011","09-Aug-2011"
"ACC","ACC Limited","EQ","Interim Dividend Rs.11/- Per Share (Purpose Revised)","10","03-Aug-2011","04-Aug-2011","-","-"
"PUNJLLOYD","Punj Lloyd Limited","EQ","Annual General Meeting And Dividend Re.0.15 Per Share","2","03-Aug-2011","-","05-Aug-2011","12-Aug-2011"
"SANOFI","Sanofi India Limited","EQ","Interim Dividend  Rs 4 Per Share (Purpose Revised)","10","03-Aug-2011","04-Aug-2011","-","-"
"RATNAMANI","Ratnamani Metals & Tubes Limited","EQ","Annual General Meeting And Dividend Rs.2.50 Per Share","2","04-Aug-2011","-","06-Aug-2011","18-Aug-2011"
"CCL","CCL Products (India) Limited","EQ","Dividend-Rs.2/- Per Share","2","04-Aug-2011","-","06-Aug-2011","10-Aug-2011"
"CENTEXT","Century Extrusions Limited","EQ","Annual General Meeting","1","04-Aug-2011","-","06-Aug-2011","12-Aug-2011"
"DECCANCE","Deccan Cements Limited","EQ","Dividend-Rs.1.20 Per Share","5","04-Aug-2011","-","06-Aug-2011","12-Aug-2011"
"TECHM","Tech Mahindra Limited","EQ","Annual General Meeting And Dividend Rs.4/- Per Share","5","04-Aug-2011","-","08-Aug-2011","12-Aug-2011"
"SUDARCOLOR","Sudarshan Colorants India Limited","EQ","Interim Dividend Rs.30/- Per Share (Purpose Revised)","10","04-Aug-2011","05-Aug-2011","-","-"
"SATYAMCOMP","Satyam Computer Services Limited","EQ","Annual General Meeting","2","04-Aug-2011","-","08-Aug-2011","10-Aug-2011"
"20MICRONS","20 Microns Limited","EQ","Annual General Meeting And Dividend Rs.1.50 Per Share","5","04-Aug-2011","-","08-Aug-2011","18-Aug-2011"
"CAPF","Capital First Limited","EQ","Annual General Meeting And Dividend Rs.1.50 Per Share","10","04-Aug-2011","-","06-Aug-2011","17-Aug-2011"
"BHARATFORG","Bharat Forge Limited","EQ","Dividend-Rs.3.50 Per Share","2","04-Aug-2011","-","06-Aug-2011","10-Aug-2011"
"DYNAMATECH","Dynamatic Technologies Limited","EQ","Dividend-Rs.4/- Per Share","10","04-Aug-2011","-","06-Aug-2011","13-Aug-2011"
"FOSECOIND","Foseco India Limited","EQ","2nd Interim Dividend Rs.4/- Per Share (Purpose Revised)","10","04-Aug-2011","05-Aug-2011","-","-"
"RAMKY","Ramky Infrastructure Limited","EQ","Annual General Meeting And Dividend Rs.4.50 Per Share","10","04-Aug-2011","-","06-Aug-2011","12-Aug-2011"
"TALWALKARS","Talwalkars Better Value Fitness Limited","EQ","Annual General Meeting And Dividend Re.1/- Per Share","10","04-Aug-2011","-","06-Aug-2011","12-Aug-2011"
"LUMAXTECH","Lumax Auto Technologies Limited","EQ","Dividend-Rs.6/- Per Share","2","04-Aug-2011","-","06-Aug-2011","17-Aug-2011"
"MORARJETEX","Morarjee Textiles Limited","EQ","Annual General Meeting","10","04-Aug-2011","-","06-Aug-2011","10-Aug-2011"
"NITINFIRE","Nitin Fire Protection Industries Limited","EQ","Dividend-Re.1/- Per Share","2","04-Aug-2011","-","06-Aug-2011","11-Aug-2011"
"VARUN","Varun Industries Limited","EQ","Annual General Meeting And Dividend Rs.1.80 Per Share","10","04-Aug-2011","-","06-Aug-2011","11-Aug-2011"
"KSL","Kalyani Steels Limited","EQ","Annual General Meeting And Dividend Rs.2/- Per Share","5","04-Aug-2011","-","06-Aug-2011","12-Aug-2011"
"PENINLAND","Peninsula Land Limited","EQ","Annual General Meeting And Dividend Rs.1.70 Per Share","2","04-Aug-2011","-","06-Aug-2011","11-Aug-2011"
"ICRA","ICRA Limited","EQ","Dividend-Rs.17/- Per Share","10","05-Aug-2011","-","09-Aug-2011","11-Aug-2011"
"GEECEE","GeeCee Ventures Limited","EQ","Annual General Meeting And Dividend Rs.1.50 Per Share","10","05-Aug-2011","-","09-Aug-2011","16-Aug-2011"
"CENTUM","Centum Electronics Limited","EQ","Annual General Meeting And Dividend Re.1/- Per Share","10","05-Aug-2011","-","09-Aug-2011","11-Aug-2011"
"SUNDRMFAST","Sundram Fasteners Limited","EQ","Annual General Meeting","1","05-Aug-2011","-","09-Aug-2011","19-Aug-2011"
"INDNIPPON","India Nippon Electricals Limited","EQ","Annual General Meeting","5","05-Aug-2011","-","09-Aug-2011","11-Aug-2011"
"SKIL","SKIL Infrastructure Limited","EQ","Annual General Meeting And Dividend Rs.1.50 Per Share","10","05-Aug-2011","-","09-Aug-2011","12-Aug-2011"
"SUNTV","Sun TV Network Limited","EQ","Interim Dividend Rs.2.50 Per Share (Purpose Revised)","5","05-Aug-2011","08-Aug-2011","-","-"
"JETAIRWAYS","Jet Airways (India) Limited","EQ","Annual General Meeting","10","05-Aug-2011","-","09-Aug-2011","17-Aug-2011"
"EMAMILTD","Emami Limited","EQ","Annual General Meeting And Dividend Rs.3.50 Per Share","1","05-Aug-2011","-","09-Aug-2011","13-Aug-2011"
"HEXAWARE","Hexaware Technologies Limited","EQ","Interim Dividend Re.1/- Per Share","2","05-Aug-2011","08-Aug-2011","-","-"
"PRAKASHSTL","Prakash Steelage Limited","EQ","Dividend-Rs.1/- Per Share","1","08-Aug-2011","-","10-Aug-2011","12-Aug-2011"
"TRANSWORLD","TRANSWORLD SHIPPING LINES LIMITED","EQ","Annual General Meeting And Dividend Re.0.60 Per Share","10","08-Aug-2011","-","10-Aug-2011","17-Aug-2011"
"RAMCOSYS","Ramco Systems Limited","EQ","Annual General Meeting","10","08-Aug-2011","-","10-Aug-2011","10-Aug-2011"
"PITTIENG","Pitti Engineering Limited","EQ","Annual General Meeting And Dividend Re.1/- Per Share","5","08-Aug-2011","-","10-Aug-2011","11-Aug-2011"
"PRECOT","Precot Limited","EQ","Dividend-Rs.10/- Per Share","10","08-Aug-2011","-","10-Aug-2011","19-Aug-2011"
"HIMATSEIDE","Himatsingka Seide Limited","EQ","Annual General Meeting","5","08-Aug-2011","-","10-Aug-2011","23-Aug-2011"
"UTTAMSUGAR","Uttam Sugar Mills Limited","EQ","Annual General Meeting","10","08-Aug-2011","-","10-Aug-2011","11-Aug-2011"
"AMBUJACEM","Ambuja Cements Limited","EQ","Interim Dividend Rs.1.40 Per Share","2","08-Aug-2011","09-Aug-2011","-","-"
"MMFL","MM Forgings Limited","EQ","Annual General Meeting","10","08-Aug-2011","-","10-Aug-2011","12-Aug-2011"
"ESSAROIL","Essar Oil Limited","EQ","Annual General Meeting","10","08-Aug-2011","-","10-Aug-2011","12-Aug-2011"
"GOACARBON","Goa Carbon Limited","EQ","Dividend-Rs.4/- Per Share","10","09-Aug-2011","-","11-Aug-2011","20-Aug-2011"
"AMJLAND","Amj Land Holdings Limited","EQ","Annual General Meeting And Dividend Re.0.30 Per Share","2","09-Aug-2011","-","11-Aug-2011","27-Aug-2011"
"HIKAL","Hikal Limited","EQ","Annual General Meeting And Dividend Rs.3/- Per Share","2","09-Aug-2011","-","11-Aug-2011","18-Aug-2011"
"CAIRN","Cairn India Limited","EQ","Annual General Meeting","10","09-Aug-2011","-","11-Aug-2011","18-Aug-2011"
"ANANTRAJ","Anant Raj Limited","EQ","Annual General Meeting And Dividend Re.0.60 Per Share","2","09-Aug-2011","-","11-Aug-2011","25-Aug-2011"
"TINPLATE","The Tinplate Company of India Limited","EQ","Dividend - Rs. 1.20 Per Share","10","09-Aug-2011","-","11-Aug-2011","30-Aug-2011"
"HDIL","Housing Development and Infrastructure Limited","EQ","Annual General Meeting","10","09-Aug-2011","-","11-Aug-2011","12-Aug-2011"
"INGERRAND","Ingersoll Rand (India) Limited","EQ","Special Dividend-Rs.18/- Per Share","10","09-Aug-2011","10-Aug-2011","-","-"
"BAYERCROP","Bayer Cropscience Limited","EQ","Annual General Meeting And Dividend Rs.4/- Per Share","10","09-Aug-2011","-","11-Aug-2011","25-Aug-2011"
"CIPLA","Cipla Limited","EQ","Annual General Meeting And Dividend Rs.2/- Per Share","2","09-Aug-2011","-","11-Aug-2011","25-Aug-2011"
"MRF","MRF Limited","EQ","Interim Dividend Rs.3/- Per Share","10","09-Aug-2011","10-Aug-2011","-","-"
"KICL","Kalyani Investment Company Limited","EQ","Annual General Meeting","10","10-Aug-2011","-","12-Aug-2011","12-Aug-2011"
"HINDNATGLS","Hindusthan National Glass & Industries Limited","EQ","Annual General Meeting And Dividend Rs.1.50 Per Share","2","10-Aug-2011","-","12-Aug-2011","19-Aug-2011"
"JUBLPHARMA","Jubilant Pharmova Limited","EQ","Annual General Meeting And Dividend Rs.2/- Per Share","1","10-Aug-2011","-","12-Aug-2011","23-Aug-2011"
"BHEL","Bharat Heavy Electricals Limited","EQ","Annual General Meeting And Dividend Rs.17.90 Per Share (Bc Dates Revised)","2","10-Aug-2011","-","12-Aug-2011","19-Aug-2011"
"SAKUMA","Sakuma Exports Limited","EQ","Annual General Meeting And Dividend Re.1/- Per Share","1","10-Aug-2011","-","12-Aug-2011","18-Aug-2011"
"TATACONSUM","TATA CONSUMER PRODUCTS LIMITED","EQ","Annual General Meeting And Dividend Rs.2/- Per Share","1","10-Aug-2011","-","12-Aug-2011","30-Aug-2011"
"MANAPPURAM","Manappuram Finance Limited","EQ","Annual General Meeting/Fin.Div.Re.0.60 Per Share","2","10-Aug-2011","-","12-Aug-2011","18-Aug-2011"
"JUBLINDS","Jubilant Industries Limited","EQ","Annual General Meeting / Dividend Rs 3 Per Share","10","10-Aug-2011","-","12-Aug-2011","23-Aug-2011"
"BFINVEST","BF Investment Limited","EQ","Annual General Meeting","5","10-Aug-2011","-","12-Aug-2011","12-Aug-2011"
"CEATLTD","CEAT Limited","EQ","Annual General Meeting And Dividend Rs.2/- Per Share","10","10-Aug-2011","-","12-Aug-2011","26-Aug-2011"
"SAIL","Steel Authority of India Limited","EQ","Dividend-Rs.1.20 Per Share","10","10-Aug-2011","-","12-Aug-2011","02-Sep-2011"
"OFSS","Oracle Financial Services Software Limited","EQ","Annual General Meeting","5","11-Aug-2011","-","13-Aug-2011","18-Aug-2011"
"UNITECH","Unitech Limited","EQ","Annual General Meeting (Purpose Revised)","2","11-Aug-2011","-","13-Aug-2011","29-Aug-2011"
"WAAREEINDO","Indosolar Limited","EQ","Annual Book Closure","10","11-Aug-2011","-","16-Aug-2011","30-Aug-2011"
"KOVAI","Kovai Medical Center & Hospital Limited","EQ","Annual General Meeting And Dividend Rs 1.25 Per Share","10","11-Aug-2011","-","16-Aug-2011","23-Aug-2011"
"ASHIANA","Ashiana Housing Limited","EQ","Annual General Meeting And Dividend Rs.1.75 Per Share","2","11-Aug-2011","-","16-Aug-2011","19-Aug-2011"
"STAN","Standard Chartered PLC","DR","Interim Dividend",,"11-Aug-2011","12-Aug-2011","-","-"
"INGVYSYABK","ING Vysya Bank Limited","EQ","Annual General Meeting And Dividend Rs.3/- Per Share","10","11-Aug-2011","-","13-Aug-2011","07-Sep-2011"
"JUBLFOOD","Jubilant Foodworks Limited","EQ","Annual General Meeting","2","11-Aug-2011","-","13-Aug-2011","20-Aug-2011"
"TECHNO","Techno Electric & Engineering Company Limited","EQ","Dividend-Rs.2/- Per Share","2","11-Aug-2011","-","13-Aug-2011","20-Aug-2011"
"PRICOL","Pricol Limited","EQ","Annual General Meeting And Dividend Re.0.60 Per Share","1","11-Aug-2011","-","13-Aug-2011","19-Aug-2011"
"CERA","Cera Sanitaryware Limited","EQ","Dividend-Rs.2.50 Per Share","5","11-Aug-2011","-","16-Aug-2011","27-Aug-2011"
"UTTAMSTL","Uttam Galva Steels Limited","EQ","Annual General Meeting","10","11-Aug-2011","-","16-Aug-2011","20-Aug-2011"
"DCMSHRIRAM","DCM Shriram Limited","EQ","Annual General Meeting & Dividend - Re. 0.40 Per Share","2","11-Aug-2011","-","16-Aug-2011","23-Aug-2011"
"AHLEAST","Asian Hotels (East) Limited","EQ","Annual General Meeting And Dividend Rs.4.50 Per Share","10","12-Aug-2011","-","17-Aug-2011","24-Aug-2011"
"ECLERX","eClerx Services Limited","EQ","Annual General Meeting And Dividend Rs.22.50 Per Share","10","12-Aug-2011","-","17-Aug-2011","24-Aug-2011"
"ORIENTBANK","Oriental Bank of Commerce","EQ","Extr-Ordinary General Meeting","10","12-Aug-2011","16-Aug-2011","-","-"
"APARINDS","Apar Industries Limited","EQ","Annual General Meeting And Dividend Rs.3.50 Per Share","10","12-Aug-2011","-","17-Aug-2011","24-Aug-2011"
"CUB","City Union Bank Limited","EQ","Dividend-Re.0.85 Per Share","1","12-Aug-2011","-","17-Aug-2011","27-Aug-2011"
"DIGJAM","Digjam Limited","EQ","Annual General Meeting","10","12-Aug-2011","-","17-Aug-2011","25-Aug-2011"
"REMSONSIND","Remsons Industries Limited","EQ","Annual General Meeting","2","12-Aug-2011","-","17-Aug-2011","25-Aug-2011"
"NISSAN","Nissan Copper Limited","EQ","Annual General Meeting And Dividend Re.0.05 Per Share","1","16-Aug-2011","-","18-Aug-2011","22-Aug-2011"
"INDIACEM","The India Cements Limited","EQ","Dividend-Rs.1.50 Per Share","10","16-Aug-2011","-","18-Aug-2011","24-Aug-2011"
"HOCL","Hindustan Organic Chemicals Limited","EQ","Annual General Meeting","10","16-Aug-2011","-","18-Aug-2011","25-Aug-2011"
"VAKRANGEE","Vakrangee Limited","EQ","Annual General Meeting And Dividend Rs.2/- Per Share","1","16-Aug-2011","-","18-Aug-2011","26-Aug-2011"
"WABAG","VA Tech Wabag Limited","EQ","Face Value Split From Rs.5/- To Rs.2/-","2","16-Aug-2011","17-Aug-2011","-","-"
"TVTODAY","TV Today Network Limited","EQ","Dividend-Re.0.75 Per Share","5","16-Aug-2011","-","18-Aug-2011","29-Aug-2011"
"ALEMBICLTD","Alembic Limited","EQ","Annual General Meeting (Bc Dates Revised)","2","16-Aug-2011","-","18-Aug-2011","29-Aug-2011"
"INDIANCARD","Indian Card Clothing Company Limited","EQ","Annual General Meeting And Dividend Rs.3/- Per Share","10","16-Aug-2011","-","18-Aug-2011","25-Aug-2011"
"CANFINHOME","Can Fin Homes Limited","EQ","Dividend Rs 2.50 Per Share","2","16-Aug-2011","-","18-Aug-2011","24-Aug-2011"
"GENESYS","Genesys International Corporation Limited","EQ","Annual General Meeting And Dividend Rs.1.25 Per Share","5","17-Aug-2011","-","20-Aug-2011","30-Aug-2011"
"PIIND","PI Industries Limited","EQ","Face Value Split From Rs.10/- To Rs.5/-","1","17-Aug-2011","19-Aug-2011","-","-"
"SRIPIPES","Srikalahasthi Pipes Limited","EQ","Annual General Meeting And Dividend Rs.1.50 Per Share","10","17-Aug-2011","-","19-Aug-2011","25-Aug-2011"
"EROSMEDIA","Eros International Media Limited","EQ","Annual General Meeting","10","17-Aug-2011","-","19-Aug-2011","25-Aug-2011"
"SJVN","SJVN Limited","EQ","Dividend-Re.0.80 Per Share","10","17-Aug-2011","-","20-Aug-2011","26-Aug-2011"
"SHIRPUR-G","Shirpur Gold Refinery Limited","EQ","Annual General Meeting","10","17-Aug-2011","-","22-Aug-2011","29-Aug-2011"
"LOVABLE","Lovable Lingerie Limited","EQ","Dividend - Rs. 1.50 Per Share","10","17-Aug-2011","-","19-Aug-2011","25-Aug-2011"
"3PLAND","3P Land Holdings Limited","EQ","Annual General Meeting","2","17-Aug-2011","-","19-Aug-2011","29-Aug-2011"
"JBFIND","JBF Industries Limited","EQ","Dividend-Rs.8/- Per Share","10","17-Aug-2011","-","22-Aug-2011","26-Aug-2011"
"TPHQ","Teamo Productions HQ Limited","EQ","Annual General Meeting","1","17-Aug-2011","-","20-Aug-2011","30-Aug-2011"
"SGJHL","Shree Ganesh Jewellery House (I) Limited","EQ","Annual General Meeting And Dividend Rs.3/- Per Share","10","17-Aug-2011","-","20-Aug-2011","26-Aug-2011"
"BHARTIARTL","Bharti Airtel Limited","EQ","Annual General Meeting And Dividend Re.1/- Per Share","5","17-Aug-2011","-","20-Aug-2011","01-Sep-2011"
"TAKE","Take Solutions Limited","EQ","Dividend-Re.1/- Per Share","1","17-Aug-2011","-","20-Aug-2011","26-Aug-2011"
"IRB","IRB Infrastructure Developers Limited","EQ","Dividend-Rs.1.50 Per Share","1","17-Aug-2011","-","22-Aug-2011","25-Aug-2011"
"LT","Larsen & Toubro Limited","EQ","Dividend-Rs.14.50 Per Share","2","17-Aug-2011","-","19-Aug-2011","26-Aug-2011"
"JAMNAAUTO","Jamna Auto Industries Limited","EQ","Annual General Meeting /  Final Dividend - Re.1 Per Share / Interim Dividend - Re.1 Per Share (Purpose Revised)","1","17-Aug-2011","-","22-Aug-2011","25-Aug-2011"
"BASF","BASF India Limited","EQ","Annual General Meeting And Dividend - Rs. 8 Per Share","10","17-Aug-2011","-","22-Aug-2011","26-Aug-2011"
"WELENT","Welspun Enterprises Limited","EQ","Annual General Meeting","10","17-Aug-2011","-","22-Aug-2011","25-Aug-2011"
"GTOFFSHORE","GOL Offshore Limited","EQ","Annual General Meeting/Dividend Rs 2.50 Per Share","10","17-Aug-2011","-","22-Aug-2011","02-Sep-2011"
"MUKTAARTS","Mukta Arts Limited","EQ","Interim Dividend Re.1/- Per Share","5","17-Aug-2011","18-Aug-2011","-","-"
"63MOONS","63 moons technologies limited","EQ","1st Interim Dividend Rs.2/- Per Share (Purpose Revised)","2","17-Aug-2011","18-Aug-2011","-","-"
"GAIL","GAIL (India) Limited","EQ","Dividend-Rs.5.50 Per Share","10","17-Aug-2011","-","20-Aug-2011","07-Sep-2011"
"SARDAEN","Sarda Energy & Minerals Limited","EQ","Annual General Meeting/Dividend Rs 3 Per Share","1","17-Aug-2011","-","22-Aug-2011","27-Aug-2011"
"SERVALL","Servalakshmi Paper Limited","EQ","Annual General Meeting","10","17-Aug-2011","-","22-Aug-2011","02-Sep-2011"
"DALMIABHA","Dalmia Bharat Limited","EQ","Annual General Meeting And Dividend Rs.1.25 Per Share","2","17-Aug-2011","-","19-Aug-2011","26-Aug-2011"
"DALMIASUG","Dalmia Bharat Sugar and Industries Limited","EQ","Annual General Meeting And Dividend Re.0.25 Per Share","2","17-Aug-2011","-","19-Aug-2011","26-Aug-2011"
"SUNCLAYTON","Sundaram Clayton Limited","EQ","2nd Interim Dividend Rs.3.25 Per Share (Purpose Revised)","5","17-Aug-2011","-","19-Aug-2011","22-Aug-2011"
"MANAKSIA","Manaksia Limited","EQ","Annual General Meeting And Dividend Rs.2.50 Per Share","2","17-Aug-2011","-","20-Aug-2011","02-Sep-2011"
"GPIL","Godawari Power And Ispat limited","EQ","Dividend-Rs.2.50 Per Share","1","17-Aug-2011","-","22-Aug-2011","30-Aug-2011"
"KABRAEXTRU","Kabra Extrusion Technik Limited","EQ","Annual General Meeting And Dividend Rs.1.75 Per Share","5","18-Aug-2011","-","23-Aug-2011","30-Aug-2011"
"KILITCH","Kilitch Drugs (India) Limited","EQ","Annual General Meeting And Dividend Re.1/- Per Share","10","18-Aug-2011","-","23-Aug-2011","30-Aug-2011"
"IFGLREFRAC","IFGL Refractories Limited","EQ","Annual General Meeting And Dividend Re.0.50 Per Share","10","18-Aug-2011","-","23-Aug-2011","26-Aug-2011"
"JOCIL","Jocil Limited","EQ","Dividend - Rs. 8/- Per Share (Bc Dates Revised)","10","18-Aug-2011","-","23-Aug-2011","24-Aug-2011"
"PLASTIBLEN","Plastiblends India Limited","EQ","Annual General Meeting And Dividend Rs.7/- Per Share","5","18-Aug-2011","-","23-Aug-2011","30-Aug-2011"
"INSECTICID","Insecticides (India) Limited","EQ","Dividend-Rs.2.50 Per Share","10","18-Aug-2011","-","23-Aug-2011","26-Aug-2011"
"MAWANASUG","Mawana Sugars Limited","EQ","Annual General Meeting","10","18-Aug-2011","-","23-Aug-2011","24-Aug-2011"
"ASHOKA","Ashoka Buildcon Limited","EQ","Annual General Meeting","5","18-Aug-2011","-","23-Aug-2011","29-Aug-2011"
"ENIL","Entertainment Network (India) Limited","EQ","Annual General Meeting","10","18-Aug-2011","-","23-Aug-2011","30-Aug-2011"
"KKCL","Kewal Kiran Clothing Limited","EQ","Dividend Rs 4 Per Share","10","18-Aug-2011","-","23-Aug-2011","06-Sep-2011"
"MAITHANALL","Maithan Alloys Limited","EQ","Annual General Meeting And Dividend - Rs. 2 Per Share","10","18-Aug-2011","-","23-Aug-2011","27-Aug-2011"
"SOMATEX","Soma Textiles & Industries Limited","EQ","Annual General Meeting","10","18-Aug-2011","-","23-Aug-2011","02-Sep-2011"
"NATNLSTEEL","National Steel And Agro Industries Limited","EQ","Annual General Meeting","10","18-Aug-2011","-","23-Aug-2011","25-Aug-2011"
"ONGC","Oil & Natural Gas Corporation Limited","EQ","Annual General Meeting And Dividend Re.0.75 Per Share","5","18-Aug-2011","-","23-Aug-2011","30-Aug-2011"
"EASUNREYRL","Easun Reyrolle Limited","EQ","Annual General Meeting And Dividend Rs.1.20 Per Share (Bc End Date Revised)","2","18-Aug-2011","-","23-Aug-2011","29-Aug-2011"
"HBSTOCK","HB Stockholdings Limited","EQ","Annual General Meeting","10","22-Aug-2011","-","24-Aug-2011","30-Aug-2011"
"CASTROL","Castrol India Limited","EQ","Interim Dividend Rs.7/- Per Share (Purpose Revised)","10","22-Aug-2011","23-Aug-2011","-","-"
"WELSPUNLIV","Welspun Living Limited","EQ","Annual General Meeting","1","22-Aug-2011","-","24-Aug-2011","30-Aug-2011"
"CHAMBLFERT","Chambal Fertilizers & Chemicals Limited","EQ","Dividend-Rs.1.90 Per Share","10","22-Aug-2011","-","24-Aug-2011","25-Aug-2011"
"SEINVEST","S.E. Investments Limited","EQ","Annual General Meeting","1","22-Aug-2011","-","24-Aug-2011","29-Aug-2011"
"FEDERALBNK","The Federal Bank  Limited","EQ","Annual General Meeting And Dividend Rs.8.50 Per Share","2","23-Aug-2011","-","25-Aug-2011","03-Sep-2011"
"BEML","BEML Limited","EQ","Dividend-Rs.10/- Per Share","5","23-Aug-2011","-","25-Aug-2011","29-Aug-2011"
"TULIP","Tulip Telecom Limited","EQ","Dividend-Rs.1.60 Per Share","2","23-Aug-2011","-","25-Aug-2011","30-Aug-2011"
"SEMAC","Semac Construction Limited","EQ","Annual General Meeting","10","23-Aug-2011","-","25-Aug-2011","29-Aug-2011"
"VARDMNPOLY","Vardhman Polytex Limited","EQ","Annual General Meeting","1","23-Aug-2011","-","25-Aug-2011","29-Aug-2011"
"TARAPUR","Tarapur Transformers Limited","EQ","Annual General Meeting","10","23-Aug-2011","-","25-Aug-2011","30-Aug-2011"
"BILENERGY","Bil Energy Systems Limited","EQ","Annual General Meeting","1","23-Aug-2011","-","25-Aug-2011","30-Aug-2011"
"DENSO","Denso India Limited","EQ","Annual General Meeting","10","23-Aug-2011","-","25-Aug-2011","29-Aug-2011"
"SHREYANIND","Shreyans Industries Limited","EQ","Annual General Meeting","10","23-Aug-2011","-","25-Aug-2011","30-Aug-2011"
"MARUTI","Maruti Suzuki India Limited","EQ","Dividend-Rs.7.50 Per Share","5","24-Aug-2011","-","26-Aug-2011","08-Sep-2011"
"NOL","National Oxygen Limited","EQ","Annual General Meeting/Div. Re.1 Per Share","10","24-Aug-2011","-","26-Aug-2011","03-Sep-2011"
"GMRAIRPORT","GMR AIRPORTS LIMITED","EQ","Annual General Meeting","1","24-Aug-2011","-","26-Aug-2011","02-Sep-2011"
"BANG","Bang Overseas Limited","EQ","Scheme Of Arrangement","10","24-Aug-2011","25-Aug-2011","-","-"
"ORIENTBELL","Orient Bell Limited","EQ","Annual General Meeting And Dividend Rs.2/- Per Share","10","24-Aug-2011","-","26-Aug-2011","02-Sep-2011"
"TEXINFRA","Texmaco Infrastructure & Holdings Limited","EQ","Annual General Meeting/Dividend Re 0.10 Per Share","1","24-Aug-2011","-","26-Aug-2011","01-Sep-2011"
"TEXRAIL","Texmaco Rail & Engineering Limited","EQ","Annual General Meeting/Dividend Re 1 Per Share","1","24-Aug-2011","-","26-Aug-2011","01-Sep-2011"
"LAKSHMIMIL","The Lakshmi Mills Company Limited","EQ","Annual General Meeting/Div.Rs.9/- Per Share","100","24-Aug-2011","-","26-Aug-2011","02-Sep-2011"
"GHCL","GHCL Limited","EQ","Dividend-Rs.2/- Per Share","10","24-Aug-2011","-","26-Aug-2011","02-Sep-2011"
"GNFC","Gujarat Narmada Valley Fertilizers and Chemicals Limited","EQ","Dividend-Rs.3.25 Per Share","10","25-Aug-2011","-","27-Aug-2011","02-Sep-2011"
"EUROTEXIND","Eurotex Industries and Exports Limited","EQ","Annual General Meeting","10","25-Aug-2011","-","29-Aug-2011","10-Sep-2011"
"MOTHERSON","Samvardhana Motherson International Limited","EQ","Annual General Meeting And Dividend Rs.2.75 Per Share","1","25-Aug-2011","-","28-Aug-2011","02-Sep-2011"
"SUNTECK","Sunteck Realty Limited","EQ","Interim Dividend Re.0.12 Per Share","1","25-Aug-2011","26-Aug-2011","-","-"
"REFEX","Refex Industries Limited","EQ","Annual General Meeting","2","25-Aug-2011","-","29-Aug-2011","05-Sep-2011"
"HEROMOTOCO","Hero MotoCorp Limited","EQ","Annual General Meeting And Dividend Rs.35/- Per Share","2","25-Aug-2011","-","27-Aug-2011","31-Aug-2011"
"BANCOINDIA","Banco Products (I) Limited","EQ","Dividend-Rs.3/- Per Share","2","25-Aug-2011","-","29-Aug-2011","06-Sep-2011"
"SUPERSPIN","Super Spinning Mills Limited","EQ","Annual General Meeting","1","25-Aug-2011","-","27-Aug-2011","02-Sep-2011"
"ULTRACEMCO","UltraTech Cement Limited","EQ","Dividend Rs 6 Per Share","10","25-Aug-2011","-","27-Aug-2011","09-Sep-2011"
"JINDRILL","Jindal Drilling And Industries Limited","EQ","Dividend Re 0.50 Per Share","5","25-Aug-2011","-","27-Aug-2011","31-Aug-2011"
"TNPETRO","Tamilnadu PetroProducts Limited","EQ","Dividend-Re.1/- Per Share","10","26-Aug-2011","-","30-Aug-2011","16-Sep-2011"
"ENGINERSIN","Engineers India Limited","EQ","Annual General Meeting/Dividend Rs 4 Per Share","5","26-Aug-2011","-","30-Aug-2011","07-Sep-2011"
"RGL","Renaissance Global Limited","EQ","Dividend-Rs.2/- Per Share","2","26-Aug-2011","-","30-Aug-2011","07-Sep-2011"
"EPL","EPL Limited","EQ","Dividend-Re.0.60 Per Share","2","26-Aug-2011","-","30-Aug-2011","09-Sep-2011"
"AVTNPL","AVT Natural Products Limited","EQ","Annual General Meeting And Dividend Rs.5/- Per Share","1","29-Aug-2011","-","02-Sep-2011","07-Sep-2011"
"NOIDATOLL","Noida Toll Bridge Company Limited","EQ","Annual General Meeting","10","29-Aug-2011","-","01-Sep-2011","02-Sep-2011"
"CENTURYPLY","Century Plyboards (India) Limited","EQ","Interim Dividend Re.1/- Per Share (Purpose Revised)","1","29-Aug-2011","30-Aug-2011","-","-"
"NFL","National Fertilizers Limited","EQ","Annual General Meeting And Dividend Re.0.85 Per Share","10","29-Aug-2011","-","02-Sep-2011","12-Sep-2011"
"JBCHEPHARM","JB Chemicals & Pharmaceuticals Limited","EQ","Special Interim Dividend Rs.40/- Per Share","1","29-Aug-2011","31-Aug-2011","-","-"
"VINDHYATEL","Vindhya Telelinks Limited","EQ","Annual General Meeting","10","29-Aug-2011","-","01-Sep-2011","07-Sep-2011"
"JEYPORE","The Jeypore Sugar Company Limited","EQ","Annual General Meeting","10","29-Aug-2011","-","01-Sep-2011","08-Sep-2011"
"KHAITANELE","Khaitan Electricals Limited","EQ","Annual General Meeting And Dividend Rs.1.50 Per Share","10","29-Aug-2011","-","01-Sep-2011","17-Sep-2011"
"ADHUNIK","Adhunik Metaliks Limited","EQ","Dividend-Rs.1.50 Per Share","10","29-Aug-2011","-","01-Sep-2011","15-Sep-2011"
"SHYAMTEL","Shyam Telecom Limited","EQ","Annual General Meeting","10","29-Aug-2011","-","01-Sep-2011","05-Sep-2011"
"STINDIA","STI India Limited","EQ","Annual General Meeting","10","29-Aug-2011","-","02-Sep-2011","07-Sep-2011"
"KOTARISUG","Kothari Sugars And Chemicals Limited","EQ","Annual General Meeting","10","29-Aug-2011","-","01-Sep-2011","08-Sep-2011"
"MIRZAINT","Mirza International Limited","EQ","Annual General Meeting And Dividend Re.0.50 Per Share","2","29-Aug-2011","-","01-Sep-2011","08-Sep-2011"
"PUNJABCHEM","Punjab Chemicals & Crop Protection Limited","EQ","Annual General Meeting","10","29-Aug-2011","-","01-Sep-2011","07-Sep-2011"
"BIRLACABLE","Birla Cable Limited","EQ","Annual General Meeting","10","29-Aug-2011","-","01-Sep-2011","07-Sep-2011"
"BSL","BSL Limited","EQ","Annual General Meeting And Dividend Re.0.75 Per Share","10","29-Aug-2011","-","01-Sep-2011","10-Sep-2011"
"DHANUS","Dhanus Technologies Limited","EQ","Bonus 12:5","10","29-Aug-2011","30-Aug-2011","-","-"
"GUJRAFFIA","Gujarat Raffia Industries Limited","EQ","Annual General Meeting","10","29-Aug-2011","-","01-Sep-2011","05-Sep-2011"
"HBLENGINE","HBL Engineering Limited","EQ","Annual General Meeting And Dividend Re.0.10 Per Share","1","29-Aug-2011","-","31-Aug-2011","05-Sep-2011"
"TALBROAUTO","Talbros Automotive Components Limited","EQ","Annual General Meeting And Dividend Rs.1.20 Per Share","2","29-Aug-2011","-","01-Sep-2011","07-Sep-2011"
"TI","Tilaknagar Industries Limited","EQ","Annual General Meeting And Dividend Re.0.80 Per Share","10","29-Aug-2011","-","02-Sep-2011","08-Sep-2011"
"MAHSEAMLES","Maharashtra Seamless Limited","EQ","Dividend-Rs.6/- Per Share","5","29-Aug-2011","-","31-Aug-2011","05-Sep-2011"
"NEXTMEDIA","Next Mediaworks Limited","EQ","Annual General Meeting","10","29-Aug-2011","-","31-Aug-2011","08-Sep-2011"
"NORBTEAEXP","Norben Tea & Exports Limited","EQ","Annual General Meeting","10","29-Aug-2011","-","01-Sep-2011","09-Sep-2011"
"CHENNPETRO","Chennai Petroleum Corporation Limited","EQ","Dividend-Rs.12/- Per Share","10","29-Aug-2011","-","01-Sep-2011","12-Sep-2011"
"DEEPENR","DEEP ENERGY RESOURCES LIMITED","EQ","Annual General Meeting/Dividend Re 0.50 Per Share","10","29-Aug-2011","-","01-Sep-2011","07-Sep-2011"
"ANDHRAPAP","ANDHRA PAPER LIMITED","EQ","Annual General Meeting/Dividend Re 1 Per Share","2","29-Aug-2011","-","01-Sep-2011","10-Sep-2011"
"ESSARPORTS","Essar Ports Limited","EQ","Annual General Meeting","10","30-Aug-2011","-","05-Sep-2011","09-Sep-2011"
"IFCI","IFCI Limited","EQ","Annual General Meeting And Dividend Re.1/- Per Share","10","30-Aug-2011","-","03-Sep-2011","13-Sep-2011"
"IITL","Industrial Investment Trust Limited","EQ","Annual General Meeting And Dividend - Rs. 1.50 Per Share","10","30-Aug-2011","-","03-Sep-2011","10-Sep-2011"
"HARRMALAYA","Harrisons  Malayalam Limited","EQ","Annual General Meeting And Dividend Rs.1.50 Per Share","10","30-Aug-2011","-","05-Sep-2011","19-Sep-2011"
"INFOMEDIA","Infomedia Press Limited","EQ","Annual General Meeting","10","30-Aug-2011","-","05-Sep-2011","09-Sep-2011"
"RADICO","Radico Khaitan Limited","EQ","Annual General Meeting/Dividend Re 0.70 Per Share","2","30-Aug-2011","-","05-Sep-2011","09-Sep-2011"
"RECLTD","REC Limited","EQ","Annual General Meeting And Dividend Rs.4/- Per Share","10","30-Aug-2011","-","03-Sep-2011","17-Sep-2011"
"ROHLTD","Royal Orchid Hotels Limited","EQ","Annual General Meeting And Dividend Rs.1.50 Per Share","10","30-Aug-2011","-","03-Sep-2011","05-Sep-2011"
"WOCKPHARMA","Wockhardt Limited","EQ","Annual General Meeting","5","30-Aug-2011","-","05-Sep-2011","12-Sep-2011"
"NETWORK18","Network18 Media & Investments Limited","EQ","Annual General Meeting","5","30-Aug-2011","-","05-Sep-2011","09-Sep-2011"
"TV18BRDCST","TV18 Broadcast Limited","EQ","Annual General Meeting","2","30-Aug-2011","-","05-Sep-2011","09-Sep-2011"
"SINTEX","Sintex Industries Limited","EQ","Dividend - Rs. 0.65 Per Share","1","30-Aug-2011","-","03-Sep-2011","12-Sep-2011"
"GAYAPROJ","Gayatri Projects Limited","EQ","Annual General Meeting And Dividend Rs.5/- Per Share","2","30-Aug-2011","-","03-Sep-2011","06-Sep-2011"
"SUNFLAG","Sunflag Iron And Steel Company Limited","EQ","Annual General Meeting And Dividend Re.0.50 Per Share","10","30-Aug-2011","-","03-Sep-2011","23-Sep-2011"
"SAITELE","Sai Television Limited","EQ","Annual General Meeting","10","30-Aug-2011","-","05-Sep-2011","09-Sep-2011"
"JBMA","JBM Auto Limited","EQ","Annual General Meeting And Dividend Rs.2/- Per Share","1","30-Aug-2011","-","05-Sep-2011","15-Sep-2011"
"RADAAN","Radaan Mediaworks India Limited","EQ","Annual General Meeting","2","30-Aug-2011","-","05-Sep-2011","07-Sep-2011"
"RELIGARE","Religare Enterprises Limited","EQ","Annual General Meeting","10","30-Aug-2011","-","05-Sep-2011","09-Sep-2011"
"BANARISUG","Bannari Amman Sugars Limited","EQ","Annual General Meeting And Dividend Rs.10/- Per Share","10","30-Aug-2011","-","03-Sep-2011","15-Sep-2011"
"NLCINDIA","NLC India Limited","EQ","Annual General Meeting And Dividend Rs.2.30 Per Share","10","30-Aug-2011","-","03-Sep-2011","12-Sep-2011"
"UFLEX","UFLEX Limited","EQ","Annual General Meeting And Dividend Rs.7.50 Per Share","10","30-Aug-2011","-","05-Sep-2011","10-Sep-2011"
"UNITY","Unity Infraprojects Limited","EQ","Annual General Meeting And Dividend Re.1/- Per Share","2","30-Aug-2011","-","05-Sep-2011","12-Sep-2011"
"DREDGECORP","Dredging Corporation of India Limited","EQ","Annual General Meeting","10","30-Aug-2011","-","03-Sep-2011","09-Sep-2011"
"WEBELSOLAR","Websol Energy System Limited","EQ","Annual General Meeting","1","30-Aug-2011","-","05-Sep-2011","07-Sep-2011"
"GEMINI","Gemini Communication Limited","EQ","Dividend Re 0.10 Per Share","1","30-Aug-2011","-","05-Sep-2011","09-Sep-2011"
"GENUSPOWER","Genus Power Infrastructures Limited","EQ","Dividend-Re.0.10 Per Share","1","30-Aug-2011","-","03-Sep-2011","10-Sep-2011"
"GSFC","Gujarat State Fertilizers & Chemicals Limited","EQ","Dividend-Rs.7/- Per Share","2","30-Aug-2011","-","03-Sep-2011","17-Sep-2011"
"HINDSYNTEX","Hind Syntex Limited","EQ","Annual General Meeting","10","30-Aug-2011","-","05-Sep-2011","12-Sep-2011"
"HEG","HEG Limited","EQ","Annual General Meeting And Dividend - Rs 5.00 Per Share","2","02-Sep-2011","-","06-Sep-2011","16-Sep-2011"
"IDBI","IDBI Bank Limited","EQ","Dividend Rs 3.50 Per Share","10","02-Sep-2011","-","06-Sep-2011","08-Sep-2011"
"SALONACOT","Salona Cotspin Limited","EQ","Annual General Meeting And Dividend Re.1/- Per Share","10","02-Sep-2011","-","06-Sep-2011","08-Sep-2011"
"LAKSHVILAS","Lakshmi Vilas Bank Limited","EQ","Annual General Meeting/Dividend Rs 2.50 Per Share","10","02-Sep-2011","-","06-Sep-2011","14-Sep-2011"
"NRC","NRC Limited","EQ","Annual General Meeting","10","02-Sep-2011","-","06-Sep-2011","14-Sep-2011"
"GUJALKALI","Gujarat Alkalies and Chemicals Limited","EQ","Dividend - Rs. 3 Per Share","10","02-Sep-2011","-","06-Sep-2011","16-Sep-2011"
"NHPC","NHPC Limited","EQ","Annual General Meeting And Dividend Re.0.60 Per Share (Bc Dates Revised)","10","02-Sep-2011","-","06-Sep-2011","19-Sep-2011"
"MPSLTD","MPS Limited","EQ","Annual General Meeting","10","02-Sep-2011","-","06-Sep-2011","13-Sep-2011"
"SURYAROSNI","Surya Roshni Limited","EQ","Dividend-Rs.1.50 Per Share","5","02-Sep-2011","-","06-Sep-2011","09-Sep-2011"
"SUNPHARMA","Sun Pharmaceutical Industries Limited","EQ","Annual General Meeting And Dividend Rs.3.50 Per Share","1","02-Sep-2011","-","06-Sep-2011","16-Sep-2011"
"GRANULES","Granules India Limited","EQ","Annual General Meeting And Dividend Rs.1.50 Per Share","1","02-Sep-2011","-","06-Sep-2011","12-Sep-2011"
"HINDCOPPER","Hindustan Copper Limited","EQ","Annual General Meeting And Dividend Re.0.50 Per Share","5","02-Sep-2011","-","06-Sep-2011","20-Sep-2011"
"GREENPOWER","Orient Green Power Company Limited","EQ","Annual General Meeting","10","05-Sep-2011","-","07-Sep-2011","07-Sep-2011"
"MONSANTO","Monsanto India Limited","EQ","Annual General Meeting And Dividend Rs.10/- Per Share","10","05-Sep-2011","-","07-Sep-2011","07-Sep-2011"
"SUPPETRO","Supreme Petrochem Limited","EQ","Dividend-Rs.2.80 Per Share","10","05-Sep-2011","-","07-Sep-2011","21-Sep-2011"
"SANGHVIFOR","Sanghvi Forging and Engineering Limited","EQ","Annual General Meeting","10","05-Sep-2011","-","07-Sep-2011","09-Sep-2011"
"INDRAMEDCO","Indraprastha Medical Corporation Limited","EQ","Dividend Rs 1.60 Per Share","10","05-Sep-2011","-","07-Sep-2011","14-Sep-2011"
"KCP","KCP Limited","EQ","1st Interim Dividend Re.0.25 Per Share (Purpose Revised)","1","05-Sep-2011","06-Sep-2011","-","-"
"IL&FSENGG","IL&FS Engineering and Construction Company Limited","EQ","Annual General Meeting","10","05-Sep-2011","-","07-Sep-2011","13-Sep-2011"
"SUPREMEIND","Supreme Industries Limited","EQ","Dividend - Rs. 3 Per Share","2","05-Sep-2011","-","07-Sep-2011","14-Sep-2011"
"BPCL","Bharat Petroleum Corporation Limited","EQ","Annual General Meeting And Dividend Rs.14/- Per Share","10","05-Sep-2011","-","07-Sep-2011","16-Sep-2011"
"TULSYAN","Tulsyan Nec Limited","EQ","Annual General Meeting/Fin.Div.Re.1/-Per Share","10","05-Sep-2011","-","07-Sep-2011","14-Sep-2011"
"TFCILTD","Tourism Finance Corporation of India Limited","EQ","Annual General Meeting And Dividend Rs.1.20 Per Share","2","05-Sep-2011","-","07-Sep-2011","13-Sep-2011"
"BRFL","Bombay Rayon Fashions Limited","EQ","Annual General Meeting And Dividend Rs.1.50 Per Share","10","05-Sep-2011","-","07-Sep-2011","15-Sep-2011"
"CONCOR","Container Corporation of India Limited","EQ","Dividend-Rs.8/- Per Share","5","06-Sep-2011","-","08-Sep-2011","19-Sep-2011"
"KLRF","KLRF Limited","EQ","Annual General Meeting","10","06-Sep-2011","-","08-Sep-2011","15-Sep-2011"
"SEPC","SEPC Limited","EQ","Annual General Meeting And Dividend Rs.1.20 Per Share","10","06-Sep-2011","-","08-Sep-2011","09-Sep-2011"
"ENERGYDEV","Energy Development Company Limited","EQ","Annual General Meeting And Dividend Re.1/- Per Share","10","06-Sep-2011","-","08-Sep-2011","13-Sep-2011"
"RAJRAYON","Raj Rayon Industries Limited","EQ","Annual General Meeting And Dividend Re.0.30 Per Share","1","06-Sep-2011","-","08-Sep-2011","15-Sep-2011"
"TFL","Transwarranty Finance Limited","EQ","Annual General Meeting","10","06-Sep-2011","-","08-Sep-2011","16-Sep-2011"
"GRASIM","Grasim Industries Limited","EQ","Dividend-Rs.20/- Per Share","2","06-Sep-2011","-","08-Sep-2011","17-Sep-2011"
"PENIND","Pennar Industries Limited","EQ","Annual General Meeting And Dividend Re.0.75 Per Share","5","06-Sep-2011","-","08-Sep-2011","10-Sep-2011"
"NAVNETEDUL","Navneet Education Limited","EQ","Dividend-Re.0.80 Per Share","2","06-Sep-2011","-","08-Sep-2011","15-Sep-2011"
"NELCAST","Nelcast Limited","EQ","Face Value Split From Rs 10 To Rs 2","2","06-Sep-2011","07-Sep-2011","-","-"
"ORISSAMINE","The Orissa Minerals Development Company Limited","EQ","Annual General Meeting And Dividend Rs.19.30 Per Share","1","06-Sep-2011","-","08-Sep-2011","16-Sep-2011"
"POWERGRID","Power Grid Corporation of India Limited","EQ","Dividend-Rs.1.25 Per Share","10","06-Sep-2011","-","08-Sep-2011","19-Sep-2011"
"TNPL","Tamil Nadu Newsprint & Papers Limited","EQ","Dividend-Rs.5/- Per Share","10","06-Sep-2011","-","08-Sep-2011","15-Sep-2011"
"SUMMITSEC","Summit Securities Limited","EQ","Annual General Meeting","10","07-Sep-2011","-","09-Sep-2011","23-Sep-2011"
"BROADCAST","Broadcast Initiatives Limited","EQ","Annual General Meeting","10","07-Sep-2011","-","09-Sep-2011","12-Sep-2011"
"GREAVESCOT","Greaves Cotton Limited","EQ","1st Interim Dividend Re.0.40 Per Share","2","07-Sep-2011","08-Sep-2011","-","-"
"MADRASFERT","Madras Fertilizers Limited","EQ","Annual General Meeting","10","07-Sep-2011","-","09-Sep-2011","13-Sep-2011"
"TANTIACONS","Tantia Constructions Limited","EQ","Annual General Meeting And Dividend Rs.2.50 Per Share","10","07-Sep-2011","-","09-Sep-2011","16-Sep-2011"
"SIMPLEXINF","Simplex Infrastructures Limited","EQ","Dividend-Rs.2/- Per Share","2","07-Sep-2011","-","09-Sep-2011","16-Sep-2011"
"SAVERA","Savera Industries Limited","EQ","Annual General Meeting/Div.Rs.1.20/- Per Share","10","07-Sep-2011","-","09-Sep-2011","21-Sep-2011"
"EASTSILK","Eastern Silk Industries Limited","EQ","Annual General Meeting","2","07-Sep-2011","-","09-Sep-2011","21-Sep-2011"
"PRESSMN","Pressman Advertising Limited","EQ","Annual General Meeting","2","07-Sep-2011","-","09-Sep-2011","17-Sep-2011"
"TATASTLBSL","Tata Steel Bsl Limited","EQ","Annual General Meeting And Dividend Re.0.50 Per Share","2","08-Sep-2011","-","12-Sep-2011","14-Sep-2011"
"IGARASHI","Igarashi Motors India Limited","EQ","Annual General Meeting","10","08-Sep-2011","-","12-Sep-2011","15-Sep-2011"
"HINDPETRO","Hindustan Petroleum Corporation Limited","EQ","Dividend-Rs.14/- Per Share","10","08-Sep-2011","-","10-Sep-2011","22-Sep-2011"
"CMAHENDRA","C. Mahendra Exports Limited","EQ","Annual General Meeting","10","08-Sep-2011","-","10-Sep-2011","16-Sep-2011"
"KSK","KSK Energy Ventures Limited","EQ","Annual General Meeting","10","08-Sep-2011","-","10-Sep-2011","17-Sep-2011"
"TEAMGTY","Team India Guaranty Limited","EQ","Annual General Meeting","10","08-Sep-2011","-","12-Sep-2011","22-Sep-2011"
"IMPEXFERRO","Impex Ferro Tech Limited","EQ","Annual General Meeting","10","08-Sep-2011","-","12-Sep-2011","16-Sep-2011"
"SOTL","Savita Oil Technologies Limited","EQ","Annual General Meeting/Final Dividend Rs.15/- Per Share And Special Dividend Rs.5/- Per Share","2","08-Sep-2011","-","12-Sep-2011","17-Sep-2011"
"SUNTV","Sun TV Network Limited","EQ","Annual General Meeting And Dividend Rs.3.75 Per Share","5","08-Sep-2011","-","10-Sep-2011","19-Sep-2011"
"SUBROS","Subros Limited","EQ","Annual General Meeting And Dividend Re.0.80 Per Share","2","08-Sep-2011","-","10-Sep-2011","19-Sep-2011"
"UGARSUGAR","The Ugar Sugar Works Limited","EQ","Annual General Meeting","1","08-Sep-2011","-","12-Sep-2011","23-Sep-2011"
"GODFRYPHLP","Godfrey Phillips India Limited","EQ","Annual General Meeting And Dividend Rs.35/- Per Share (Bc Dates Revised)","2","08-Sep-2011","-","10-Sep-2011","20-Sep-2011"
"SADBHAV","Sadbhav Engineering Limited","EQ","Annual General Meeting And Dividend Re.0.60 Per Share","1","08-Sep-2011","-","12-Sep-2011","16-Sep-2011"
"ROHITFERRO","Rohit Ferro-Tech Limited","EQ","Annual General Meeting And Dividend Re.0.50 Per Share","10","08-Sep-2011","-","10-Sep-2011","15-Sep-2011"
"INFINITE","Infinite Computer Solutions (India) Limited","EQ","Annual General Meeting","10","08-Sep-2011","-","12-Sep-2011","19-Sep-2011"
"NICCO","Nicco Corporation Limited","EQ","Annual General Meeting","2","08-Sep-2011","-","12-Sep-2011","22-Sep-2011"
"KEI","KEI Industries Limited","EQ","Annual General Meeting And Dividend Re.0.20 Per Share","2","08-Sep-2011","-","10-Sep-2011","15-Sep-2011"
"PREMIERPOL","Premier Polyfilm Limited","EQ","Annual General Meeting","1","08-Sep-2011","-","10-Sep-2011","19-Sep-2011"
"ZICOM","Zicom Electronic Security Systems Limited","EQ","Dividend-Re.1/- Per Share (Bc Dates Revised)","10","08-Sep-2011","-","10-Sep-2011","15-Sep-2011"
"IVRCLAH","IVRCL Assets & Holdings Limited","EQ","Annual General Meeting","10","08-Sep-2011","-","12-Sep-2011","15-Sep-2011"
"NITINSPIN","Nitin Spinners Limited","EQ","Annual General Meeting","10","08-Sep-2011","-","12-Sep-2011","19-Sep-2011"
"UBENGG","UB Engineering Limited","EQ","Annual General Meeting","10","08-Sep-2011","-","10-Sep-2011","16-Sep-2011"
"MANUGRAPH","Manugraph India Limited","EQ","Annual General Meeting And Dividend Rs.1.50 Per Share","2","08-Sep-2011","-","10-Sep-2011","27-Sep-2011"
"NTPC","NTPC Limited","EQ","Annual General Meeting And Dividend Re.0.80 Per Share","10","08-Sep-2011","-","10-Sep-2011","20-Sep-2011"
"MSPL","MSP Steel & Power Limited","EQ","Dividend-Re.0.50 Per Share","10","08-Sep-2011","-","10-Sep-2011","19-Sep-2011"
"NAHARCAP","Nahar Capital and Financial Services Limited","EQ","Dividend - Rs. 1.50 Per Share","5","08-Sep-2011","-","10-Sep-2011","20-Sep-2011"
"NAHARPOLY","Nahar Poly Films Limited","EQ","Dividend-Re.0.35 Per Share","5","08-Sep-2011","-","10-Sep-2011","20-Sep-2011"
"NAHARSPING","Nahar Spinning Mills Limited","EQ","Dividend-Rs.2/- Per Share","5","08-Sep-2011","-","10-Sep-2011","20-Sep-2011"
"NAHARINDUS","Nahar Industrial Enterprises Limited","EQ","Annual General Meeting And Dividend Re.1/- Per Share","10","08-Sep-2011","-","10-Sep-2011","20-Sep-2011"
"JYOTHYLAB","Jyothy Labs Limited","EQ","Annual General Meeting And Dividend Rs.5/- Per Share","1","08-Sep-2011","-","10-Sep-2011","20-Sep-2011"
"COALINDIA","Coal India Limited","EQ","Annual General Meeting And Dividend Re.0.40 Per Share","10","08-Sep-2011","-","12-Sep-2011","16-Sep-2011"
"EMCO","Emco Limited","EQ","Dividend-Re.0.20 Per Share","2","08-Sep-2011","-","10-Sep-2011","20-Sep-2011"
"DATAMATICS","Datamatics Global Services Limited","EQ","Annual General Meeting And Dividend Re.0.75 Per Share (Bc Dates Revised)","5","08-Sep-2011","-","11-Sep-2011","15-Sep-2011"
"GARDENSILK","Garden Silk Mills Limited","EQ","Dividend-Rs.1.80 Per Share","10","08-Sep-2011","-","10-Sep-2011","20-Sep-2011"
"GDL","Gateway Distriparks Limited","EQ","Dividend-Re.1/- Per Share","10","08-Sep-2011","-","10-Sep-2011","21-Sep-2011"
"CREWBOS","Crew B.O.S. Products Limited","EQ","Annual General Meeting","10","08-Sep-2011","-","12-Sep-2011","19-Sep-2011"
"EVEREADY","Eveready Industries India Limited","EQ","Annual General Meeting And Dividend Re.0.50 Per Share","5","09-Sep-2011","-","13-Sep-2011","23-Sep-2011"
"DIAPOWER","Diamond Power Infra Ltd","EQ","Dividend Rs 3 Per Share","10","09-Sep-2011","-","13-Sep-2011","19-Sep-2011"
"AGI","AGI Greenpac Limited","EQ","Dividend-Rs.2.50 Per Share","2","09-Sep-2011","-","13-Sep-2011","19-Sep-2011"
"BALMLAWRIE","Balmer Lawrie & Company Limited","EQ","Dividend Rs 26 Per Share","10","09-Sep-2011","-","13-Sep-2011","23-Sep-2011"
"CLASSIC","Classic Diamonds (India) Limited","EQ","Annual General Meeting","2","09-Sep-2011","-","13-Sep-2011","20-Sep-2011"
"PIONDIST","Pioneer Distilleries Limited","EQ","Annual General Meeting","10","09-Sep-2011","-","13-Sep-2011","16-Sep-2011"
"PHOENIXLTD","The Phoenix Mills Limited","EQ","Annual General Meeting/Dividend Rs 1.80 Per Share","2","09-Sep-2011","-","13-Sep-2011","20-Sep-2011"
"GITANJALI","Gitanjali Gems Limited","EQ","Dividend-Rs.3/- Per Share","10","09-Sep-2011","-","13-Sep-2011","26-Sep-2011"
"STLTECH","Sterlite Technologies Limited","EQ","Annual General Meeting/Dividend Re 0.50 Per Share","2","09-Sep-2011","-","13-Sep-2011","20-Sep-2011"
"LML","LML Limited","EQ","Annual General Meeting","10","09-Sep-2011","-","13-Sep-2011","20-Sep-2011"
"KAMATHOTEL","Kamat Hotels (I) Limited","EQ","Annual General Meeting","10","09-Sep-2011","-","13-Sep-2011","24-Sep-2011"
"JAICORPLTD","Jai Corp Limited","EQ","Annual General Meeting And Dividend Re.0.50 Per Share","1","09-Sep-2011","-","13-Sep-2011","23-Sep-2011"
"GIPCL","Gujarat Industries Power Company Limited","EQ","Dividend-Rs.2.50 Per Share","10","09-Sep-2011","-","13-Sep-2011","23-Sep-2011"
"MOREPENLAB","Morepen Laboratories Limited","EQ","Annual General Meeting","2","09-Sep-2011","-","13-Sep-2011","16-Sep-2011"
"ARSHIYA","Arshiya Limited","EQ","Annual General Meeting And Dividend Rs.1.20 Per Share","2","09-Sep-2011","-","13-Sep-2011","20-Sep-2011"
"SUDAR","Sudar Industries Limited","EQ","Annual General Meeting","10","09-Sep-2011","-","13-Sep-2011","20-Sep-2011"
"JAYSREETEA","Jayshree Tea & Industries Limited","EQ","Annual General Meeting And Dividend - Rs.3 Per Share","5","12-Sep-2011","-","14-Sep-2011","22-Sep-2011"
"ICDSLTD","ICDS Limited","EQ","Annual General Meeting","10","12-Sep-2011","-","14-Sep-2011","19-Sep-2011"
"AMRUTANJAN","Amrutanjan Health Care Limited","EQ","Annual General Meeting/Fin.Div.Rs.10/- Per Share","1","12-Sep-2011","-","14-Sep-2011","19-Sep-2011"
"FORTIS","Fortis Healthcare Limited","EQ","Annual General Meeting","10","12-Sep-2011","-","14-Sep-2011","19-Sep-2011"
"GUJAPOLLO","Gujarat Apollo Industries Limited","EQ","Final Dividend Rs.2.50 Per Share And Special Dividend Rs.2.50 Per Share","10","12-Sep-2011","-","14-Sep-2011","21-Sep-2011"
"INFODRIVE","Info-Drive Software Limited","EQ","Annual General Meeting","1","12-Sep-2011","-","14-Sep-2011","30-Sep-2011"
"RUBYMILLS","The Ruby Mills Limited","EQ","Annual General Meeting And Dividend Rs.5/- Per Share","5","12-Sep-2011","-","14-Sep-2011","21-Sep-2011"
"TMPV","Tata Motors Passenger Vehicles Limited","EQ","Face Value Split From Rs.10/- To Rs.2/-","2","12-Sep-2011","13-Sep-2011","-","-"
"TATAMTRDVR","Tata Motors Limited","EQ","Face Value Split From Rs.10/- To Rs.2/-","2","12-Sep-2011","13-Sep-2011","-","-"
"ERAINFRA","Era Infra Engineering Limited","EQ","Annual General Meeting And Dividend Re.0.40 Per Share","2","12-Sep-2011","-","14-Sep-2011","19-Sep-2011"
"RELAXO","Relaxo Footwears Limited","EQ","Dividend Re 1 Per Share","1","12-Sep-2011","-","14-Sep-2011","20-Sep-2011"
"VADILALIND","Vadilal Industries Limited","EQ","Dividend-Rs.1.50 Per Share","10","12-Sep-2011","-","14-Sep-2011","27-Sep-2011"
"ZENITHSTL","Zenith Steel Pipes & Industries Limited","EQ","Annual General Meeting","10","12-Sep-2011","-","14-Sep-2011","20-Sep-2011"
"JINDALSTEL","JINDAL STEEL LIMITED","EQ","Dividend-Rs.1.50 Per Share","1","12-Sep-2011","-","14-Sep-2011","16-Sep-2011"
"BLKASHYAP","B. L. Kashyap and Sons Limited","EQ","Annual General Meeting And Dividend Re.0.10 Per Share","1","12-Sep-2011","-","14-Sep-2011","21-Sep-2011"
"PFC","Power Finance Corporation Limited","EQ","Annual General Meeting And Dividend Rs.1.50 Per Share","10","12-Sep-2011","-","14-Sep-2011","28-Sep-2011"
"ASIL","Amit Spinning Industries Limited","EQ","Annual General Meeting","5","13-Sep-2011","-","15-Sep-2011","17-Sep-2011"
"RCF","Rashtriya Chemicals and Fertilizers Limited","EQ","Annual General Meeting And Dividend Rs.1.10 Per Share","10","13-Sep-2011","-","15-Sep-2011","23-Sep-2011"
"DCHL","Deccan Chronicle Holdings Limited","EQ","Annual General Meeting","2","13-Sep-2011","-","15-Sep-2011","22-Sep-2011"
"BEL","Bharat Electronics Limited","EQ","Annual General Meeting And Dividend - Rs.15.60 Per Share","1","13-Sep-2011","-","15-Sep-2011","26-Sep-2011"
"PGIL","Pearl Global Industries Limited","EQ","Annual General Meeting","5","13-Sep-2011","-","15-Sep-2011","22-Sep-2011"
"MERCATOR","Mercator Limited","EQ","Annual General Meeting","1","13-Sep-2011","-","15-Sep-2011","22-Sep-2011"
"KOHINOOR","Kohinoor Foods Limited","EQ","Annual General Meeting","10","13-Sep-2011","-","15-Sep-2011","27-Sep-2011"
"BIRLAPOWER","Birla Power Solutions Limited","EQ","Annual General Meeting","1","13-Sep-2011","-","15-Sep-2011","19-Sep-2011"
"BHARATIDIL","Bharati Defence and Infrastructure Limited","EQ","Dividend-Rs.3/- Per Share (Bc Dates Revised)","10","13-Sep-2011","-","15-Sep-2011","22-Sep-2011"
"SAGCEM","Sagar Cements Limited","EQ","Annual General Meeting And Dividend Rs.2/- Per Share","2","13-Sep-2011","-","15-Sep-2011","22-Sep-2011"
"PERIATEA","The Peria Karamalai Tea & Produce Company Limited","EQ","Annual Geneeral Meeting/Div.Rs.3/- Per Share","10","13-Sep-2011","-","15-Sep-2011","22-Sep-2011"
"PRADIP","Pradip Overseas Limited","EQ","Dividend-Re.1/- Per Share","10","13-Sep-2011","-","15-Sep-2011","27-Sep-2011"
"WSI","W S Industries (I) Limited","EQ","Annual General Meeting","10","13-Sep-2011","-","15-Sep-2011","29-Sep-2011"
"INDIAGLYCO","India Glycols Limited","EQ","Annual General Meeting/Dividend Rs 1.50 Per Share","5","13-Sep-2011","-","15-Sep-2011","27-Sep-2011"
"ATNINTER","ATN International Limited","EQ","Annual General Meeting","4","13-Sep-2011","-","15-Sep-2011","22-Sep-2011"
"GLODYNE","Glodyne Technoserve Limited","EQ","Dividend-Rs.4.20 Per Share (Bc Dates Revised)","6","13-Sep-2011","-","15-Sep-2011","15-Sep-2011"
"BALAJITELE","Balaji Telefilms Limited","EQ","Annual General Meeting And Dividend Re.0.20 Per Share","2","13-Sep-2011","-","15-Sep-2011","22-Sep-2011"
"FDC","FDC Limited","EQ","Annual General Meeting And Dividend Rs.2/- Per Share","1","13-Sep-2011","-","15-Sep-2011","24-Sep-2011"
"PROVOGUE","Provogue (India) Limited","EQ","Dividend-Re.0.25 Per Share","2","13-Sep-2011","-","15-Sep-2011","23-Sep-2011"
"VASCONEQ","Vascon Engineers Limited","EQ","Annual General Meeting And Dividend Re.1/- Per Share","10","14-Sep-2011","-","16-Sep-2011","27-Sep-2011"
"TVSELECT","TVS Electronics Limited","EQ","Annual General Meeting","10","14-Sep-2011","-","16-Sep-2011","21-Sep-2011"
"OMNITECH","Omnitech Infosolutions Limited","EQ","Annual General Meeting And Dividend Rs.2.70 Per Share","10","14-Sep-2011","-","16-Sep-2011","30-Sep-2011"
"PARAPRINT","Paramount Printpackaging Limited","EQ","Annual General Meeting","10","14-Sep-2011","-","16-Sep-2011","20-Sep-2011"
"HINDALCO","Hindalco Industries Limited","EQ","Dividend-Rs.1.50 Per Share","1","14-Sep-2011","-","16-Sep-2011","23-Sep-2011"
"STEL","Stel Holdings Limited","EQ","Annual General Meeting","10","14-Sep-2011","-","16-Sep-2011","26-Sep-2011"
"SATHAISPAT","Sathavahana Ispat Limited","EQ","Annual General Meeting/Dividend Rs 1.80 Per Share","10","14-Sep-2011","-","16-Sep-2011","30-Sep-2011"
"MASTEK","Mastek Limited","EQ","Annual General Meeting","5","14-Sep-2011","-","16-Sep-2011","23-Sep-2011"
"GANESHHOU","GANESH HOUSING LIMITED","EQ","Dividend-Rs.2.20 Per Share","10","14-Sep-2011","-","16-Sep-2011","30-Sep-2011"
"BIRLAMONEY","Aditya Birla Money Limited","EQ","Annual General Meeting","1","14-Sep-2011","-","16-Sep-2011","23-Sep-2011"
"TCPLTD","TCP Limited","EQ","Annual General Meeting And Dividend Re.1/- Per Share","10","14-Sep-2011","-","16-Sep-2011","23-Sep-2011"
"ACE","Action Construction Equipment Limited","EQ","Annual General Meeting And Dividend Re.1/- Per Share","2","14-Sep-2011","-","16-Sep-2011","20-Sep-2011"
"MOIL","MOIL Limited","EQ","Dividend-Rs.4.50 Per Share","10","14-Sep-2011","-","16-Sep-2011","23-Sep-2011"
"KHAITANLTD","Khaitan (India) Limited","EQ","Annual General Meeting","10","14-Sep-2011","-","16-Sep-2011","22-Sep-2011"
"KOTHARIPRO","Kothari Products Limited","EQ","Annual General Meeting And Dividend Rs.22/- Per Share","10","14-Sep-2011","-","16-Sep-2011","23-Sep-2011"
"HITECHGEAR","The Hi-Tech Gears Limited","EQ","Dividend-Rs.2.50 Per Share","10","14-Sep-2011","-","16-Sep-2011","27-Sep-2011"
"JENSONICOL","Jenson & Nicholson (India) Limited","EQ","Annual General Meeting","2","14-Sep-2011","-","16-Sep-2011","23-Sep-2011"
"NANDAN","Nandan Exim Limited","EQ","Annual Book Closure","1","14-Sep-2011","-","16-Sep-2011","19-Sep-2011"
"LTFOODS","LT Foods Limited","EQ","Annual General Meeting And Dividend Re.1/- Per Share","1","14-Sep-2011","-","16-Sep-2011","21-Sep-2011"
"PARSVNATH","Parsvnath Developers Limited","EQ","Annual General Meeting","5","14-Sep-2011","-","16-Sep-2011","24-Sep-2011"
"ASSAMCO","Assam Company India Limited","EQ","Dividend-Re.0.20 Per Share","1","14-Sep-2011","-","16-Sep-2011","29-Sep-2011"
"ZANDUREALT","Zandu Realty Limited","EQ","Annual General Meeting","100","14-Sep-2011","-","16-Sep-2011","22-Sep-2011"
"MUNJALAU","Munjal Auto Industries Limited","EQ","Annual General Meeting And Dividend Rs.7.50 Per Share","2","14-Sep-2011","-","16-Sep-2011","24-Sep-2011"
"SUPERFORGE","Super Forgings & Steels Limited","EQ","Annual General Meeting","10","14-Sep-2011","-","16-Sep-2011","29-Sep-2011"
"DHARSUGAR","Dharani Sugars & Chemicals Limited","EQ","Annual General Meeting","10","14-Sep-2011","-","16-Sep-2011","23-Sep-2011"
"DQE","DQ Entertainment (International) Limited","EQ","Annual General Meeting","10","14-Sep-2011","-","16-Sep-2011","23-Sep-2011"
"FIRSTLEASE","First Leasing Company of India Limited","EQ","Dividend-Rs.2/- Per Share","10","14-Sep-2011","-","16-Sep-2011","23-Sep-2011"
"CYBERMEDIA","Cyber Media (India) Limited","EQ","Annual General Meeting","10","14-Sep-2011","-","16-Sep-2011","23-Sep-2011"
"MMTC","MMTC Limited","EQ","Annual General Meeting And Dividend Re.0.25 Per Share","1","14-Sep-2011","-","16-Sep-2011","30-Sep-2011"
"PEARLPOLY","Pearl Polymers Limited","EQ","Annual General Meeting","10","14-Sep-2011","-","16-Sep-2011","22-Sep-2011"
"HARITASEAT","Harita Seating Systems Limited","EQ","Annual General Meeting","10","14-Sep-2011","-","16-Sep-2011","19-Sep-2011"
"BANARBEADS","Banaras Beads Limited","EQ","Interim Dividend Rs.2.50 Per Share (Purpose Revised)","10","14-Sep-2011","15-Sep-2011","-","-"
"SURANAT&P","Surana Telecom and Power Limited","EQ","Annual General Meeting / Dividend Re 0.50 Per Share","1","14-Sep-2011","-","16-Sep-2011","21-Sep-2011"
"SURANASOL","Surana Solar Limited","EQ","Annual General Meeting / Dividend - Re.1 Per Share","5","14-Sep-2011","-","16-Sep-2011","21-Sep-2011"
"PRASGLOFIN","Silicon Valley Infotech Limited","EQ","Annual General Meeting","1","14-Sep-2011","-","16-Sep-2011","23-Sep-2011"
"RUSHIL","Rushil Decor Limited","EQ","Annual General Meeting And Dividend Re.0.50 Per Share","1","14-Sep-2011","-","16-Sep-2011","21-Sep-2011"
"SCI","Shipping Corporation Of India Limited","EQ","Annual General Meeting And Dividend Rs.2.50 Per Share","10","14-Sep-2011","-","16-Sep-2011","23-Sep-2011"
"MARALOVER","Maral Overseas Limited","EQ","Annual General Meeting","10","14-Sep-2011","-","16-Sep-2011","22-Sep-2011"
"BIRLACOT","Birla Cotsyn (India) Limited","EQ","Annual General Meeting","1","14-Sep-2011","-","16-Sep-2011","21-Sep-2011"
"DBREALTY","Valor Estate Limited","EQ","Annual General Meeting","10","14-Sep-2011","-","16-Sep-2011","21-Sep-2011"
"BHAGYNAGAR","Bhagyanagar India Limited","EQ","Annual General Meeting / Divided - Re. 0.40 Per Share","2","14-Sep-2011","-","16-Sep-2011","21-Sep-2011"
"ECEIND","ECE Industries Limited","EQ","Dividend-Re.0.25 Per Share","10","14-Sep-2011","-","16-Sep-2011","22-Sep-2011"
"DONEAR","Donear Industries Limited","EQ","Annual General Meeting And Dividend Re.0.50 Per Share","2","14-Sep-2011","-","16-Sep-2011","24-Sep-2011"
"GANGOTRI","Gangotri Textiles Limited","EQ","Annual General Meeting","5","14-Sep-2011","-","16-Sep-2011","23-Sep-2011"
"COX&KINGS","Cox & Kings Limited","EQ","Dividend-Re.0.50 Per Share","5","14-Sep-2011","-","16-Sep-2011","24-Sep-2011"
"ARL","Arvind Remedies Limited","EQ","Dividend-Re.0.07 Per Share","1","14-Sep-2011","-","16-Sep-2011","19-Sep-2011"
"CONSOFINVT","Consolidated Finvest & Holdings Limited","EQ","Dividend-Re.0.50 Per Share","10","15-Sep-2011","-","19-Sep-2011","23-Sep-2011"
"ASTEC","Astec LifeSciences Limited","EQ","Annual General Meeting And Dividend Re.0.50 Per Share","10","15-Sep-2011","-","19-Sep-2011","23-Sep-2011"
"BEARDSELL","Beardsell Limited","EQ","Annual General Meeting","2","15-Sep-2011","-","19-Sep-2011","28-Sep-2011"
"EDUCOMP","Educomp Solutions Limited","EQ","Annual General Meeting And Dividend Re.0.60 Per Share","2","15-Sep-2011","-","17-Sep-2011","24-Sep-2011"
"ELDERPHARM","Elder Pharmaceuticals Limited","EQ","Dividend-Rs.3/- Per Share","10","15-Sep-2011","-","17-Sep-2011","26-Sep-2011"
"RPOWER","Reliance Power Limited","EQ","Annual General Meeting","10","15-Sep-2011","-","19-Sep-2011","27-Sep-2011"
"AMDIND","AMD Industries Limited","EQ","Annual General Meeting And Dividend Re.1/- Per Share","10","15-Sep-2011","-","19-Sep-2011","23-Sep-2011"
"GULFOILCOR","Gulf Oil Corporation Limited","EQ","Annual General Meeting / Dividend - Rs. 2 Per Share","2","15-Sep-2011","-","19-Sep-2011","23-Sep-2011"
"NMDC","NMDC Limited","EQ","Dividend-Rs.2.15 Per Share","1","15-Sep-2011","-","17-Sep-2011","20-Sep-2011"
"OMKARCHEM","Omkar Speciality Chemicals Limited","EQ","Dividend-Re.1/- Per Share","10","15-Sep-2011","-","17-Sep-2011","24-Sep-2011"
"TIMETECHNO","Time Technoplast Limited","EQ","Annual General Meeting And Dividend Re.0.45 Per Share","1","15-Sep-2011","-","19-Sep-2011","24-Sep-2011"
"TNTELE","Tamilnadu Telecommunication Limited","EQ","Annual General Meeting","10","15-Sep-2011","-","17-Sep-2011","21-Sep-2011"
"IVRCLINFRA","IVRCL Limited","EQ","Annual General Meeting And Dividend Re.0.60 Per Share","2","15-Sep-2011","-","19-Sep-2011","26-Sep-2011"
"ABGSHIP","ABG Shipyard Limited","EQ","Annual General Meeting/Dividend Rs 4 Per Share","10","15-Sep-2011","-","17-Sep-2011","27-Sep-2011"
"ALPHAGEO","Alphageo (India) Limited","EQ","Annual General Meeting/Dividend Re 1 Per Share","10","15-Sep-2011","-","18-Sep-2011","23-Sep-2011"
"ARSSINFRA","ARSS Infrastructure Projects Limited","EQ","Annual General Meeting/Dividend Re 1 Per Share","10","15-Sep-2011","-","19-Sep-2011","24-Sep-2011"
"SANGAMIND","Sangam (India) Limited","EQ","Annual General Meeting And Dividend Rs.1.50 Per Share","10","15-Sep-2011","-","19-Sep-2011","30-Sep-2011"
"ORIENTCER","ORIENT CERATECH LIMITED","EQ","Annual General Meeting","1","15-Sep-2011","-","17-Sep-2011","24-Sep-2011"
"CREATIVEYE","Creative Eye Limited","EQ","Annual General Meeting","5","15-Sep-2011","-","19-Sep-2011","26-Sep-2011"
"PVP","PVP Ventures Limited","EQ","Annual General Meeting","10","15-Sep-2011","-","19-Sep-2011","28-Sep-2011"
"HFCL","HFCL Limited","EQ","Annual General Meeting","1","15-Sep-2011","-","19-Sep-2011","24-Sep-2011"
"JAYNECOIND","Jayaswal Neco Industries Limited","EQ","Annual General Meeting","10","15-Sep-2011","-","19-Sep-2011","24-Sep-2011"
"RAMANEWS","Shree Rama Newsprint Limited","EQ","Annual General Meeting","10","15-Sep-2011","-","18-Sep-2011","29-Sep-2011"
"VIMTALABS","Vimta Labs Limited","EQ","Annual General Meeting And Dividend Re.0.40 Per Share","2","15-Sep-2011","-","19-Sep-2011","24-Sep-2011"
"PFS","PTC India Financial Services Limited","EQ","Annual General Meeting","10","15-Sep-2011","-","17-Sep-2011","28-Sep-2011"
"MBECL","Mcnally Bharat Engineering Company Limited","EQ","Dividend-Rs.2/- Per Share","10","15-Sep-2011","-","17-Sep-2011","23-Sep-2011"
"GSPL","Gujarat State Petronet Limited","EQ","Dividend-Re.1/- Per Share","10","15-Sep-2011","-","17-Sep-2011","23-Sep-2011"
"SHAHALLOYS","Shah Alloys Limited","EQ","Annual General Meeting","10","15-Sep-2011","-","17-Sep-2011","24-Sep-2011"
"CPCAP","CP Capital Limited","EQ","Annual General Meeting","10","15-Sep-2011","-","17-Sep-2011","24-Sep-2011"
"JAIBALAJI","Jai Balaji Industries Limited","EQ","Annual General Meeting And Dividend Re.0.40 Per Share","2","15-Sep-2011","-","17-Sep-2011","21-Sep-2011"
"SHILPAMED","Shilpa Medicare Limited","EQ","Annual General Meeting And Dividend - Rs.0.80 Per Share","1","15-Sep-2011","-","19-Sep-2011","22-Sep-2011"
"PURVA","Puravankara Limited","EQ","Annual General Meeting And Dividend Re.1/- Per Share","5","15-Sep-2011","-","17-Sep-2011","24-Sep-2011"
"ANDHRSUGAR","The Andhra Sugars Limited","EQ","Annual General Meeting And Dividend Rs.5.50 Per Share","2","15-Sep-2011","-","17-Sep-2011","24-Sep-2011"
"SHREERAMA","Shree Rama Multi-Tech Limited","EQ","Annual General Meeting","5","15-Sep-2011","-","19-Sep-2011","24-Sep-2011"
"ZODJRDMKJ","Zodiac JRD- MKJ Limited","EQ","Annual General Meeting And Dividend Re.0.50 Per Share","10","15-Sep-2011","-","19-Sep-2011","28-Sep-2011"
"ANSALAPI","Ansal Properties & Infrastructure Limited","EQ","Dividend-Re.0.50 Per Share","5","15-Sep-2011","-","19-Sep-2011","24-Sep-2011"
"KNRCON","KNR Constructions Limited","EQ","Annual General Meeting/Dividend Rs 2 Per Share","2","15-Sep-2011","-","19-Sep-2011","22-Sep-2011"
"RELCAPITAL","Reliance Capital Limited","EQ","Annual General Meeting And Dividend Rs.6.50 Per Share","10","15-Sep-2011","-","19-Sep-2011","27-Sep-2011"
"RELINFRA","Reliance Infrastructure Limited","EQ","Annual General Meeting And Dividend Rs.7.20 Per Share","10","15-Sep-2011","-","19-Sep-2011","27-Sep-2011"
"RSWM","RSWM Limited","EQ","Annual General Meeting And Dividend Rs.5/- Per Share","10","15-Sep-2011","-","17-Sep-2011","23-Sep-2011"
"SRICHAMUND","Sri Chamundeswari Sugars Limited","EQ","Annual General Meeting","10","15-Sep-2011","-","19-Sep-2011","26-Sep-2011"
"JINDALPOLY","Jindal Poly Films Limited","EQ","Annual General Meeting/Dividend Rs 2.50 Per Share","10","15-Sep-2011","-","19-Sep-2011","24-Sep-2011"
"JISLJALEQS","Jain Irrigation Systems Limited","EQ","Annual General Meeting / Dividend - Re.1 Per Share","2","15-Sep-2011","-","19-Sep-2011","30-Sep-2011"
"AHLUCONT","Ahluwalia Contracts (India) Limited","EQ","Annual General Meeting And Dividend Re.0.40 Per Share","2","15-Sep-2011","-","19-Sep-2011","30-Sep-2011"
"VIJSHAN","Vijay Shanthi Builders Limited","EQ","Dividend Re 0.80 Per Share","10","15-Sep-2011","-","17-Sep-2011","28-Sep-2011"
"ALMONDZ","Almondz Global Securities Limited","EQ","Annual General Meeting And Dividend Re.0.42 Per Share","1","15-Sep-2011","-","17-Sep-2011","29-Sep-2011"
"IOC","Indian Oil Corporation Limited","EQ","Dividend-Rs.9.50 Per Share","10","15-Sep-2011","-","19-Sep-2011","27-Sep-2011"
"JKIL","J.Kumar Infraprojects Limited","EQ","Annual General Meeting And Dividend Rs.2.25 Per Share","5","15-Sep-2011","-","17-Sep-2011","27-Sep-2011"
"RCOM","Reliance Communications Limited","EQ","Annual General Meeting And Dividend Re.0.50 Per Share","5","15-Sep-2011","-","19-Sep-2011","27-Sep-2011"
"MALUPAPER","Malu Paper Mills Limited","EQ","Annual General Meeting","10","15-Sep-2011","-","19-Sep-2011","29-Sep-2011"
"IDEA","Vodafone Idea Limited","EQ","Annual General Meeting","10","15-Sep-2011","-","19-Sep-2011","28-Sep-2011"
"NIRMA","Nirma Limited","EQ","Annual General Meeting","5","15-Sep-2011","-","17-Sep-2011","26-Sep-2011"
"PTC","PTC India Limited","EQ","Annual General Meeting And Dividend Rs.1.50 Per Share","10","15-Sep-2011","-","17-Sep-2011","28-Sep-2011"
"TRIGYN","Trigyn Technologies Limited","EQ","Annual General Meeting","10","15-Sep-2011","-","19-Sep-2011","28-Sep-2011"
"KLGSYSTEL","KLG Systel Limited","EQ","Annual General Meeting","10","15-Sep-2011","-","19-Sep-2011","24-Sep-2011"
"PSL","PSL Limited","EQ","Dividend-Rs.2/- Per Share","10","15-Sep-2011","-","17-Sep-2011","22-Sep-2011"
"KAVDEFENCE","Kavveri Defence & Wireless Technologies Limited","EQ","Annual General Meeting And Dividend Rs.1.50 Per Share","10","15-Sep-2011","-","19-Sep-2011","30-Sep-2011"
"MANJUSHREE","Manjushree Technopack Limited","EQ","Dividend-Re.1/- Per Share","10","15-Sep-2011","-","19-Sep-2011","26-Sep-2011"
"POLARIND","Polar Industries Limited","EQ","Annual General Meeting","10","15-Sep-2011","-","19-Sep-2011","28-Sep-2011"
"MUTHOOTFIN","Muthoot Finance Limited","EQ","Annual General Meeting","10","15-Sep-2011","-","19-Sep-2011","28-Sep-2011"
"SUZLON","Suzlon Energy Limited","EQ","Annual General Meeting","2","15-Sep-2011","-","19-Sep-2011","27-Sep-2011"
"NEPCAGRO","NEPC  Agro Foods Limited","EQ","Annual General Meeting","10","15-Sep-2011","-","19-Sep-2011","23-Sep-2011"
"ASIANHOTNR","Asian Hotels (North) Limited","EQ","Dividend-Rs.2.50 Per Share","10","15-Sep-2011","-","17-Sep-2011","22-Sep-2011"
"BIL","Bhartiya International Limited","EQ","Dividend-Re.1/- Per Share","10","15-Sep-2011","-","19-Sep-2011","26-Sep-2011"
"GARFIBRES","Garware Technical Fibres Limited","EQ","Dividend-Rs.2.50 Per Share","10","15-Sep-2011","-","17-Sep-2011","24-Sep-2011"
"SALSTEEL","S.A.L. Steel Limited","EQ","Annual General Meeting","10","15-Sep-2011","-","17-Sep-2011","24-Sep-2011"
"ANTELOPUS","Antelopus Selan Energy Limited","EQ","Annual General Meeting","10","15-Sep-2011","-","19-Sep-2011","23-Sep-2011"
"ABIRLANUVO","Aditya Birla Nuvo Limited","EQ","Annual General Meeting And Dividend Rs.5.50 Per Share","10","15-Sep-2011","-","17-Sep-2011","28-Sep-2011"
"ASHIMASYN","Ashima Limited","EQ","Annual General Meeting (Bc End Date Revised)","10","15-Sep-2011","-","19-Sep-2011","23-Sep-2011"
"CORALFINAC","Coral India Finance & Housing Limited","EQ","Annual General Meeting","2","15-Sep-2011","-","19-Sep-2011","27-Sep-2011"
"AMBIKCO","Ambika Cotton Mills Limited","EQ","Annual General Meeting And Dividend Rs.3/- Per Share","10","15-Sep-2011","-","19-Sep-2011","27-Sep-2011"
"OIL","Oil India Limited","EQ","Annual General Meeting And Dividend Rs.19.50 Per Share","10","15-Sep-2011","-","17-Sep-2011","24-Sep-2011"
"BGRENERGY","BGR Energy Systems Limited","EQ","Annual General Meeting And Dividend Rs.10/- Per Share","10","15-Sep-2011","-","19-Sep-2011","22-Sep-2011"
"BLUECHIP","Blue Chip India Limited","EQ","Annual General Meeting","2","15-Sep-2011","-","19-Sep-2011","26-Sep-2011"
"21STCENMGM","21st Century Management Services Limited","EQ","Annual General Meeting","10","16-Sep-2011","-","20-Sep-2011","23-Sep-2011"
"VICEROY","Viceroy Hotels Limited","EQ","Annual General Meeting","10","16-Sep-2011","-","20-Sep-2011","27-Sep-2011"
"HANUNG","Hanung Toys and Textiles Limited","EQ","Annual General Meeting And Dividend Rs.2/- Per Share","10","16-Sep-2011","-","20-Sep-2011","24-Sep-2011"
"NATIONALUM","National Aluminium Company Limited","EQ","Dividend-Re.0.50 Per Share","5","16-Sep-2011","-","20-Sep-2011","22-Sep-2011"
"IGPL","IG Petrochemicals Limited","EQ","Annual General Meeting","10","16-Sep-2011","-","20-Sep-2011","24-Sep-2011"
"ASHAPURMIN","Ashapura Minechem Limited","EQ","Annual General Meeting","2","16-Sep-2011","-","20-Sep-2011","28-Sep-2011"
"ZENITHCOMP","Zenith Computers Limited","EQ","Annual General Meeting And Dividend Re.0.90 Per Share","10","16-Sep-2011","-","20-Sep-2011","30-Sep-2011"
"MOHOTAIND","Mohota Industries Limited","EQ","Annual General Meeting","10","16-Sep-2011","-","20-Sep-2011","27-Sep-2011"
"KRBL","KRBL Limited","EQ","Annual General Meeting And Dividend Re.0.30 Per Share","1","16-Sep-2011","-","20-Sep-2011","27-Sep-2011"
"SHEKHAWATI","Shekhawati Industries Limited","EQ","Annual General Meeting","10","16-Sep-2011","-","20-Sep-2011","30-Sep-2011"
"AARTIIND","Aarti Industries Limited","EQ","Annual General Meeting And Dividend Rs.1.25 Per Share","5","16-Sep-2011","-","20-Sep-2011","27-Sep-2011"
"CINEVISTA","Cinevista Limited","EQ","Annual General Meeting","2","16-Sep-2011","-","20-Sep-2011","26-Sep-2011"
"SPLIL","SPL Industries Limited","EQ","Annual General Meeting","10","16-Sep-2011","-","20-Sep-2011","30-Sep-2011"
"GUFICBIO","Gufic Biosciences Limited","EQ","Annual General Meeting And Dividend Re.0.05 Per Share","1","16-Sep-2011","-","20-Sep-2011","26-Sep-2011"
"SUMEETINDS","Sumeet Industries Limited","EQ","Dividend-Re.1/- Per Share","2","16-Sep-2011","-","20-Sep-2011","26-Sep-2011"
"JCTEL","JCT Electronics Limited","EQ","Annual General Meeting","1","16-Sep-2011","-","20-Sep-2011","27-Sep-2011"
"OCL","OCL India Limited","EQ","Annual General Meeting And Dividend Rs.4/- Per Share","2","16-Sep-2011","-","20-Sep-2011","27-Sep-2011"
"IOLCP","IOL Chemicals and Pharmaceuticals Limited","EQ","Annual General Meeting","2","16-Sep-2011","-","20-Sep-2011","24-Sep-2011"
"CINEMAX","Cinemax India Limited","EQ","Annual General Meeting","10","16-Sep-2011","-","20-Sep-2011","27-Sep-2011"
"DEN","Den Networks Limited","EQ","Annual General Meeting","10","16-Sep-2011","-","20-Sep-2011","27-Sep-2011"
"MUKTAARTS","Mukta Arts Limited","EQ","Annual General Meeting","5","16-Sep-2011","-","20-Sep-2011","24-Sep-2011"
"VIPIND","VIP Industries Limited","EQ","Annual General Meeting And Dividend Rs.7/- Per Share","2","16-Sep-2011","-","20-Sep-2011","29-Sep-2011"
"KGL","Karuturi Global Limited","EQ","Annual General Meeting And Dividend Re.0.10 Per Share","1","16-Sep-2011","-","20-Sep-2011","23-Sep-2011"
"MFSL","Max Financial Services Limited","EQ","Annual General Meeting","2","16-Sep-2011","-","20-Sep-2011","27-Sep-2011"
"CALSOFT","California Software Company Limited","EQ","Annual General Meeting","10","16-Sep-2011","-","20-Sep-2011","23-Sep-2011"
"GLOBOFFS","Global Offshore Services Limited","EQ","Annual General Meeting And Dividend Re.0.50 Per Share","10","16-Sep-2011","-","20-Sep-2011","27-Sep-2011"
"GOKUL","Gokul Refoils and Solvent Limited","EQ","Annual General Meeting/Dividend Re 0.22 Per Share","2","16-Sep-2011","-","20-Sep-2011","24-Sep-2011"
"FCSSOFT","FCS Software Solutions Limited","EQ","Annual General Meeting","1","16-Sep-2011","-","20-Sep-2011","26-Sep-2011"
"FUTUREVENT","Future Ventures India Limited","EQ","Annual General Meeting","10","16-Sep-2011","-","20-Sep-2011","23-Sep-2011"
"LUMAXAUTO","Lumax Automotive Systems Limited","EQ","Annual General Meeting","10","16-Sep-2011","-","20-Sep-2011","28-Sep-2011"
"IMPAL","India Motor Parts and Accessories Limited","EQ","Annual General Meeting","10","16-Sep-2011","-","20-Sep-2011","29-Sep-2011"
"KOPRAN","Kopran Limited","EQ","Annual General Meeting","10","19-Sep-2011","-","21-Sep-2011","24-Sep-2011"
"LCCINFOTEC","LCC Infotech Limited","EQ","Annual General Meeting","2","19-Sep-2011","-","21-Sep-2011","28-Sep-2011"
"PARAL","Parekh Aluminex Limited","EQ","Dividend-Rs.3.50 Per Share","10","19-Sep-2011","-","21-Sep-2011","28-Sep-2011"
"GMDCLTD","Gujarat Mineral Development Corporation Limited","EQ","Dividend-Rs.3/- Per Share","2","19-Sep-2011","-","21-Sep-2011","30-Sep-2011"
"HSCL","Himadri Speciality Chemical Limited","EQ","Annual General Meeting/Dividend Re 0.10 Per Share","1","19-Sep-2011","-","21-Sep-2011","28-Sep-2011"
"BLUEBIRD","Blue Bird (India) Limited","EQ","Annual General Meeting","10","19-Sep-2011","-","21-Sep-2011","30-Sep-2011"
"WINSOMEDJ","Winsome Diamonds and Jewellery Limited","EQ","Dividend Rs 1.25 Per Share","10","19-Sep-2011","-","21-Sep-2011","30-Sep-2011"
"WILLAMAGOR","Williamson Magor & Company Limited","EQ","Annual General Meeting","10","19-Sep-2011","-","21-Sep-2011","29-Sep-2011"
"PATINTLOG","Patel Integrated Logistics Limited","EQ","Annual General Meeting/Dividend Re 1 Per Share","10","19-Sep-2011","-","21-Sep-2011","28-Sep-2011"
"FMNL","Future Market Networks Limited","EQ","Annual General Meeting","10","19-Sep-2011","-","21-Sep-2011","23-Sep-2011"
"PRAENG","Prajay Engineers Syndicate Limited","EQ","Annual General Meeting","10","19-Sep-2011","-","21-Sep-2011","30-Sep-2011"
"WANBURY","Wanbury Limited","EQ","Annual General Meeting","10","19-Sep-2011","-","21-Sep-2011","27-Sep-2011"
"MAANALU","Maan Aluminium Limited","EQ","Annual General Meeting And Dividend Re.1/- Per Share","5","19-Sep-2011","-","21-Sep-2011","29-Sep-2011"
"SANGHVIMOV","Sanghvi Movers Limited","EQ","Annual General Meeting And Dividend Rs.3/- Per Share","1","19-Sep-2011","-","21-Sep-2011","30-Sep-2011"
"CORDSCABLE","Cords Cable Industries Limited","EQ","Annual General Meeting","10","19-Sep-2011","-","21-Sep-2011","26-Sep-2011"
"TAINWALCHM","Tainwala Chemical and Plastic (I) Limited","EQ","Annual General Meeting","10","19-Sep-2011","-","21-Sep-2011","27-Sep-2011"
"SAKTHIFIN","Sakthi Finance Limited","EQ","Annual General Meeting And Dividend Re.1/- Per Share","10","19-Sep-2011","-","21-Sep-2011","28-Sep-2011"
"RBN","Reliance Broadcast Network Limited","EQ","Annual General Meeting","5","19-Sep-2011","-","21-Sep-2011","29-Sep-2011"
"RELMEDIA","Reliance MediaWorks Limited","EQ","Annual General Meeting","5","19-Sep-2011","-","21-Sep-2011","29-Sep-2011"
"GRANDFONRY","Grand Foundry Limited","EQ","Annual General Meeting","10","19-Sep-2011","-","21-Sep-2011","29-Sep-2011"
"PARRYSUGAR","Parrys Sugar Industries Limited","EQ","Annual General Meeting","10","19-Sep-2011","-","21-Sep-2011","28-Sep-2011"
"PIONEEREMB","Pioneer Embroideries Limited","EQ","Annual General Meeting","10","19-Sep-2011","-","21-Sep-2011","28-Sep-2011"
"DELTACORP","Delta Corp Limited","EQ","Annual General Meeting And Dividend Re.0.30 Per Share","1","19-Sep-2011","-","21-Sep-2011","26-Sep-2011"
"ACROPETAL","Acropetal Technologies Limited","EQ","Annual General Meeting And Dividend Rs.1.20 Per Share","10","19-Sep-2011","-","21-Sep-2011","28-Sep-2011"
"KNDENGTECH","KND Engineering Technologies Limited","EQ","Annual General Meeting","10","19-Sep-2011","-","21-Sep-2011","26-Sep-2011"
"NKIND","NK Industries Limited","EQ","Annual General Meeting","10","19-Sep-2011","-","21-Sep-2011","30-Sep-2011"
"JPASSOCIAT","Jaiprakash Associates Limited","EQ","Annual General Meeting And Dividend Re.0.40 Per Share","2","19-Sep-2011","-","21-Sep-2011","27-Sep-2011"
"PANACEABIO","Panacea Biotec Limited","EQ","Annual General Meeting And Dividend Re.0.75 Per Share","1","19-Sep-2011","-","21-Sep-2011","24-Sep-2011"
"JWL","Jupiter Wagons Limited","EQ","Annual General Meeting","10","19-Sep-2011","-","21-Sep-2011","24-Sep-2011"
"ISFT","Intrasoft Technologies Limited","EQ","Annual General Meeting And Dividend - Re.0.50 Per Share","10","19-Sep-2011","-","21-Sep-2011","29-Sep-2011"
"ITI","ITI Limited","EQ","Annual General Meeting","10","19-Sep-2011","-","21-Sep-2011","28-Sep-2011"
"JSL","Jindal Stainless Limited","EQ","Annual General Meeting","2","19-Sep-2011","-","21-Sep-2011","23-Sep-2011"
"KERNEX","Kernex Microsystems (India) Limited","EQ","Annual General Meeting And Dividend Re.1/- Per Share","10","19-Sep-2011","-","21-Sep-2011","26-Sep-2011"
"GAMMONIND","Gammon India Limited","EQ","Dividend-Re.0.40 Per Share","2","19-Sep-2011","-","21-Sep-2011","26-Sep-2011"
"KAMDHENU","Kamdhenu Limited","EQ","Annual General Meeting","1","19-Sep-2011","-","21-Sep-2011","29-Sep-2011"
"NSIL","Nalwa Sons Investments Limited","EQ","Annual General Meeting","10","19-Sep-2011","-","21-Sep-2011","23-Sep-2011"
"PARABDRUGS","Parabolic Drugs Limited","EQ","Dividend-Re.0.50 Per Share","10","19-Sep-2011","-","21-Sep-2011","29-Sep-2011"
"RAINBOWPAP","Rainbow Papers Limited","EQ","Dividend-Re.0.40 Per Share","2","19-Sep-2011","-","21-Sep-2011","27-Sep-2011"
"SSWL","Steel Strips Wheels Limited","EQ","Annual General Meeting And Dividend Rs.1.50 Per Share","1","19-Sep-2011","-","21-Sep-2011","30-Sep-2011"
"CILNOVA","CIL Nova Petrochemicals Limited","EQ","Annual General Meeting","5","19-Sep-2011","-","21-Sep-2011","28-Sep-2011"
"NAGREEKCAP","Nagreeka Capital & Infrastructure Limited","EQ","Annual General Meeting","5","19-Sep-2011","-","21-Sep-2011","28-Sep-2011"
"NAGREEKEXP","Nagreeka Exports Limited","EQ","Annual General Meeting And Dividend Re.0.50 Per Share","5","19-Sep-2011","-","21-Sep-2011","28-Sep-2011"
"ASIANELEC","Asian Electronics Limited","EQ","Annual General Meeting","5","19-Sep-2011","-","21-Sep-2011","22-Sep-2011"
"VGL","VARVEE GLOBAL LIMITED","EQ","Annual General Meeting","5","19-Sep-2011","-","21-Sep-2011","30-Sep-2011"
"BALPHARMA","Bal Pharma Limited","EQ","Annual General Meeting","10","19-Sep-2011","-","21-Sep-2011","21-Sep-2011"
"JPINFRATEC","Jaypee Infratech Limited","EQ","Annual General Meeting And Dividend Re.0.50 Per Share","10","19-Sep-2011","-","21-Sep-2011","28-Sep-2011"
"GUJNRECOKE","Gujarat NRE Coke Limited","EQ","Dividend-Re.1/- Per Share","10","19-Sep-2011","-","21-Sep-2011","30-Sep-2011"
"GUJNREDVR","Gujarat NRE Coke Limited","EQ","Dividend-Re.1/- Per Share","10","19-Sep-2011","-","21-Sep-2011","30-Sep-2011"
"ABAN","Aban Offshore Limited","EQ","Annual General Meeting / Dividend - Rs.3.60 Per Share","2","19-Sep-2011","-","21-Sep-2011","28-Sep-2011"
"ALOKTEXT","Alok Industries Limited","EQ","Annual General Meeting And Dividend Re.0.25 Per Share","10","20-Sep-2011","-","22-Sep-2011","29-Sep-2011"
"LPDC","Landmark Property Development Company Limited","EQ","Annual General Meeting","1","20-Sep-2011","-","22-Sep-2011","30-Sep-2011"
"MANGALAM","Mangalam Drugs And Organics Limited","EQ","Annual General Meeting","10","20-Sep-2011","-","22-Sep-2011","29-Sep-2011"
"WELGLOB","Welspun Global Brands Limited","EQ","Annual General Meeting","10","20-Sep-2011","-","22-Sep-2011","29-Sep-2011"
"WELINV","Welspun Investments and Commercials Limited","EQ","Annual General Meeting","10","20-Sep-2011","-","22-Sep-2011","29-Sep-2011"
"OISL","OCL Iron and Steel Limited","EQ","Annual General Meeting","1","20-Sep-2011","-","22-Sep-2011","30-Sep-2011"
"SABERORGAN","Sabero Organics Gujarat Limited","EQ","Annual General Meeting","10","20-Sep-2011","-","22-Sep-2011","29-Sep-2011"
"SRHHYPOLTD","Sree Rayalaseema Hi-Strength Hypo Limited","EQ","Annual General Meeting","10","20-Sep-2011","-","22-Sep-2011","26-Sep-2011"
"INDUSFILA","Indus Fila Limited","EQ","Annual General Meeting","10","20-Sep-2011","-","22-Sep-2011","23-Sep-2011"
"ATLANTAA","ATLANTAA LIMITED","EQ","Dividend-Re.0.20 Per Share","2","20-Sep-2011","-","22-Sep-2011","28-Sep-2011"
"MAHAPEXLTD","Maha Rashtra Apex Corporation Limited","EQ","Annual General Meeting","10","20-Sep-2011","-","22-Sep-2011","26-Sep-2011"
"CUMMINSIND","Cummins India Limited","EQ","Bonus 2:5","2","20-Sep-2011","21-Sep-2011","-","-"
"HATHWAY","Hathway Cable & Datacom Limited","EQ","Annual General Meeting","2","20-Sep-2011","-","22-Sep-2011","27-Sep-2011"
"NITCO","Nitco Limited","EQ","Dividend-Re.0.50 Per Share","10","20-Sep-2011","-","22-Sep-2011","28-Sep-2011"
"REGENCERAM","Regency Ceramics Limited","EQ","Annual General Meeting","10","20-Sep-2011","-","22-Sep-2011","29-Sep-2011"
"APLAB","Aplab Limited","EQ","Annual General Meeting","10","20-Sep-2011","-","22-Sep-2011","29-Sep-2011"
"BRANDHOUSE","Brandhouse Retails Limited","EQ","Annual General Meeting","10","20-Sep-2011","-","22-Sep-2011","28-Sep-2011"
"DIGISPICE","DiGiSPICE Technologies Limited","EQ","Annual General Meeting/Dividend Rs 1.50 Per Share","3","20-Sep-2011","-","22-Sep-2011","28-Sep-2011"
"STARPAPER","Star Paper Mills Limited","EQ","Annual General Meeting And Dividend Re.0.50 Per Share","10","20-Sep-2011","-","22-Sep-2011","29-Sep-2011"
"AUTORIDFIN","Autoriders Finance Limited","EQ","Annual General Meeting","10","20-Sep-2011","-","22-Sep-2011","29-Sep-2011"
"EUROCERA","Euro Ceramics Limited","EQ","Annual General Meeting","10","20-Sep-2011","-","22-Sep-2011","28-Sep-2011"
"SURYALAXMI","Suryalakshmi Cotton Mills Limited","EQ","Annual General Meeting And Dividend Rs.1.50 Per Share","10","20-Sep-2011","-","22-Sep-2011","29-Sep-2011"
"SUJANAUNI","Sujana Universal Industries Limited","EQ","Annual General Meeting","10","20-Sep-2011","-","22-Sep-2011","22-Sep-2011"
"MANDHANA","Mandhana Industries Limited","EQ","Annual General Meeting And Dividend Rs.2/- Per Share","10","20-Sep-2011","-","22-Sep-2011","29-Sep-2011"
"ADSL","Allied Digital Services Limited","EQ","Annual General Meeting And Dividend Re.0.50 Per Share","5","20-Sep-2011","-","22-Sep-2011","29-Sep-2011"
"LAKPRE","Lakshmi Precision Screws Limited","EQ","Dividend Rs 1.50 Per Share","10","20-Sep-2011","-","22-Sep-2011","29-Sep-2011"
"MADHAV","Madhav Marbles and Granites Limited","EQ","Annual General Meeting/Dividend Re 1 Per Share","10","20-Sep-2011","-","22-Sep-2011","28-Sep-2011"
"RUCHIRA","Ruchira Papers Limited","EQ","Annual General Meeting","10","20-Sep-2011","-","22-Sep-2011","28-Sep-2011"
"PPAP","PPAP Automotive Limited","EQ","Dividend Rs 2 Per Share","10","20-Sep-2011","-","22-Sep-2011","28-Sep-2011"
"KCPSUGIND","KCP Sugar and Industries Corporation Limited","EQ","Dividend-Re.0.45 Per Share","1","20-Sep-2011","-","22-Sep-2011","29-Sep-2011"
"KWALITY","kwality limited","EQ","Annual General Meeting And Dividend Re.0.10 Per Share","1","20-Sep-2011","-","22-Sep-2011","26-Sep-2011"
"LOTUSEYE","Lotus Eye Hospital and Institute Limited","EQ","Annual General Meeting","10","20-Sep-2011","-","22-Sep-2011","28-Sep-2011"
"SARLAPOLY","Sarla Performance Fibers Limited","EQ","Annual General Meeting And Dividend Rs.4.50 Per Share","1","20-Sep-2011","-","22-Sep-2011","29-Sep-2011"
"PEPL","Pearl Engineering Polymers Limited","EQ","Annual General Meeting","10","20-Sep-2011","-","22-Sep-2011","30-Sep-2011"
"SMPL","Splendid Metal Products Limited","EQ","Annual General Meeting","5","20-Sep-2011","-","22-Sep-2011","22-Sep-2011"
"EDL","Empee Distilleries Limited","EQ","Annual General Meeting And Dividend - Rs.5 Per Share","10","20-Sep-2011","-","22-Sep-2011","29-Sep-2011"
"PALRED","Palred Technologies Limited","EQ","Annual General Meeting","5","20-Sep-2011","-","22-Sep-2011","28-Sep-2011"
"VLSFINANCE","VLS Finance Limited","EQ","Annual General Meeting","10","20-Sep-2011","-","22-Sep-2011","29-Sep-2011"
"ZENITHEXPO","Zenith Exports Limited","EQ","Annual General Meeting","10","20-Sep-2011","-","22-Sep-2011","30-Sep-2011"
"INDSWFTLAB","Ind-Swift Laboratories Limited","EQ","Annual General Meeting And Dividend Re.1/- Per Share","10","20-Sep-2011","-","22-Sep-2011","26-Sep-2011"
"GALLISPAT","Gallantt Ispat Limited","EQ","Annual General Meeting And Dividend Re.0.50 Per Share","1","20-Sep-2011","-","22-Sep-2011","28-Sep-2011"
"HILTON","Hilton Metal Forging Limited","EQ","Dividend-Re.0.25 Per Share","10","20-Sep-2011","-","22-Sep-2011","28-Sep-2011"
"JINDALPHOT","Jindal Photo Limited","EQ","Dividend-Re.1/- Per Share","10","20-Sep-2011","-","22-Sep-2011","27-Sep-2011"
"INDOWIND","Indowind Energy Limited","EQ","Annual General Meeting","10","20-Sep-2011","-","22-Sep-2011","29-Sep-2011"
"CELESTIAL","Celestial Biolabs Limited","EQ","Annual General Meeting","10","20-Sep-2011","-","22-Sep-2011","26-Sep-2011"
"GALLANTT","Gallantt Ispat Limited","EQ","Annual General Meeting","10","20-Sep-2011","-","22-Sep-2011","28-Sep-2011"
"INDNIPPON","India Nippon Electricals Limited","EQ","Bonus 2:5","5","20-Sep-2011","21-Sep-2011","-","-"
"GLOBALVECT","Global Vectra Helicorp Limited","EQ","Annual General Meeting","10","20-Sep-2011","-","22-Sep-2011","23-Sep-2011"
"BAGFILMS","B.A.G Films and Media Limited","EQ","Annual General Meeting","2","20-Sep-2011","-","22-Sep-2011","28-Sep-2011"
"CYBERTECH","Cybertech Systems And Software Limited","EQ","Dividend-Re.1/- Per Share","10","20-Sep-2011","-","22-Sep-2011","30-Sep-2011"
"EUROMULTI","Euro Multivision Limited","EQ","Annual General Meeting","10","20-Sep-2011","-","22-Sep-2011","28-Sep-2011"
"DSKULKARNI","DS Kulkarni Developers Limited","EQ","Annual General Meeting And Dividend - Re. 1 Per Share","10","20-Sep-2011","-","22-Sep-2011","29-Sep-2011"
"EMAMIREAL","Emami Realty Limited","EQ","Annual General Meeting","2","20-Sep-2011","-","22-Sep-2011","24-Sep-2011"
"SKUMARSYNF","S. Kumars Nationwide Limited","EQ","Annual General Meeting And Dividend Re.1/- Per Share","10","20-Sep-2011","-","22-Sep-2011","28-Sep-2011"
"TECILCHEM","TECIL Chemicals and Hydro Power Limited","EQ","Annual General Meeting","10","20-Sep-2011","-","22-Sep-2011","29-Sep-2011"
"GRABALALK","Grabal Alok Impex Limited","EQ","Annual General Meeting And Dividend Re.0.50 Per Share","10","20-Sep-2011","-","22-Sep-2011","29-Sep-2011"
"ANSALHSG","Ansal Housing Limited","EQ","Dividend-Re.0.80 Per Share","10","20-Sep-2011","-","22-Sep-2011","28-Sep-2011"
"KOUTONS","Koutons Retail India Limited","EQ","Annual General Meeting","10","21-Sep-2011","-","23-Sep-2011","30-Sep-2011"
"NET4","Net 4 India Limited","EQ","Annual General Meeting","10","21-Sep-2011","-","23-Sep-2011","29-Sep-2011"
"BASML","Bannari Amman Spinning Mills Limited","EQ","Annual General Meeting And Dividend Rs.2/- Per Share","5","21-Sep-2011","-","23-Sep-2011","29-Sep-2011"
"RAJVIR","Rajvir Industries Limited","EQ","Annual General Meeting And Dividend Rs.4/- Per Share","10","21-Sep-2011","-","23-Sep-2011","30-Sep-2011"
"BLUECOAST","Blue Coast Hotels Limited","EQ","Annual General Meeting","10","21-Sep-2011","-","23-Sep-2011","30-Sep-2011"
"KARUNACAB","Karuna Cables Limited","EQ","Annual General Meeting","2","21-Sep-2011","-","23-Sep-2011","24-Sep-2011"
"BLBLIMITED","BLB Limited","EQ","Annual General Meeting And Dividend Re.0.10 Per Share","1","21-Sep-2011","-","23-Sep-2011","23-Sep-2011"
"PFOCUS","Prime Focus Limited","EQ","Annual General Meeting","1","21-Sep-2011","-","23-Sep-2011","30-Sep-2011"
"TARMAT","Tarmat Limited","EQ","Annual General Meeting","10","21-Sep-2011","-","23-Sep-2011","29-Sep-2011"
"LITL","Lanco Infratech Limited","EQ","Annual General Meeting","1","21-Sep-2011","-","23-Sep-2011","30-Sep-2011"
"MAGNUM","Magnum Ventures Limited","EQ","Annual General Meeting","10","21-Sep-2011","-","23-Sep-2011","27-Sep-2011"
"PARACABLES","Paramount Communications Limited","EQ","Annual General Meeting","2","21-Sep-2011","-","23-Sep-2011","28-Sep-2011"
"SUPREMEINF","Supreme Infrastructure India Limited","EQ","Dividend-Rs.1.25 Per Share","10","21-Sep-2011","-","23-Sep-2011","30-Sep-2011"
"QUINTEGRA","Quintegra Solutions Limited","EQ","Annual General Meeting","10","21-Sep-2011","-","23-Sep-2011","30-Sep-2011"
"HMT","HMT Limited","EQ","Annual General Meeting","10","21-Sep-2011","-","23-Sep-2011","30-Sep-2011"
"SGL","STL Global Limited","EQ","Annual General Meeting","10","21-Sep-2011","-","23-Sep-2011","29-Sep-2011"
"ANTGRAPHIC","Antarctica Limited","EQ","Annual General Meeting","1","21-Sep-2011","-","23-Sep-2011","29-Sep-2011"
"AQUA","Aqua Logistics Limited","EQ","Annual General Meeting","1","21-Sep-2011","-","23-Sep-2011","30-Sep-2011"
"KSERASERA","KSS Limited","EQ","Annual General Meeting","1","21-Sep-2011","-","23-Sep-2011","30-Sep-2011"
"ISMTLTD","ISMT Limited","EQ","Annual General Meeting And Dividend Rs.1.25 Per Share","5","21-Sep-2011","-","23-Sep-2011","30-Sep-2011"
"KRISHNAENG","Krishna Engineering Works Limited","EQ","Annual General Meeting","10","21-Sep-2011","-","23-Sep-2011","24-Sep-2011"
"RMCL","Radha Madhav Corporation Limited","EQ","Annual Book Closure","10","21-Sep-2011","-","23-Sep-2011","26-Sep-2011"
"AMAR","Amar Remedies Limited","EQ","Annual General Meeting And Dividend Re.1/- Per Share","10","21-Sep-2011","-","23-Sep-2011","30-Sep-2011"
"BARTRONICS","Bartronics India Limited","EQ","Annual General Meeting And Dividend Re.1/- Per Share","10","21-Sep-2011","-","23-Sep-2011","29-Sep-2011"
"CAROLINFO","Carol Info Services Limited","EQ","Annual General Meeting","10","21-Sep-2011","-","23-Sep-2011","30-Sep-2011"
"ELAND","E-Land Apparel Limited","EQ","Annual General Meeting","10","21-Sep-2011","-","23-Sep-2011","30-Sep-2011"
"SABTN","Sri Adhikari Brothers Television Network Limited","EQ","Annual General Meeting And Dividend Re.0.60 Per Share","10","21-Sep-2011","-","23-Sep-2011","28-Sep-2011"
"GOENKA","Goenka Diamond and Jewels Limited","EQ","Annual General Meeting And Dividend Re.1/- Per Share","1","21-Sep-2011","-","23-Sep-2011","30-Sep-2011"
"GKB","GKB Ophthalmics Limited","EQ","Annual General Meeting","10","21-Sep-2011","-","23-Sep-2011","30-Sep-2011"
"RAJOIL","Raj Oil Mills Limited","EQ","Annual General Meeting","10","21-Sep-2011","-","23-Sep-2011","27-Sep-2011"
"ESSDEE","Ess Dee Aluminium Limited","EQ","Annual General Meeting And Dividend Rs.2/- Per Share","10","21-Sep-2011","-","23-Sep-2011","28-Sep-2011"
"ANKURDRUGS","Ankur Drugs And Pharma Limited","EQ","Annual General Meeting","10","21-Sep-2011","-","23-Sep-2011","30-Sep-2011"
"VIKASHMET","Vikash Metal & Power Limited","EQ","Annual General Meeting And Dividend Re.0.25 Per Share","10","21-Sep-2011","-","23-Sep-2011","30-Sep-2011"
"RAJESHEXPO","Rajesh Exports Limited","EQ","Dividend-Re.0.60 Per Share","1","21-Sep-2011","-","23-Sep-2011","30-Sep-2011"
"63MOONS","63 moons technologies limited","EQ","Annual General Meeting And Dividend Rs.2/- Per Share","2","21-Sep-2011","-","23-Sep-2011","29-Sep-2011"
"EDSERV","Edserv Softsystems Limited","EQ","Annual General Meeting And Dividend Rs.3/- Per Share","10","21-Sep-2011","-","23-Sep-2011","29-Sep-2011"
"VIPUL","Vipul Limited","EQ","Annual General Meeting/Div.Re.0.15 Per Equity Share","1","21-Sep-2011","-","23-Sep-2011","27-Sep-2011"
"INSPIRISYS","Inspirisys Solutions Limited","EQ","Annual General Meeting And Dividend Rs.2/- Per Share","10","21-Sep-2011","-","23-Sep-2011","29-Sep-2011"
"UNITDSPR","United Spirits Limited","EQ","Annual General Meeting And Dividend Rs.2.50 Per Share","2","21-Sep-2011","-","23-Sep-2011","29-Sep-2011"
"OPTOCIRCUI","Opto Circuits (India) Limited","EQ","Dividend-Rs.4.50 Per Share","10","21-Sep-2011","-","23-Sep-2011","28-Sep-2011"
"POCHIRAJU","Pochiraju Industries Limited","EQ","Annual General Meeting","10","21-Sep-2011","-","23-Sep-2011","29-Sep-2011"
"LIBERTSHOE","Liberty Shoes Limited","EQ","Annual General Meeting","10","21-Sep-2011","-","23-Sep-2011","28-Sep-2011"
"TTL","T T Limited","EQ","Annual General Meeting And Dividend Re.1/- Per Share","1","21-Sep-2011","-","23-Sep-2011","28-Sep-2011"
"NECLIFE","Nectar Lifesciences Limited","EQ","Annual General Meeting And Dividend Re.0.10 Per Share","1","21-Sep-2011","-","23-Sep-2011","30-Sep-2011"
"ATLASCYCLE","Atlas Cycles (Haryana) Limited","EQ","Annual General Meeting And Dividend Rs.4.50 Per Share","5","21-Sep-2011","-","23-Sep-2011","30-Sep-2011"
"BAJAJHIND","Bajaj Hindusthan Sugar Limited","EQ","Rights 2:1 @ Premium Rs.35/- Per Share","1","21-Sep-2011","22-Sep-2011","-","-"
"KFA","Kingfisher Airlines Limited","EQ","Annual General Meeting","10","21-Sep-2011","-","23-Sep-2011","28-Sep-2011"
"CTE","Cambridge Technology Enterprises Limited","EQ","Annual General Meeting","10","21-Sep-2011","-","23-Sep-2011","30-Sep-2011"
"DYNASYS","Dynacons Systems & Solutions Limited","EQ","Annual General Meeting","1","21-Sep-2011","-","23-Sep-2011","29-Sep-2011"
"KAUSHALYA","Kaushalya Infrastructure Development Corporation Limited","EQ","Annual General Meeting","1000","21-Sep-2011","-","23-Sep-2011","30-Sep-2011"
"ARCHIDPLY","Archidply Industries Limited","EQ","Annual General Meeting","10","21-Sep-2011","-","23-Sep-2011","29-Sep-2011"
"MANGCHEFER","Mangalore Chemicals & Fertilizers Limited","EQ","Annual General Meeting And Dividend Rs.1.20 Per Share","10","21-Sep-2011","-","23-Sep-2011","28-Sep-2011"
"SHIVTEX","Shiva Texyarn Limited","EQ","Annual General Meeting And Dividend Rs.1.50 Per Share","10","21-Sep-2011","-","23-Sep-2011","29-Sep-2011"
"NARMADASUG","Girdharilal Sugar and Allied Industries Limited","EQ","Annual General Meeting","10","21-Sep-2011","-","23-Sep-2011","30-Sep-2011"
"AMARJOTHI","Amarjothi Spinning Mills Limited","EQ","Annual General Meeting/Div.Rs.2/- Per Share","10","21-Sep-2011","-","23-Sep-2011","29-Sep-2011"
"INNOIND","Innoventive Industries Limited","EQ","Annual General Meeting And Dividend Rs.2/- Per Share","10","21-Sep-2011","-","23-Sep-2011","26-Sep-2011"
"NCLIND","NCL Industries Limited","EQ","Annual General Meeting And Dividend Rs.1.50 Per Share","10","21-Sep-2011","-","23-Sep-2011","30-Sep-2011"
"DRDATSONS","Dr. Datson's Labs Limited","EQ","Annual General Meeting","10","21-Sep-2011","-","23-Sep-2011","30-Sep-2011"
"AGRODUTCH","Agro Dutch Industries Limited","EQ","Annual General Meeting","10","21-Sep-2011","-","23-Sep-2011","24-Sep-2011"
"AUTOLITIND","Autolite (India) Limited","EQ","Annual General Meeting","10","21-Sep-2011","-","23-Sep-2011","29-Sep-2011"
"BEPL","Bhansali Engineering Polymers Limited","EQ","Annual General Meeting And Dividend Re.0.10 Per Share","1","21-Sep-2011","-","23-Sep-2011","30-Sep-2011"
"SHIVAMAUTO","Shivam Autotech Limited","EQ","Annual General Meeting And Dividend Rs.2.50 Per Share","2","21-Sep-2011","-","23-Sep-2011","30-Sep-2011"
"EMMBI","Emmbi Industries Limited","EQ","Annual General Meeting And Dividend Re.0.20 Per Share","10","21-Sep-2011","-","23-Sep-2011","27-Sep-2011"
"FIRSTWIN","First Winner Industries Limited","EQ","Annual General Meeting And Dividend Re.0.50 Per Share","10","21-Sep-2011","-","23-Sep-2011","28-Sep-2011"
"INDSWFTLTD","Ind-Swift Limited","EQ","Annual General Meeting And Dividend Re.0.40 Per Share","2","21-Sep-2011","-","23-Sep-2011","26-Sep-2011"
"GOLDTECH","AION-TECH SOLUTIONS LIMITED","EQ","Annual General Meeting","10","22-Sep-2011","-","26-Sep-2011","30-Sep-2011"
"KSCL","Kaveri Seed Company Limited","EQ","Annual General Meeting And Dividend Rs.2.50 Per Share","2","22-Sep-2011","-","24-Sep-2011","27-Sep-2011"
"MARKSANS","Marksans Pharma Limited","EQ","Annual General Meeting","1","22-Sep-2011","-","24-Sep-2011","29-Sep-2011"
"KEYFINSERV","Keynote Financial Services Limited","EQ","Annual General Meeting And Dividend Rs.1.50 Per Share","10","22-Sep-2011","-","24-Sep-2011","30-Sep-2011"
"KIRIINDUS","Kiri Industries Limited","EQ","Dividend-Rs.1.50 Per Share","10","22-Sep-2011","-","24-Sep-2011","29-Sep-2011"
"JAYAGROGN","Jayant Agro Organics Limited","EQ","Annual General Meeting And Dividend Rs.1.75 Per Share","5","22-Sep-2011","-","24-Sep-2011","29-Sep-2011"
"KREBSBIO","Krebs Biochemicals and Industries Limited","EQ","Annual General Meeting","10","22-Sep-2011","-","26-Sep-2011","29-Sep-2011"
"NITINFIRE","Nitin Fire Protection Industries Limited","EQ","Bonus 5:2","2","22-Sep-2011","23-Sep-2011","-","-"
"RANASUG","Rana Sugars Limited","EQ","Annual General Meeting","10","22-Sep-2011","-","26-Sep-2011","30-Sep-2011"
"MADHUCON","Madhucon Projects Limited","EQ","Annual General Meeting And Dividend Re.0.25 Per Share","1","22-Sep-2011","-","26-Sep-2011","30-Sep-2011"
"MARG","Marg Limited","EQ","Annual General Meeting/ Dividend Rs.2 Per Share","10","22-Sep-2011","-","24-Sep-2011","29-Sep-2011"
"OSWALAGRO","Oswal Agro Mills Limited","EQ","Annual General Meeting","10","22-Sep-2011","-","24-Sep-2011","30-Sep-2011"
"PADMALAYAT","Padmalaya Telefilms Limited","EQ","Annual General Meeting","10","22-Sep-2011","-","26-Sep-2011","30-Sep-2011"
"RESURGERE","Resurgere Mines & Minerals India Limited","EQ","Annual General Meeting","1","22-Sep-2011","-","26-Sep-2011","30-Sep-2011"
"NITESHEST","NEL Holdings Limited","EQ","Annual General Meeting And Dividend Re.0.25 Per Share","10","22-Sep-2011","-","24-Sep-2011","28-Sep-2011"
"AJRINFRA","AJR INFRA AND TOLLING LIMITED","EQ","Annual General Meeting","2","22-Sep-2011","-","26-Sep-2011","26-Sep-2011"
"SRHHLINDST","SRHHL Industries Limited","EQ","Annual General Meeting","10","22-Sep-2011","-","24-Sep-2011","28-Sep-2011"
"OMAXAUTO","Omax Autos Limited","EQ","Annual General Meeting/Dividend Rs 2 Per Share","10","22-Sep-2011","-","26-Sep-2011","30-Sep-2011"
"PANASONIC","Panasonic Appliances India Company Limited","EQ","Annual General Meeting/Div.Re.1/- Per Share","10","22-Sep-2011","-","24-Sep-2011","30-Sep-2011"
"VISESHINFO","Visesh Infotecnics Limited","EQ","Annual General Meeting","1","22-Sep-2011","-","25-Sep-2011","28-Sep-2011"
"V2RETAIL","V2 Retail Limited","EQ","Annual General Meeting","1","22-Sep-2011","-","24-Sep-2011","29-Sep-2011"
"REIAGROLTD","Rei Agro Limited","EQ","Dividend-Re.0.20 Per Share","1","22-Sep-2011","-","26-Sep-2011","28-Sep-2011"
"REISIXTEN","REI Six Ten Retail Limited","EQ","Dividend-Re.0.20 Per Share","2","22-Sep-2011","-","26-Sep-2011","29-Sep-2011"
"VENUSREM","Venus Remedies Limited","EQ","Annual General Meeting And Dividend Rs.3/- Per Share","10","22-Sep-2011","-","25-Sep-2011","30-Sep-2011"
"AJMERA","Ajmera Realty & Infra India Limited","EQ","Annual General Meeting And Dividend Rs.1.40 Per Share","2","22-Sep-2011","-","24-Sep-2011","30-Sep-2011"
"LEEL","LEEL Electricals Limited","EQ","Annual General Meeting And Dividend Rs.1.50 Per Share","10","22-Sep-2011","-","26-Sep-2011","30-Sep-2011"
"BSLIMITED","BS Limited","EQ","Dividend-Re.1/- Per Share","1","22-Sep-2011","-","26-Sep-2011","30-Sep-2011"
"CANTABIL","Cantabil Retail India Limited","EQ","Annual General Meeting","2","22-Sep-2011","-","24-Sep-2011","30-Sep-2011"
"RTNPOWER","RattanIndia Power Limited","EQ","Annual General Meeting","10","22-Sep-2011","-","26-Sep-2011","30-Sep-2011"
"DHANI","Dhani Services Limited","EQ","Annual General Meeting","2","22-Sep-2011","-","26-Sep-2011","30-Sep-2011"
"IBULLSLTD","Indiabulls Limited","EQ","Annual General Meeting","2","22-Sep-2011","-","26-Sep-2011","30-Sep-2011"
"JPPOWER","Jaiprakash Power Ventures Limited","EQ","Annual General Meeting","10","22-Sep-2011","-","24-Sep-2011","30-Sep-2011"
"SURYAJYOTI","Suryajyoti Spinning Mills Limited","EQ","Annual General Meeting","10","22-Sep-2011","-","24-Sep-2011","27-Sep-2011"
"TELEDATAIT","Teledata Technology Solutions Limited","EQ","Annual General Meeting","2","22-Sep-2011","-","26-Sep-2011","30-Sep-2011"
"PLETHICO","Plethico Pharmaceuticals Limited","EQ","Dividend-Rs.2.50 Per Share","10","22-Sep-2011","-","26-Sep-2011","28-Sep-2011"
"POLYPLEX","Polyplex Corporation Limited","EQ","Annual General Meeting And Dividend Rs.7/- Per Share","10","22-Sep-2011","-","24-Sep-2011","28-Sep-2011"
"TEXMOPIPES","Texmo Pipes and Products Limited","EQ","Annual General Meeting","10","22-Sep-2011","-","24-Sep-2011","28-Sep-2011"
"TWILITAKA","Twilight Litaka Pharma Limited","EQ","Annual General Meeting And Dividend - Rs.1.50 Per Share","5","22-Sep-2011","-","26-Sep-2011","29-Sep-2011"
"SUNTECK","Sunteck Realty Limited","EQ","Annual General Meeting And Dividend - Re.0.18 Per Share","1","22-Sep-2011","-","26-Sep-2011","28-Sep-2011"
"KRISNAFILA","Krishna Filaments Limited","EQ","Annual General Meeting","10","22-Sep-2011","-","26-Sep-2011","30-Sep-2011"
"SAKHTISUG","Sakthi Sugars Limited","EQ","Annual General Meeting","10","22-Sep-2011","-","26-Sep-2011","29-Sep-2011"
"OMAXE","Omaxe Limited","EQ","Annual General Meeting","10","22-Sep-2011","-","26-Sep-2011","30-Sep-2011"
"ORGINFO","ORG Informatics Limited","EQ","Annual General Meeting","10","22-Sep-2011","-","26-Sep-2011","30-Sep-2011"
"RICOAUTO","Rico Auto Industries Limited","EQ","Annual General Meeting And Dividend Re.0.20 Per Share","1","22-Sep-2011","-","24-Sep-2011","30-Sep-2011"
"AURIONPRO","Aurionpro Solutions Limited","EQ","Annual General Meeting And Dividend Rs.2.20 Per Share","10","22-Sep-2011","-","25-Sep-2011","30-Sep-2011"
"BODHTREE","Bodhtree Consulting Limited","EQ","Annual General Meeting","10","22-Sep-2011","-","26-Sep-2011","30-Sep-2011"
"CELEBRITY","Celebrity Fashions Limited","EQ","Annual General Meeting","10","22-Sep-2011","-","24-Sep-2011","28-Sep-2011"
"HINDOILEXP","Hindustan Oil Exploration Company Limited","EQ","Annual General Meeting","10","22-Sep-2011","-","26-Sep-2011","28-Sep-2011"
"MURUDCERA","Murudeshwar Ceramics Limited","EQ","Annual General Meeting","10","22-Sep-2011","-","24-Sep-2011","30-Sep-2011"
"TIIL","Technocraft Industries (India) Limited","EQ","Annual General Meeting / Dividend - Re.1 Per Share","10","22-Sep-2011","-","24-Sep-2011","30-Sep-2011"
"NEPCMICON","NEPC India Limited","EQ","Annual General Meeting","10","22-Sep-2011","-","26-Sep-2011","30-Sep-2011"
"ANGIND","ANG Industries Limited","EQ","Annual General Meeting","10","22-Sep-2011","-","24-Sep-2011","26-Sep-2011"
"ARIES","Aries Agro Limited","EQ","Annual General Meeting And Dividend Re.1/- Per Share","10","22-Sep-2011","-","24-Sep-2011","29-Sep-2011"
"ALPA","Alpa Laboratories Limited","EQ","Annual General Meeting","10","22-Sep-2011","-","26-Sep-2011","28-Sep-2011"
"BLUEBLENDS","Blue Blends (I) Limited","EQ","Annual General Meeting","10","22-Sep-2011","-","26-Sep-2011","28-Sep-2011"
"BODALCHEM","Bodal Chemicals Limited","EQ","Dividend-Re.0.54 Per Share","2","22-Sep-2011","-","24-Sep-2011","29-Sep-2011"
"GEINDSYS","GEI Industrial Systems Limited","EQ","Annual General Meeting And Dividend Re.1/- Per Share","10","22-Sep-2011","-","24-Sep-2011","30-Sep-2011"
"SIMPLEX","Simplex Projects Limited","EQ","Annual General Meeting And Dividend Re.1/- Per Share","10","22-Sep-2011","-","24-Sep-2011","29-Sep-2011"
"ELECTHERM","Electrotherm (India) Limited","EQ","Annual General Meeting","10","22-Sep-2011","-","26-Sep-2011","30-Sep-2011"
"FIEMIND","Fiem Industries Limited","EQ","Annual General Meeting And Dividend Rs.2.50 Per Share","10","22-Sep-2011","-","24-Sep-2011","30-Sep-2011"
"TGBHOTELS","TGB Banquets And Hotels Limited","EQ","Annual General Meeting And Dividend Re.1/- Per Share","10","22-Sep-2011","-","24-Sep-2011","30-Sep-2011"
"BILPOWER","Bilpower  Limited","EQ","Annual General Meeting And Dividend Re.1/- Per Share","10","22-Sep-2011","-","26-Sep-2011","30-Sep-2011"
"LANDSMILL","Landsmill Green Limited","EQ","Annual General Meeting","1","22-Sep-2011","-","26-Sep-2011","30-Sep-2011"
"ALICON","Alicon Castalloy Limited","EQ","Annual General Meeting And Dividend Re.1/- Per Share","5","22-Sep-2011","-","26-Sep-2011","28-Sep-2011"
"ARROWTEX","Arrow Textiles Limited","EQ","Annual General Meeting","10","22-Sep-2011","-","26-Sep-2011","29-Sep-2011"
"DELTAMAGNT","Delta Manufacturing Limited","EQ","Annual General Meeting","10","22-Sep-2011","-","26-Sep-2011","29-Sep-2011"
"SITASHREE","Sita Shree Food Products Limited","EQ","Annual General Meeting","10","22-Sep-2011","-","24-Sep-2011","30-Sep-2011"
"UBHOLDINGS","United Breweries (Holdings) Limited","EQ","Annual General Meeting And Dividend Re.1/- Per Share","10","22-Sep-2011","-","26-Sep-2011","28-Sep-2011"
"VAIBHAVGBL","Vaibhav Global Limited","EQ","Annual General Meeting","2","22-Sep-2011","-","24-Sep-2011","30-Sep-2011"
"JINDWORLD","Jindal Worldwide Limited","EQ","Annual General Meeting And Dividend Re.0.50 Per Share","1","22-Sep-2011","-","26-Sep-2011","29-Sep-2011"
"MONNETISPA","Monnet Ispat and Energy Limited","EQ","Annual General Meeting And Dividend Rs.5/- Per Share","10","22-Sep-2011","-","24-Sep-2011","30-Sep-2011"
"PNC","Pritish Nandy Communications Limited","EQ","Annual General Meeting","10","22-Sep-2011","-","24-Sep-2011","29-Sep-2011"
"TRIDENT","Trident Limited","EQ","Annual General Meeting And Dividend Rs.1.20 Per Share","1","22-Sep-2011","-","24-Sep-2011","30-Sep-2011"
"KARURKCP","Karur K.C.P. Packkagings Limited","EQ","Annual General Meeting","10","22-Sep-2011","-","26-Sep-2011","30-Sep-2011"
"LOKESHMACH","Lokesh Machines Limited","EQ","Annual General Meeting And Dividend Rs.1/- Per Share","10","22-Sep-2011","-","26-Sep-2011","30-Sep-2011"
"TODAYS","Todays Writing Instruments Limited","EQ","Annual General Meeting","10","22-Sep-2011","-","26-Sep-2011","29-Sep-2011"
"ORIENTALTL","Oriental Trimex Limited","EQ","Annual General Meeting","10","22-Sep-2011","-","24-Sep-2011","28-Sep-2011"
"PBAINFRA","PBA Infrastructure Limited","EQ","Annual General Meeting And Dividend - Rs.1 Per Share","10","22-Sep-2011","-","26-Sep-2011","30-Sep-2011"
"BIOFILCHEM","Biofil Chemicals & Pharmaceuticals Limited","EQ","Annual General Meeting","10","22-Sep-2011","-","24-Sep-2011","29-Sep-2011"
"ETPCORP","ETP Corporation Limited","EQ","Annual General Meeting","10","22-Sep-2011","-","26-Sep-2011","26-Sep-2011"
"HERITGFOOD","Heritage Foods Limited","EQ","Annual General Meeting And Dividend Rs.1.20 Per Share","5","22-Sep-2011","-","26-Sep-2011","29-Sep-2011"
"HYDROS&S","Hydro S & S Industries Limited","EQ","Annual General Meeting / Div.Re.0.60 Per Share","10","22-Sep-2011","-","24-Sep-2011","29-Sep-2011"
"ORIENTLTD","Orient Press Limited","EQ","Annual General Meeting","10","22-Sep-2011","-","26-Sep-2011","28-Sep-2011"
"RAJTV","Raj Television Network Limited","EQ","Annual General Meeting","5","22-Sep-2011","-","24-Sep-2011","30-Sep-2011"
"AUSOMENT","Ausom Enterprise Limited","EQ","Annual General Meeting","10","22-Sep-2011","-","26-Sep-2011","29-Sep-2011"
"ABHISHEK","Abhishek Corporation Limited","EQ","Annual General Meeting","10","22-Sep-2011","-","26-Sep-2011","30-Sep-2011"
"OSWALGREEN","Oswal Greentech Limited","EQ","Annual General Meeting","10","22-Sep-2011","-","24-Sep-2011","30-Sep-2011"
"EMBDL","Embassy Developments Limited","EQ","Annual General Meeting/Dividend Re 0.30 Per Share","2","22-Sep-2011","-","26-Sep-2011","30-Sep-2011"
"SHREEASHTA","Shree Ashtavinayak Cine Vision Limited","EQ","Annual Book Closure","1","22-Sep-2011","-","26-Sep-2011","29-Sep-2011"
"EVINIX","Evinix Accessories Limited","EQ","Annual General Meeting","1","22-Sep-2011","-","24-Sep-2011","29-Sep-2011"
"SANWARIA","Sanwaria Consumer Limited","EQ","Annual General Meeting","1","22-Sep-2011","-","25-Sep-2011","30-Sep-2011"
"PRIMESECU","Prime Securities Limited","EQ","Annual General Meeting","5","22-Sep-2011","-","26-Sep-2011","29-Sep-2011"
"PANORAMUNI","Panoramic Universal Limited","EQ","Annual General Meeting And Dividend Re.0.50 Per Share","5","22-Sep-2011","-","24-Sep-2011","28-Sep-2011"
"PRITHVI","Prithvi Information Solutions Limited","EQ","Annual General Meeting","10","22-Sep-2011","-","26-Sep-2011","30-Sep-2011"
"KOPDRUGS","KDL Biotech Limited","EQ","Annual General Meeting","10","22-Sep-2011","-","24-Sep-2011","28-Sep-2011"
"MAARSOFTW","Maars Software International Limited","EQ","Annual General Meeting","10","22-Sep-2011","-","24-Sep-2011","28-Sep-2011"
"A2ZINFRA","A2Z Infra Engineering Limited","EQ","Dividend-Rs.2/- Per Share","10","22-Sep-2011","-","24-Sep-2011","29-Sep-2011"
"AFTEK","Aftek Limited","EQ","Annual General Meeting","2","22-Sep-2011","-","24-Sep-2011","29-Sep-2011"
"ALCHEM","Alchemist Limited","EQ","Annual General Meeting And Dividend Rs.2/- Per Share","10","22-Sep-2011","-","26-Sep-2011","30-Sep-2011"
"ARENTERP","Rajdarshan Industries Limited","EQ","Annual General Meeting","10","22-Sep-2011","-","24-Sep-2011","30-Sep-2011"
"ASIANTILES","Asian Granito India Limited","EQ","Annual General Meeting And Dividend Re.1/- Per Share","10","22-Sep-2011","-","24-Sep-2011","29-Sep-2011"
"SUNDARAM","Sundaram Multi Pap Limited","EQ","Annual General Meeting And Dividend Re.0.20 Per Share","1","22-Sep-2011","-","26-Sep-2011","30-Sep-2011"
"PARASPETRO","Paras Petrofils Limited","EQ","Annual General Meeting","1","22-Sep-2011","-","24-Sep-2011","30-Sep-2011"
"TULSI","Tulsi Extrusions Limited","EQ","Annual General Meeting","10","22-Sep-2011","-","26-Sep-2011","30-Sep-2011"
"ZYLOG","Zylog Systems Limited","EQ","Annual General Meeting And Dividend Rs.8/- Per Share","5","22-Sep-2011","-","24-Sep-2011","29-Sep-2011"
"RANKLIN","Ranklin Solutions Limited","EQ","Annual General Meeting/Dividend Re 0.50 Per Share","10","22-Sep-2011","-","26-Sep-2011","30-Sep-2011"
"SPECTACLE","Spectacle Ventures Limited","EQ","Annual General Meeting","1","22-Sep-2011","-","24-Sep-2011","30-Sep-2011"
"SORILINFRA","SORIL Infra Resources Limited","EQ","Annual General Meeting","10","22-Sep-2011","-","26-Sep-2011","30-Sep-2011"
"SUNILHITEC","Sunil Hitech Engineers Limited","EQ","Annual General Meeting And Dividend Rs.1.20 Per Share","1","22-Sep-2011","-","24-Sep-2011","29-Sep-2011"
"AMLSTEEL","AML Steel Limited","EQ","Annual General Meeting","10","22-Sep-2011","-","24-Sep-2011","30-Sep-2011"
"MOTOGENFIN","The Motor & General Finance Limited","EQ","Annual General Meeting And Dividend Rs.1.50 Per Share","5","22-Sep-2011","-","26-Sep-2011","29-Sep-2011"
"ARVIND","Arvind Limited","EQ","Annual General Meeting","10","22-Sep-2011","-","24-Sep-2011","30-Sep-2011"
"BHARATRAS","Bharat Rasayan Limited","EQ","Annual General Meeting And Dividend Rs.1.20 Per Share","5","22-Sep-2011","-","24-Sep-2011","29-Sep-2011"
"AMBICAAGAR","Ambica Agarbathies & Aroma industries Limited","EQ","Annual General Meeting","10","22-Sep-2011","-","26-Sep-2011","29-Sep-2011"
"METKORE","Metkore Alloys & Industries Limited","EQ","Annual General Meeting And Dividend Re.0.50 Per Share","2","22-Sep-2011","-","24-Sep-2011","29-Sep-2011"
"SIRPAPER","The Sirpur Paper Mills Limited","EQ","Annual General Meeting","10","22-Sep-2011","-","24-Sep-2011","29-Sep-2011"
"SMSPHARMA","SMS Pharmaceuticals Limited","EQ","Annual General Meeting/Dividend Rs 1.50 Per Share","1","22-Sep-2011","-","24-Sep-2011","30-Sep-2011"
"SUBCAPCITY","International Constructions Limited","EQ","Annual General Meeting","10","22-Sep-2011","-","26-Sep-2011","30-Sep-2011"
"STCINDIA","The State Trading Corporation of India Limited","EQ","Annual General Meeting/Dividend Rs 3 Per Share","10","22-Sep-2011","-","24-Sep-2011","29-Sep-2011"
"MANJEERA","Manjeera Constructions Limited","EQ","Annual General Meeting And Dividend Rs.1.50 Per Share","10","22-Sep-2011","-","25-Sep-2011","29-Sep-2011"
"PONDYOXIDE","Pondy Oxides & Chemicals Limited","EQ","Annual General Meeting And Dividend Rs.1.40 Per Share","10","22-Sep-2011","-","24-Sep-2011","24-Sep-2011"
"RAMGOPOLY","Ramgopal Polytex Limited","EQ","Annual General Meeting","10","22-Sep-2011","-","26-Sep-2011","30-Sep-2011"
"CRESTANI","Crest Animation Studios Limited","EQ","Annual General Meeting","10","22-Sep-2011","-","24-Sep-2011","30-Sep-2011"
"KAKATCEM","Kakatiya Cement Sugar & Industries Limited","EQ","Annual General Meeting And Dividend Rs.2.70 Per Share","10","22-Sep-2011","-","26-Sep-2011","29-Sep-2011"
"MALWACOTT","Malwa Cotton Spg. Mills Limited","EQ","Annual General Meeting","10","22-Sep-2011","-","24-Sep-2011","26-Sep-2011"
"OLECTRA","Olectra Greentech Limited","EQ","Annual General Meeting And Dividend - Re.0.20 Per Share","4","22-Sep-2011","-","26-Sep-2011","30-Sep-2011"
"GSLNOVA","GSL Nova Petrochemicals Limited","EQ","Annual General Meeting","5","22-Sep-2011","-","24-Sep-2011","30-Sep-2011"
"RUCHISOYA","Ruchi Soya Industries Limited","EQ","Dividend-Re.0.50 Per Share","2","22-Sep-2011","-","26-Sep-2011","30-Sep-2011"
"GULFPETRO","GP Petroleums Limited","EQ","Dividend-Re.0.05 Per Share","5","22-Sep-2011","-","24-Sep-2011","30-Sep-2011"
"GLORY","Glory Polyfilms Limited","EQ","Annual General Meeting","10","22-Sep-2011","-","24-Sep-2011","29-Sep-2011"
"JVLAGRO","JVL Agro Industries Limited","EQ","Annual General Meeting And Dividend Re.0.20 Per Share","1","22-Sep-2011","-","24-Sep-2011","30-Sep-2011"
"COUNCODOS","Country Condo's Limited","EQ","Annual General Meeting","1","23-Sep-2011","-","27-Sep-2011","30-Sep-2011"
"NATCOPHARM","Natco Pharma Limited","EQ","Annual General Meeting","2","23-Sep-2011","-","27-Sep-2011","30-Sep-2011"
"PRUDMOULI","Prudential Sugar Corporation Limited","EQ","Annual General Meeting","10","23-Sep-2011","-","27-Sep-2011","30-Sep-2011"
"FACT","Fertilizers and Chemicals Travancore Limited","EQ","Annual General Meeting","10","23-Sep-2011","-","27-Sep-2011","29-Sep-2011"
"AUSTRAL","Austral Coke & Projects Limited","EQ","Annual General Meeting","1","23-Sep-2011","-","27-Sep-2011","30-Sep-2011"
"GEODESIC","Geodesic Limited","EQ","Annual General Meeting And Dividend Rs.1.40 Per Share","2","23-Sep-2011","-","27-Sep-2011","30-Sep-2011"
"JAGSNPHARM","Jagsonpal Pharmaceuticals Limited","EQ","Annual General Meeting And Dividend Re.0.50 Per Share","2","23-Sep-2011","-","27-Sep-2011","30-Sep-2011"
"JUPITER","Jupiter Bioscience Limited","EQ","Annual General Meeting And Dividend Re.1/- Per Share","10","23-Sep-2011","-","27-Sep-2011","30-Sep-2011"
"SEZALGLASS","Sezal Glass Limited","EQ","Annual General Meeting","1","23-Sep-2011","-","27-Sep-2011","30-Sep-2011"
"MTNL","Mahanagar Telephone Nigam Limited","EQ","Annual General Meeting","10","23-Sep-2011","-","27-Sep-2011","29-Sep-2011"
"PRAKASH","Prakash Industries Limited","EQ","Dividend Re 1 Per Share","10","23-Sep-2011","-","27-Sep-2011","29-Sep-2011"
"ARCHIES","Archies Limited","EQ","Annual General Meeting And Dividend Re.0.40 Per Share","2","23-Sep-2011","-","27-Sep-2011","30-Sep-2011"
"SYNCOM","Syncom Healthcare Limited","EQ","Annual General Meeting","10","23-Sep-2011","-","27-Sep-2011","30-Sep-2011"
"UNIVAFOODS","Univa Foods Limited","EQ","Annual General Meeting","10","23-Sep-2011","-","27-Sep-2011","28-Sep-2011"
"UCAL","UCAL LIMITED","EQ","Dividend-Rs.4/- Per Share","10","23-Sep-2011","-","27-Sep-2011","30-Sep-2011"
"PDPL","Parenteral Drugs (India) Limited","EQ","Annual General Meeting","10","23-Sep-2011","-","27-Sep-2011","30-Sep-2011"
"JINDCOT","Jindal Cotex Limited","EQ","Annual General Meeting","10","23-Sep-2011","-","27-Sep-2011","30-Sep-2011"
"RNAVAL","Reliance Naval and Engineering Limited","EQ","Annual General Meeting","10","23-Sep-2011","-","27-Sep-2011","29-Sep-2011"
"JAINSTUDIO","Jain Studios Limited","EQ","Annual General Meeting","10","26-Sep-2011","-","28-Sep-2011","30-Sep-2011"
"KALINDEE","Kalindee Rail Nirman (Engineers) Limited","EQ","Annual General Meeting And Dividend Re.1/- Per Share","10","26-Sep-2011","-","28-Sep-2011","30-Sep-2011"
"SHAH","Shah Metacorp Limited","EQ","Annual General Meeting","1","26-Sep-2011","-","28-Sep-2011","30-Sep-2011"
"S&SPOWER","S&S Power Switchgears Limited","EQ","Annual General Meeting","10","26-Sep-2011","-","28-Sep-2011","30-Sep-2011"
"ENTEGRA","Entegra Limited","EQ","Bonus 4:13","10","26-Sep-2011","27-Sep-2011","-","-"
"CURATECH","Cura Technologies Limited","EQ","Annual General Meeting And Dividend Re.0.20 Per Share","10","26-Sep-2011","-","28-Sep-2011","30-Sep-2011"
"TATAPOWER","Tata Power Company Limited","EQ","Face Value Split From Rs.10/- To Re.1/-","1","26-Sep-2011","27-Sep-2011","-","-"
"ARAVALIIND","Aravali Industries Limited","EQ","Annual General Meeting","10","26-Sep-2011","-","28-Sep-2011","30-Sep-2011"
"SVOGL","SVOGL Oil Gas And Energy Limited","EQ","Annual General Meeting/Dividend Rs 2 Per Share","10","26-Sep-2011","-","28-Sep-2011","29-Sep-2011"
"MCDHOLDING","McDowell Holdings Limited","EQ","Annual General Meeting","10","26-Sep-2011","-","28-Sep-2011","29-Sep-2011"
"WEIZMANIND","Weizmann Limited","EQ","Dividend-Re.0.50 Per Share","10","26-Sep-2011","-","28-Sep-2011","30-Sep-2011"
"SPMLINFRA","SPML Infra Limited","EQ","Annual General Meeting And Dividend Re.0.50 Per Share","2","26-Sep-2011","-","28-Sep-2011","29-Sep-2011"
"NORTHGATE","Northgate Technologies Limited","EQ","Annual General Meeting","10","26-Sep-2011","-","28-Sep-2011","30-Sep-2011"
"SHILPI","Shilpi Cable Technologies Limited","EQ","Annual General Meeting","10","26-Sep-2011","-","28-Sep-2011","29-Sep-2011"
"ANIKINDS","Anik Industries Limited","EQ","Annual General Meeting","10","26-Sep-2011","-","28-Sep-2011","30-Sep-2011"
"HINDDORROL","Hindustan Dorr-Oliver Limited","EQ","Dividend-Re.0.80 Per Share","2","26-Sep-2011","-","28-Sep-2011","30-Sep-2011"
"TOKYOPLAST","Tokyo Plast International Limited","EQ","Annual General Meeting","10","26-Sep-2011","-","28-Sep-2011","30-Sep-2011"
"JINDALSAW","Jindal Saw Limited","EQ","Annual General Meeting And Dividend Re.1/- Per Share","1","26-Sep-2011","-","28-Sep-2011","30-Sep-2011"
"KARMAENG","Karma Energy Limited","EQ","Dividend-Re.0.50 Per Share","10","26-Sep-2011","-","28-Sep-2011","30-Sep-2011"
"TANLA","Tanla Platforms Limited","EQ","Annual General Meeting And Dividend Re.0.10 Per Share","1","26-Sep-2011","-","28-Sep-2011","30-Sep-2011"
"VIVIMEDLAB","Vivimed Labs Limited","EQ","Annual General Meeting And Dividend - Rs.2 Per Share","2","26-Sep-2011","-","28-Sep-2011","30-Sep-2011"
"MOSERBAER","Moser-Baer (I) Limited","EQ","Annual General Meeting","10","26-Sep-2011","-","28-Sep-2011","29-Sep-2011"
"CUBEXTUB","Cubex Tubings Limited","EQ","Annual General Meeting","10","26-Sep-2011","-","28-Sep-2011","30-Sep-2011"
"BANG","Bang Overseas Limited","EQ","Annual General Meeting","10","26-Sep-2011","-","28-Sep-2011","30-Sep-2011"
"VISUINTL","Visu International Limited","EQ","Annual General Meeting","10","26-Sep-2011","-","28-Sep-2011","30-Sep-2011"
"DECOLIGHT","Decolight Ceramics Limited","EQ","Annual General Meeting","10","26-Sep-2011","-","28-Sep-2011","29-Sep-2011"
"DELPHIFX","DELPHI WORLD MONEY LIMITED","EQ","Dividend-Rs.2/- Per Share","2","26-Sep-2011","-","28-Sep-2011","30-Sep-2011"
"BSELINFRA","BSEL Infrastructure Realty Limited","EQ","Annual General Meeting","10","26-Sep-2011","-","28-Sep-2011","30-Sep-2011"
"ALPSINDUS","Alps Industries Limited","EQ","Annual General Meeting","10","26-Sep-2011","-","28-Sep-2011","29-Sep-2011"
"IZMO","IZMO Limited","EQ","Annual General Meeting","10","27-Sep-2011","-","29-Sep-2011","29-Sep-2011"
"SRGINFOTEC","SRG Infotec (India) Limited","EQ","Annual General Meeting","10","27-Sep-2011","-","29-Sep-2011","30-Sep-2011"
"ZODIACLOTH","Zodiac Clothing Company Limited","EQ","Bonus 1:2","10","27-Sep-2011","28-Sep-2011","-","-"
"PRITHVISOF","Prithvi Softech Limited","EQ","Annual General Meeting/ Dividend  Rs. 0.50/- Per Share","10","27-Sep-2011","-","29-Sep-2011","29-Sep-2011"
"JOCIL","Jocil Limited","EQ","Bonus 1:1","10","27-Sep-2011","28-Sep-2011","-","-"
"TECHIN","Techindia Nirman Limited","EQ","Annual General Meeting","10","27-Sep-2011","-","29-Sep-2011","29-Sep-2011"
"VITALCOMM","Vital Communications Limited","EQ","Annual General Meeting","10","27-Sep-2011","-","29-Sep-2011","30-Sep-2011"
"MURLIIND","Murli Industries Limited","EQ","Annual General Meeting","2","27-Sep-2011","-","29-Sep-2011","30-Sep-2011"
"UTTAMVALUE","Uttam Value Steels Limited","EQ","Annual General Meeting","10","27-Sep-2011","-","29-Sep-2011","08-Oct-2011"
"SURYAPHARM","Surya Pharmaceutical Limited","EQ","Annual General Meeting And Dividend Re.0.15 Per Share","1","27-Sep-2011","-","29-Sep-2011","30-Sep-2011"
"TATACOMM","Tata Communications Limited","EQ","Dividend-Rs.2/- Per Share","10","28-Sep-2011","-","01-Oct-2011","11-Oct-2011"
"NAMASTEXP","Namaste Exports Limited","EQ","Annual General Meeting","10","28-Sep-2011","-","30-Sep-2011","30-Sep-2011"
"CRISIL","CRISIL Limited","EQ","Face Value Split From Rs.10/- To Re.1/-","1","28-Sep-2011","30-Sep-2011","-","-"
"RUCHINFRA","Ruchi Infrastructure Limited","EQ","Dividend-Re.0.08 Per Share","1","28-Sep-2011","-","30-Sep-2011","30-Sep-2011"
"OSWALMIN","Oswal Minerals Limited","EQ","Annual General Meeting","10","28-Sep-2011","-","30-Sep-2011","30-Sep-2011"
"VASWANI","Vaswani Industries Limited","EQ","Bonus 1:4","10","29-Sep-2011","03-Oct-2011","-","-"
"BHEL","Bharat Heavy Electricals Limited","EQ","Face Value Split From Rs.10/- To Rs.2/-","2","03-Oct-2011","04-Oct-2011","-","-"
"PVRINOX","PVR INOX Limited","EQ","Special Interim Dividend Rs.4/- Per Share (Purpose Revised)","10","04-Oct-2011","05-Oct-2011","-","-"
"CARBORUNIV","Carborundum Universal Limited","EQ","Face Value Split From Rs.2/- To Re.1/-","1","05-Oct-2011","07-Oct-2011","-","-"
"RENUKA","Shree Renuka Sugars Limited","EQ","Interim Dividend-Re.1/- Per Share (Purpose Revised)","1","05-Oct-2011","07-Oct-2011","-","-"
"MONSANTO","Monsanto India Limited","EQ","Bonus 1:1","10","05-Oct-2011","08-Oct-2011","-","-"
"GTL","GTL Limited","EQ","Annual General Meeting (Purpose Revised)","10","07-Oct-2011","-","11-Oct-2011","13-Oct-2011"
"PATELENG","Patel Engineering Limited","EQ","Annual General Meeting And Dividend Re.1/- Per Share","1","07-Oct-2011","-","11-Oct-2011","17-Oct-2011"
"NOIDATOLL","Noida Toll Bridge Company Limited","EQ","Interim Dividend - Re.0.50 Per Share","10","17-Oct-2011","18-Oct-2011","-","-"
"FEL","Future Enterprises Limited","EQ","Dividend-Re.0.90 Per Share","2","19-Oct-2011","-","21-Oct-2011","22-Oct-2011"
"FELDVR","Future Enterprises Limited","EQ","Dividend-Re.1/- Per Share","2","19-Oct-2011","-","21-Oct-2011","22-Oct-2011"
"GDL","Gateway Distriparks Limited","EQ","Interim Dividend-Rs.3/- Per Share (Purpose Revised)","10","20-Oct-2011","22-Oct-2011","-","-"
"GILLETTE","Gillette India Limited","EQ","Dividend-Rs.15/- Per Share","10","20-Oct-2011","-","24-Oct-2011","31-Oct-2011"
"INFY","Infosys Limited","EQ","Interim Dividend - Rs.15 Per Share (Purpose Revised)","5","20-Oct-2011","21-Oct-2011","-","-"
"GLOBUSSPR","Globus Spirits Limited","EQ","Annual General Meeting And Dividend Re.1/- Per Share","10","21-Oct-2011","-","25-Oct-2011","31-Oct-2011"
"HCLTECH","HCL Technologies Limited","EQ","Final Dividend Rs.2/- Per Share/Interim Dividend Rs.2/- Per Share/Special Dividend Rs.2/- Per Share/Annual General Meeting (Purpose Revised)","2","21-Oct-2011","-","25-Oct-2011","02-Nov-2011"
"NELCAST","Nelcast Limited","EQ","Interim Dividend Re.1/- Per Share (Purpose Revised)","2","24-Oct-2011","25-Oct-2011","-","-"
"FARMAXIND","Farmax India Limited","EQ","Annual General Meeting","1","24-Oct-2011","-","26-Oct-2011","28-Oct-2011"
"CGPOWER","CG Power and Industrial Solutions Limited","EQ","Interim Dividend Re.0.80 Per Share (Purpose Revised)","2","24-Oct-2011","25-Oct-2011","-","-"
"HINDZINC","Hindustan Zinc Limited","EQ","Interim Dividend Rs.1.50 Per Share (Purpose Revised)","2","25-Oct-2011","28-Oct-2011","-","-"
"TCS","Tata Consultancy Services Limited","EQ","Interim Dividend - Rs. 3/- Per Share","1","25-Oct-2011","29-Oct-2011","-","-"
"JIKIND","JIK Industries Limited","EQ","Annual General Meeting","10","25-Oct-2011","-","31-Oct-2011","04-Nov-2011"
"ASIANPAINT","Asian Paints Limited","EQ","Interim Dividend Rs.9.50 Per Share (Purpose Revised)","1","25-Oct-2011","28-Oct-2011","-","-"
"CRISIL","CRISIL Limited","EQ","3rd Interim Dividend Rs.2.75 Per Share (Purpose Revised)","1","28-Oct-2011","31-Oct-2011","-","-"
"ACCELYA","Accelya Solutions India Limited","EQ","Annual General Meeting And Dividend Rs.2/- Per Share","10","28-Oct-2011","-","01-Nov-2011","08-Nov-2011"
"STER","Sterlite Industries ( India ) Limited","EQ","Interim Dividend Re.1/- Per Share (Purpose Revised)","1","31-Oct-2011","01-Nov-2011","-","-"
"MINDTREE","MindTree Limited","EQ","Interim Dividend Rs.1.50 Per Share And Special Dividend Re.1 Per Share","10","31-Oct-2011","01-Nov-2011","-","-"
"VIPIND","VIP Industries Limited","EQ","Face Value Split From Rs.10/- To Rs.2/-","2","31-Oct-2011","01-Nov-2011","-","-"
"RALLIS","Rallis India Limited","EQ","Interim Dividend Re.1/- Per Share","1","01-Nov-2011","02-Nov-2011","-","-"
"SPIC","Southern Petrochemicals Industries Corporation  Limited","EQ","Annual General Meeting","10","01-Nov-2011","-","03-Nov-2011","16-Nov-2011"
"GODREJCP","Godrej Consumer Products Limited","EQ","2nd Interim Dividend Re.1/- Per Share (Purpose Revised)","1","01-Nov-2011","02-Nov-2011","-","-"
"NAVINFLUOR","Navin Fluorine International Limited","EQ","Interim Dividend Rs.8.50 Per Share","2","02-Nov-2011","03-Nov-2011","-","-"
"EXIDEIND","Exide Industries Limited","EQ","Interim Dividend Re.0.90 Per Share","1","02-Nov-2011","03-Nov-2011","-","-"
"MRF","MRF Limited","EQ","2nd Interim Dividend Rs.3/- Per Share","10","02-Nov-2011","03-Nov-2011","-","-"
"HEXAWARE","Hexaware Technologies Limited","EQ","Interim Dividend Re.1/- Per Share","2","03-Nov-2011","04-Nov-2011","-","-"
"METKORE","Metkore Alloys & Industries Limited","EQ","Face Value Split From Rs.10/- To Rs.2/-","2","03-Nov-2011","04-Nov-2011","-","-"
"INDIABULLS","Indiabulls Financial Services Limited","EQ","Interim Dividend Rs.6/- Per Share","2","03-Nov-2011","04-Nov-2011","-","-"
"FOSECOIND","Foseco India Limited","EQ","Interim Dividend Rs.5/- Per Share (Purpose Revised)","10","03-Nov-2011","04-Nov-2011","-","-"
"KKCL","Kewal Kiran Clothing Limited","EQ","Interim Dividend Rs.7/- Per Share","10","03-Nov-2011","04-Nov-2011","-","-"
"INGERRAND","Ingersoll Rand (India) Limited","EQ","Interim Dividend Rs.3/- Per Share","10","03-Nov-2011","04-Nov-2011","-","-"
"IPCALAB","IPCA Laboratories Limited","EQ","Interim Dividend Re.1/- Per Share (Purpose Revised)","1","03-Nov-2011","07-Nov-2011","-","-"
"GREAVESCOT","Greaves Cotton Limited","EQ","Interim Dividend Re 0.40 Per Share","2","03-Nov-2011","04-Nov-2011","-","-"
"CRANESSOFT","Cranes Software International Limited","EQ","Annual General Meeting","2","04-Nov-2011","-","09-Nov-2011","14-Nov-2011"
"DABUR","Dabur India Limited","EQ","Interim Dividend Re.0.55 Per Share (Purpose Revised)","1","04-Nov-2011","08-Nov-2011","-","-"
"HINDUNILVR","Hindustan Unilever Limited","EQ","Interim Dividend Rs.3.50 Per Share (Purpose Revised)","1","04-Nov-2011","08-Nov-2011","-","-"
"NAVNETEDUL","Navneet Education Limited","EQ","Interim Dividend Re.0.60 Per Share (Purpose Revised)","2","04-Nov-2011","08-Nov-2011","-","-"
"KSB","Ksb Limited","EQ","Interim Dividend Re.1/- Per Share","2","04-Nov-2011","08-Nov-2011","-","-"
"SASKEN","Sasken Technologies Limited","EQ","Interim Dividend Rs.2.50 Per Share (Purpose Revised)","10","04-Nov-2011","08-Nov-2011","-","-"
"PGHH","Procter & Gamble Hygiene and Health Care Limited","EQ","Dividend-Rs.22.50 Per Share (Bc Dates Revised)","10","04-Nov-2011","-","09-Nov-2011","23-Nov-2011"
"CYIENT","Cyient Limited","EQ","Interim Dividend Rs.1.25 Per Share","5","08-Nov-2011","09-Nov-2011","-","-"
"JISLJALEQS","Jain Irrigation Systems Limited","EQ","Bon 1 Dvr : 20 Eq Shares","2","08-Nov-2011","09-Nov-2011","-","-"
"TRITURBINE","Triveni Turbine Limited","EQ","Interim Dividend Re.0.25 Per Share","1","08-Nov-2011","09-Nov-2011","-","-"
"GUJRATGAS","Gujarat Gas Company Limited","EQ","Interim Dividend Rs.10/- Per Share (Purpose Revised)","2","08-Nov-2011","09-Nov-2011","-","-"
"SUNTV","Sun TV Network Limited","EQ","Interim Dividend Rs.3.75 Per Share (Purpose Revised)","5","08-Nov-2011","09-Nov-2011","-","-"
"KESARENT","Kesar Enterprises Limited","EQ","Dividend-Re.1/- Per Share","10","08-Nov-2011","-","10-Nov-2011","17-Nov-2011"
"ACLGATI","Allcargo Gati Limited","EQ","Annual General Meeting And Dividend Re.0.50 Per Share","2","09-Nov-2011","-","14-Nov-2011","16-Nov-2011"
"HCL-INSYS","HCL Infosystems Limited","EQ","Final Dividend Rs.2/- Per Share And Interim Dividend Re.1/- Per Share (Purpose Revised)","2","09-Nov-2011","-","14-Nov-2011","15-Nov-2011"
"MARICO","Marico Limited","EQ","1st Interim Dividend Re.0.30 Per Share (Purpose Revised)","1","09-Nov-2011","11-Nov-2011","-","-"
"SONATSOFTW","Sonata Software Limited","EQ","Interim Dividend Re.0.50 Per Share (Purpose Revised)","1","09-Nov-2011","11-Nov-2011","-","-"
"KCP","KCP Limited","EQ","2nd Interim Dividend Re.0.25 Per Share (Purpose Revised)","1","11-Nov-2011","14-Nov-2011","-","-"
"SHRIRAMCIT","Shriram City Union Finance Limited","EQ","Interim Dividend Rs.2.50 Per Share","10","11-Nov-2011","14-Nov-2011","-","-"
"BIRLACORPN","Birla Corporation Limited","EQ","Interim Dividend Rs.2.50 Per Share","10","11-Nov-2011","14-Nov-2011","-","-"
"DCW","DCW Limited","EQ","Annual General Meeting And Dividend Re.0.36 Per Share","2","11-Nov-2011","-","15-Nov-2011","24-Nov-2011"
"ORIENTCER","ORIENT CERATECH LIMITED","EQ","Scheme Of Arrangement","1","11-Nov-2011","14-Nov-2011","-","-"
"ROLTA","Rolta India Limited","EQ","Annual General Meeting And Dividend Rs.3.50 Per Share","10","11-Nov-2011","-","15-Nov-2011","21-Nov-2011"
"PAGEIND","Page Industries Limited","EQ","2nd Interim Dividend Rs.12/- Per Share (Purpose Revised)","10","16-Nov-2011","17-Nov-2011","-","-"
"SUPRAJIT","Suprajit Engineering Limited","EQ","Interim Dividend Re.0.30 Per Share","1","16-Nov-2011","17-Nov-2011","-","-"
"EXPLEOSOL","Expleo Solutions Limited","EQ","Interim Dividend Rs.2/- Per Share","10","16-Nov-2011","17-Nov-2011","-","-"
"ASAHISONG","Asahi Songwon Colors Limited","EQ","Interim Dividend Rs.1.25 Per Share","10","16-Nov-2011","17-Nov-2011","-","-"
"SYMPHONY","Symphony Limited","EQ","Annual General Meeting / Dividend Rs 10 Per Share","2","17-Nov-2011","-","19-Nov-2011","30-Nov-2011"
"DYNAMATECH","Dynamatic Technologies Limited","EQ","Interim Dividend Rs.3/- Per Share","10","17-Nov-2011","19-Nov-2011","-","-"
"JPINFRATEC","Jaypee Infratech Limited","EQ","Interim Dividend Re.0.50 Per Share (Purpose Revised)","10","17-Nov-2011","18-Nov-2011","-","-"
"63MOONS","63 moons technologies limited","EQ","2nd Interim Dividend Rs.2/- Per Share (Purpose Revised)","2","17-Nov-2011","18-Nov-2011","-","-"
"NMDC","NMDC Limited","EQ","Interim Dividend Re.1/- Per Share","1","17-Nov-2011","18-Nov-2011","-","-"
"PIIND","PI Industries Limited","EQ","Interim Dividend Rs.2/- Per Share","1","17-Nov-2011","18-Nov-2011","-","-"
"ALLCARGO","Allcargo Logistics Limited","EQ","Interim Dividend Re.1/- Per Share","2","17-Nov-2011","18-Nov-2011","-","-"
"ASTRAL","Astral Limited","EQ","Interim Dividend Re.0.50 Per Share","1","17-Nov-2011","19-Nov-2011","-","-"
"XLENERGY","XL Energy Limited","EQ","Annual General Meeting","10","17-Nov-2011","-","19-Nov-2011","24-Nov-2011"
"CASTEXTECH","Castex Technologies Limited","EQ","Bonus 1:1","2","21-Nov-2011","22-Nov-2011","-","-"
"BURNPUR","Burnpur Cement Limited","EQ","Annual General Meeting","10","21-Nov-2011","-","23-Nov-2011","30-Nov-2011"
"SHRIRAMFIN","Shriram Finance Limited","EQ","Interim Dividend Rs.2.50 Per Share","2","21-Nov-2011","22-Nov-2011","-","-"
"TIMKEN","Timken India Limited","EQ","Interim Dividend Rs.20/- Per Share","10","21-Nov-2011","22-Nov-2011","-","-"
"SRF","SRF Limited","EQ","Interim Dividend Rs.7/- Per Share","10","22-Nov-2011","23-Nov-2011","-","-"
"ELFORGE","EL Forge Limited","EQ","Annual General Meeting","10","22-Nov-2011","-","24-Nov-2011","30-Nov-2011"
"JINDALSAW","Jindal Saw Limited","EQ","Scheme Of Arrangement","1","22-Nov-2011","23-Nov-2011","-","-"
"SOLARINDS","Solar Industries India Limited","EQ","Interim Dividend Rs.5/- Per Share","2","22-Nov-2011","23-Nov-2011","-","-"
"AMBIKCO","Ambika Cotton Mills Limited","EQ","Interim Dividend Rs.2/- Per Share","10","22-Nov-2011","23-Nov-2011","-","-"
"NOVOPANIND","Novopan Industries Limited","EQ","Annual General Meeting","10","23-Nov-2011","-","25-Nov-2011","28-Nov-2011"
"MONSANTO","Monsanto India Limited","EQ","Interim Dividend Rs.10/- Per Share","10","23-Nov-2011","24-Nov-2011","-","-"
"CIMMCO","Cimmco Limited","EQ","Annual General Meeting","10","24-Nov-2011","-","28-Nov-2011","05-Dec-2011"
"BLISSGVS","Bliss GVS Pharma Limited","EQ","Interim Dividend Re.0.35 Per Share","1","24-Nov-2011","25-Nov-2011","-","-"
"PANAMAPET","Panama Petrochem Limited","EQ","Interim Dividend Rs.3/- Per Share","2","24-Nov-2011","25-Nov-2011","-","-"
"INFINITE","Infinite Computer Solutions (India) Limited","EQ","Interim Dividend Rs.4/- Per Share","10","24-Nov-2011","25-Nov-2011","-","-"
"GABRIEL","Gabriel India Limited","EQ","Interim Dividend Re.0.40 Per Share","1","24-Nov-2011","25-Nov-2011","-","-"
"COMPUAGE","Compuage Infocom Limited","EQ","Interim Dividend Of Re.1/- Per Share","10","25-Nov-2011","28-Nov-2011","-","-"
"BALLARPUR","Ballarpur Industries Limited","EQ","Dividend Re.0.60 Per Share","2","01-Dec-2011","-","03-Dec-2011","16-Dec-2011"
"GLOBOFFS","Global Offshore Services Limited","EQ","Interim Dividend Re.0.60 Per Share","10","07-Dec-2011","08-Dec-2011","-","-"
"EMBDL","Embassy Developments Limited","EQ","Scheme Of Arrangement","2","07-Dec-2011","08-Dec-2011","-","-"
"BECREL","Best & Crompton Engg. Limited","EQ","Annual General Meeting","10","08-Dec-2011","-","12-Dec-2011","19-Dec-2011"
"GOLDENTOBC","Golden Tobacco Limited","EQ","Annual General Meeting","10","08-Dec-2011","-","10-Dec-2011","17-Dec-2011"
"CANDC","C & C Constructions Limited","EQ","Annual General Meeting And Dividend Rs.2.75 Per Share","10","08-Dec-2011","-","12-Dec-2011","15-Dec-2011"
"SHARONBIO","Sharon Bio-Medicine Limited","EQ","Annual General Meeting And Dividend Rs.1.80 Per Share","2","08-Dec-2011","-","12-Dec-2011","19-Dec-2011"
"KUNDANMM","Kundan Minerals and Metals Limited","EQ","Annual General Meeting","10","08-Dec-2011","-","12-Dec-2011","15-Dec-2011"
"SICAL","Sical Logistics Limited","EQ","Annual General Meeting","10","12-Dec-2011","-","14-Dec-2011","19-Dec-2011"
"JSWISPAT","JSW ISPAT Steel Limited","EQ","Annual General Meeting","10","12-Dec-2011","-","14-Dec-2011","20-Dec-2011"
"INDLMETER","IMP Powers Limited","EQ","Annual General Meeting / Dividend Re 1 Per Share","10","12-Dec-2011","-","14-Dec-2011","21-Dec-2011"
"DUNCANSIND","Duncans Industries Limited","EQ","Annual General Meeting","10","12-Dec-2011","-","14-Dec-2011","20-Dec-2011"
"NESTLEIND","Nestle India Limited","EQ","2nd Interim Dividend Rs.27/- Per Share (Purpose Revised)","1","12-Dec-2011","13-Dec-2011","-","-"
"KEMROCK","Kemrock Industries and Exports Limited","EQ","Annual General Meeting And Dividend Rs.2/- Per Share","10","12-Dec-2011","-","14-Dec-2011","16-Dec-2011"
"GVT&D","GE Vernova T&D India Limited","EQ","Scheme Of Arrangement","2","14-Dec-2011","15-Dec-2011","-","-"
"SGFL","Shree Ganesh Forgings Limited","EQ","Annual General Meeting","10","15-Dec-2011","-","19-Dec-2011","28-Dec-2011"
"NOESISIND","Noesis Industries Limited","EQ","Annual General Meeting","10","15-Dec-2011","-","17-Dec-2011","20-Dec-2011"
"DPSCLTD","DPSC Limited","EQ","Bonus 22:1 And Face Value Split From Rs.10/- To Re.1/-","1","15-Dec-2011","16-Dec-2011","-","-"
"SURANACORP","Surana Corporation Limited","EQ","Interim Dividend Re.1/- Per Share","10","15-Dec-2011","16-Dec-2011","-","-"
"USHERAGRO","Usher Agro Limited","EQ","Annual General Meeting And Dividend Rs.1.50 Per Share","10","15-Dec-2011","-","17-Dec-2011","20-Dec-2011"
"MANINDS","Man Industries (India) Limited","EQ","Annual General Meeting / Dividend - Rs.2 Per Share","5","15-Dec-2011","-","19-Dec-2011","23-Dec-2011"
"OUDHSUG","The Oudh Sugar Mills Limited","EQ","Annual General Meeting","10","16-Dec-2011","-","20-Dec-2011","28-Dec-2011"
"UBL","United Breweries Limited","EQ","Annual General Meeting / Dividend Re 0.60 Per Share","1","16-Dec-2011","-","20-Dec-2011","21-Dec-2011"
"SB&TINTL","SB&T International Limited","EQ","Annual General Meeting / Dividend Re 0.10 Per Share","10","16-Dec-2011","-","20-Dec-2011","23-Dec-2011"
"DCMFINSERV","DCM Financial Services Limited","EQ","Annual General Meeting","10","16-Dec-2011","-","20-Dec-2011","29-Dec-2011"
"GFLLIMITED","GFL Limited","EQ","1st Interim Dividend Rs.2/- Per Share","1","16-Dec-2011","19-Dec-2011","-","-"
"NOVAELEMAG","Nova Electro Magnetics Limited","EQ","Annual General Meeting","10","16-Dec-2011","-","20-Dec-2011","27-Dec-2011"
"SOUISPAT","Southern Ispat And Energy Limited","EQ","Annual General Meeting","1","19-Dec-2011","-","21-Dec-2011","26-Dec-2011"
"MIC","MIC Electronics Limited","EQ","Annual General Meeting","2","19-Dec-2011","-","21-Dec-2011","27-Dec-2011"
"EMPEESUG","Empee Sugars and Chemicals Limited","EQ","Annual General Meeting","10","19-Dec-2011","-","21-Dec-2011","28-Dec-2011"
"UPERGANGES","Upper Ganges Sugar & Industries Limited","EQ","Annual General Meeting","10","20-Dec-2011","-","22-Dec-2011","29-Dec-2011"
"COLPAL","Colgate Palmolive (India) Limited","EQ","2nd Interim Dividend - Rs.9/- Per Share (Purpose Revised)","1","20-Dec-2011","21-Dec-2011","-","-"
"NOVASTEEL","Nova Steel India Limited","EQ","Annual General Meeting","10","20-Dec-2011","-","22-Dec-2011","30-Dec-2011"
"GSS","GSS Infotech Limited","EQ","Annual General Meeting","10","22-Dec-2011","-","26-Dec-2011","30-Dec-2011"
"JDORGOCHEM","JD Orgochem Limited","EQ","Annual General Meeting","1","22-Dec-2011","-","26-Dec-2011","30-Dec-2011"
"ANDHRACEMT","Andhra Cements Limited","EQ","Annual General Meeting","10","22-Dec-2011","-","24-Dec-2011","30-Dec-2011"
"AUTOIND","Autoline Industries Limited","EQ","Dividend-Rs.3/- Per Share","10","22-Dec-2011","-","24-Dec-2011","30-Dec-2011"
"FEDDERELEC","Fedders Electric and Engineering Limited","EQ","Annual General Meeting / Dividend - Rs.1.50 Per Share","10","22-Dec-2011","-","24-Dec-2011","29-Dec-2011"
"IOLN","IOL Netcom Limited","EQ","Annual General Meeting","10","22-Dec-2011","-","26-Dec-2011","30-Dec-2011"
"GTLINFRA","GTL Infrastructure Limited","EQ","Annual General Meeting","10","22-Dec-2011","-","26-Dec-2011","26-Dec-2011"
"NEPCTEX","Nepc Textiles Limited","EQ","Annual General Meeting","10","22-Dec-2011","-","26-Dec-2011","30-Dec-2011"
"PIRPHYTO","Piramal Phytocare Limited","EQ","Scheme Of Arrangement","10","23-Dec-2011","26-Dec-2011","-","-"
"AMTEKAUTO","Amtek Auto Limited","EQ","Annual General Meeting And Dividend Re.1/- Per Share","2","26-Dec-2011","-","28-Dec-2011","31-Dec-2011"
"CASTEXTECH","Castex Technologies Limited","EQ","Annual General Meeting And Dividend Re.0.40 Per Share","2","26-Dec-2011","-","28-Dec-2011","31-Dec-2011"
"SHLAKSHMI","Shri Lakshmi Cotsyn Limited","EQ","Annual General Meeting / Dividend Rs 3 Per Share","10","26-Dec-2011","-","28-Dec-2011","30-Dec-2011"
"GUJSTATFIN","Gujarat State Financial Corporation","EQ","Annual General Meeting","10","26-Dec-2011","-","28-Dec-2011","30-Dec-2011"
"METALFORGE","Metalyst Forgings Limited","EQ","Annual General Meeting And Dividend Rs.2/- Per Share","10","26-Dec-2011","-","28-Dec-2011","31-Dec-2011"
"ALFALAVAL","Alfa Laval (India) Limited","EQ","Interim Divided - Rs.30/- Per Share","10","26-Dec-2011","27-Dec-2011","-","-"
"JHS","JHS Svendgaard Laboratories Limited","EQ","Dividend-Re.0.75 Per Share","10","26-Dec-2011","-","28-Dec-2011","31-Dec-2011"
"SARTHAKIND","Sarthak Industries Limited","EQ","Annual General Meeting","10","26-Dec-2011","-","28-Dec-2011","30-Dec-2011"
"CORAL-HUB","Coral Hub Limited","EQ","Annual General Meeting","10","26-Dec-2011","-","28-Dec-2011","30-Dec-2011"
"ASHCONIUL","Ashco Niulab Industries Limited","EQ","Annual General Meeting","10","27-Dec-2011","-","29-Dec-2011","30-Dec-2011"
"TRICOM","Tricom India Limited","EQ","Annual General Meeting And Dividend Re.0.20 Per Share","2","27-Dec-2011","-","29-Dec-2011","31-Dec-2011"
"NEHAINT","Neha International Limited","EQ","Annual General Meeting","10","27-Dec-2011","-","29-Dec-2011","30-Dec-2011"
"KSOILS","K S Oils Limited","EQ","Annual General Meeting","1","28-Dec-2011","-","30-Dec-2011","30-Dec-2011"
"CLUTCHAUTO","Clutch Auto Limited","EQ","Annual Book Closure","10","28-Dec-2011","-","30-Dec-2011","30-Dec-2011"
"MUNJALAU","Munjal Auto Industries Limited","EQ","Face Value Split From Rs.10/- To Rs.2/-","2","29-Dec-2011","30-Dec-2011","-","-"