"SYMBOL","COMPANY NAME","SERIES","PURPOSE","FACE VALUE","EX-DATE","RECORD DATE","BOOK CLOSURE START DATE","BOOK CLOSURE END DATE"
"717GS2028","GOVERNMENT OF INDIA","GS"," Interest Payment","100","06-Jan-2020","07-Jan-2020","-","-"
"833GS2026","GOVERNMENT OF INDIA","GS"," Interest Payment","100","07-Jan-2020","08-Jan-2020","-","-"
"RITES","RITES Limited","EQ"," Interim Dividend-Rs 6 Per Share","10","09-Jan-2020","10-Jan-2020","-","-"
"759GS2026","GOVERNMENT OF INDIA","GS"," Interest Payment","100","09-Jan-2020","10-Jan-2020","-","-"
"726GS2029","GOVERNMENT OF INDIA","GS"," Interest Payment","100","10-Jan-2020","13-Jan-2020","-","-"
"617GS2021","GOVERNMENT OF INDIA","GS"," Interest Payment","100","13-Jan-2020","14-Jan-2020","-","-"
"JVLAGRO","JVL Agro Industries Limited","EQ"," Annual General Meeting","1","14-Jan-2020","-","16-Jan-2020","21-Jan-2020"
"SIS","SIS LIMITED","EQ"," Face Value Split (Sub-Division) - From Rs 10/- Per Share To Rs 5/- Per Share","5","15-Jan-2020","16-Jan-2020","-","-"
"683GS2039","GOVERNMENT OF INDIA","GS"," Interest Payment","100","16-Jan-2020","18-Jan-2020","-","-"
"700GS2021","GOI LOAN 7.00% 2021","GS"," Interest Payment","100","17-Jan-2020","20-Jan-2020","-","-"
"SUVEN","Suven Life Sciences Limited","EQ"," Demerger","1","21-Jan-2020","22-Jan-2020","-","-"
"DELTACORP","Delta Corp Limited","EQ"," Interim Dividend - Rs 0.75 Per Share","1","22-Jan-2020","23-Jan-2020","-","-"
"TCS","Tata Consultancy Services Limited","EQ"," Interim Dividend - Rs 5 Per Share","1","23-Jan-2020","25-Jan-2020","-","-"
"ASTERDM","Aster DM Healthcare Limited","EQ"," Buy Back","10","23-Jan-2020","24-Jan-2020","-","-"
"VALUEIND","Value Industries Limited","EQ"," Annual General Meeting","10","24-Jan-2020","-","28-Jan-2020","04-Feb-2020"
"WIPRO","Wipro Limited","EQ"," Interim Dividend - Re 1 Per Share","2","24-Jan-2020","27-Jan-2020","-","-"
"84GS2024","GOVERNMENT OF INDIA","GS"," Interest Payment","100","24-Jan-2020","27-Jan-2020","-","-"
"732GS2024","GOVERNMENT OF INDIA","GS"," Interest Payment","100","24-Jan-2020","27-Jan-2020","-","-"
"HCLTECH","HCL Technologies Limited","EQ"," Interim Dividend - Rs 2 Per Share","2","24-Jan-2020","27-Jan-2020","-","-"
"INDIGRID","IndiGrid Infrastructure Trust","IV"," Distribution","100","27-Jan-2020","28-Jan-2020","-","-"
"360ONE","360 ONE WAM LIMITED","EQ"," Interim Dividend- Rs 10 Per Share","1","29-Jan-2020","30-Jan-2020","-","-"
"PRATIBHA","Pratibha Industries Limited","EQ"," Annual General Meeting","2","30-Jan-2020","-","03-Feb-2020","10-Feb-2020"
"826GS2027","GOVERNMENT OF INDIA","GS"," Interest Payment","100","30-Jan-2020","01-Feb-2020","-","-"
"808GS2022","GOVERNMENT OF INDIA","GS"," Interest Payment","100","30-Jan-2020","01-Feb-2020","-","-"
"GRANULES","Granules India Limited","EQ"," Interim Dividend - Re 0.25 Per Share","1","30-Jan-2020","31-Jan-2020","-","-"
"832GS2032","GOVERNMENT OF INDIA","GS"," Interest Payment","100","30-Jan-2020","01-Feb-2020","-","-"
"GMMPFAUDLR","GMM Pfaudler Limited","EQ"," Interim Dividend - Re 1 Per Share","2","30-Jan-2020","31-Jan-2020","-","-"
"MOTILALOFS","Motilal Oswal Financial Services Limited","EQ"," Interim Dividend-Rs 4 Per Share","1","31-Jan-2020","03-Feb-2020","-","-"
"SHARDACROP","Sharda Cropchem Limited","EQ"," Interim Dividend Rs 2 Per Share","10","31-Jan-2020","03-Feb-2020","-","-"
"TCIEXP","TCI Express Limited","EQ"," Interim Dividend - Rs 1.50 Per Share","2","03-Feb-2020","04-Feb-2020","-","-"
"NAM-INDIA","Nippon Life India Asset Management Limited","EQ"," Interim Dividend - Rs 3 Per Share","10","03-Feb-2020","04-Feb-2020","-","-"
"DBCORP","D.B.Corp Limited","EQ"," Interim Dividend Rs 3.5 Per Share","10","03-Feb-2020","04-Feb-2020","-","-"
"RBL","Rane Brake Lining Limited","EQ"," Interim Dividend - Rs 6 Per Share","10","03-Feb-2020","04-Feb-2020","-","-"
"SIEMENS","Siemens Limited","EQ"," Dividend - Rs 7 Per Share","2","03-Feb-2020","-","05-Feb-2020","11-Feb-2020"
"CONTROLPR","Control Print Limited","EQ"," Interim Dividend Rs 3.5 Per Share","10","04-Feb-2020","05-Feb-2020","-","-"
"SHRIPISTON","Shriram Pistons & Rings Limited","EQ"," Interim Dividend - Rs 3 Per Share","10","05-Feb-2020","06-Feb-2020","-","-"
"ACCELYA","Accelya Solutions India Limited","EQ"," Interim Dividend - Rs 10 Per Share","10","05-Feb-2020","06-Feb-2020","-","-"
"GODREJCP","Godrej Consumer Products Limited","EQ"," Interim Dividend - Rs 2 Per Share","1","05-Feb-2020","06-Feb-2020","-","-"
"VINATIORGA","Vinati Organics Limited","EQ"," Face Value Split (Sub-Division) - From Rs 2/- Per Share To Rs 1/- Per Share","1","05-Feb-2020","06-Feb-2020","-","-"
"ALKALI","Alkali Metals Limited","EQ"," Interim Dividend -Rs 1 Per Share","10","05-Feb-2020","06-Feb-2020","-","-"
"BAJAJELEC","Bajaj Electricals Limited","EQ"," Rights 13:118 @ Premium Rs 308/-","2","05-Feb-2020","06-Feb-2020","-","-"
"ORIENTELEC","Orient Electric Limited","EQ"," Interim Dividend - Rs 0.65 Per Share","1","06-Feb-2020","07-Feb-2020","-","-"
"MANAPPURAM","Manappuram Finance Limited","EQ"," Interim Dividend - Rs 0.55 Per Share","2","06-Feb-2020","07-Feb-2020","-","-"
"ZENSARTECH","Zensar Technologies Limited","EQ"," Interim Dividend - Re 1 Per Share","2","06-Feb-2020","07-Feb-2020","-","-"
"DCMSHRIRAM","DCM Shriram Limited","EQ"," Interim Dividend - Rs 4.20 Per Share","2","06-Feb-2020","07-Feb-2020","-","-"
"MARICO","Marico Limited","EQ"," Interim Dividend - Rs 3.25 Per Share","1","06-Feb-2020","07-Feb-2020","-","-"
"CCL","CCL Products (India) Limited","EQ"," Interim Dividend - Rs 2 Per Share","2","06-Feb-2020","07-Feb-2020","-","-"
"PERSISTENT","Persistent Systems Limited","EQ"," Interim Dividend - Rs 9 Per Share","5","06-Feb-2020","07-Feb-2020","-","-"
"KKCL","Kewal Kiran Clothing Limited","EQ"," Interim Dividend - Rs 15 Per Share","10","06-Feb-2020","07-Feb-2020","-","-"
"75GS2034","GOVERNMENT OF INDIA","GS"," Interest Payment","100","06-Feb-2020","07-Feb-2020","-","-"
"BSOFT","BIRLASOFT LIMITED","EQ"," Interim Dividend - Re 1 Per Share","2","07-Feb-2020","10-Feb-2020","-","-"
"COFORGE","Coforge Limited","EQ"," Interim Dividend - Rs 10 Per Share","2","07-Feb-2020","10-Feb-2020","-","-"
"VAIBHAVGBL","Vaibhav Global Limited","EQ"," Interim Dividend - Rs 7 Per Share","2","07-Feb-2020","10-Feb-2020","-","-"
"CUMMINSIND","Cummins India Limited","EQ"," Interim Dividend - Rs 7 Per Share","2","07-Feb-2020","10-Feb-2020","-","-"
"AEGISLOG","Aegis Logistics Limited","EQ"," Interim Dividend - Rs 0.50 Per Share","1","07-Feb-2020","10-Feb-2020","-","-"
"SRF","SRF Limited","EQ"," Interim Dividend - Rs 7 Per Share","10","10-Feb-2020","11-Feb-2020","-","-"
"BROOKS","Brooks Laboratories Limited","EQ"," Rights 9:20 @ Premium Rs 10/-","10","11-Feb-2020","12-Feb-2020","-","-"
"TVSMOTOR","TVS Motor Company Limited","EQ"," Interim Dividend - Rs 2.10 Per Share","1","11-Feb-2020","12-Feb-2020","-","-"
"BEL","Bharat Electronics Limited","EQ"," Interim Dividend - Rs 1.40 Per Share","1","11-Feb-2020","12-Feb-2020","-","-"
"KPRMILL","K.P.R. Mill Limited","EQ"," Interim Dividend - Rs 3.75 Per Share","1","11-Feb-2020","12-Feb-2020","-","-"
"RECLTD","REC Limited","EQ"," Interim Dividend - Rs 11 Per Share","10","11-Feb-2020","12-Feb-2020","-","-"
"IRBINVIT","IRB InvIT Fund","IV"," Third Distribution - Interest Payment Rs 2 Per Unit/ Return Of Capital Re 0.70 Per Unit","102","12-Feb-2020","13-Feb-2020","-","-"
"ARROWGREEN","Arrow Greentech Limited","EQ"," Rights 1:5 @ Premium Rs 26/-","10","12-Feb-2020","13-Feb-2020","-","-"
"DHAMPURSUG","Dhampur Sugar Mills Limited","EQ"," Interim Dividend - Rs 6 Per Share","10","12-Feb-2020","13-Feb-2020","-","-"
"DLF","DLF Limited","EQ"," Interim Dividend - Rs 1.20 Per Share","2","12-Feb-2020","13-Feb-2020","-","-"
"WELCORP","Welspun Corp Limited","EQ"," Interim Dividend - Rs 10 Per Share","5","12-Feb-2020","13-Feb-2020","-","-"
"METROPOLIS","Metropolis Healthcare Limited","EQ"," Interim Dividend - Rs 8 Per Share","2","13-Feb-2020","15-Feb-2020","-","-"
"SAMMAANCAP","Sammaan Capital Limited","EQ"," Interim Dividend - Rs 6 Per Share","2","13-Feb-2020","15-Feb-2020","-","-"
"IIFLCAPS","IIFL Capital Services Limited","EQ"," Interim Dividend - Rs 2 Per Share","2","13-Feb-2020","15-Feb-2020","-","-"
"TI","Tilaknagar Industries Limited","EQ"," Extra Ordinary General Meeting","10","13-Feb-2020","15-Feb-2020","-","-"
"SUPRAJIT","Suprajit Engineering Limited","EQ"," Interim Dividend - Rs 0.75 Per Share","1","13-Feb-2020","14-Feb-2020","-","-"
"MOIL","MOIL Limited","EQ"," Interim Dividend - Rs 3 Per Share","10","13-Feb-2020","14-Feb-2020","-","-"
"KEC","KEC International Limited","EQ"," Interim Dividend - Rs 3.4 Per Share","2","13-Feb-2020","15-Feb-2020","-","-"
"BLS","BLS International Services Limited","EQ"," Interim Dividend - Rs 0.50 Per Share","1","13-Feb-2020","14-Feb-2020","-","-"
"824GS2027","GOVERNMENT OF INDIA","GS"," Interest Payment","100","13-Feb-2020","14-Feb-2020","-","-"
"828GS2032","GOVERNMENT OF INDIA","GS"," Interest Payment","100","13-Feb-2020","14-Feb-2020","-","-"
"82GS2022","GOVERNMENT OF INDIA","GS"," Interest Payment","100","13-Feb-2020","14-Feb-2020","-","-"
"ARCHIDPLY","Archidply Industries Limited","EQ"," Demerger","10","13-Feb-2020","14-Feb-2020","-","-"
"ALKEM","Alkem Laboratories Limited","EQ"," Interim Dividend - Rs 22 Per Share","2","13-Feb-2020","15-Feb-2020","-","-"
"ENGINERSIN","Engineers India Limited","EQ"," Interim Dividend - Rs 3.60 Per Share","5","14-Feb-2020","17-Feb-2020","-","-"
"STARCEMENT","Star Cement Limited","EQ"," Interim Dividend - Re 1 Per Share","1","17-Feb-2020","18-Feb-2020","-","-"
"NHPC","NHPC Limited","EQ"," Int Dividend - Rs 1.18 Per Share","10","17-Feb-2020","19-Feb-2020","-","-"
"UNOMINDA","UNO Minda Limited","EQ"," Interim Dividend - Rs 0.40 Per Share","2","17-Feb-2020","18-Feb-2020","-","-"
"OSEINTRUST","Oriental InfraTrust","IV"," Distribution - Rs 0.51 Per Unit","100","17-Feb-2020","19-Feb-2020","-","-"
"VIKASPROP","Vikas Proppant & Granite Limited","EQ"," Interim Dividend - Re 0.10 Per Share","1","17-Feb-2020","18-Feb-2020","-","-"
"AARTIDRUGS","Aarti Drugs Limited","EQ"," Interim Dividend - Rs 2 Per Share","10","17-Feb-2020","18-Feb-2020","-","-"
"SYMPHONY","Symphony Limited","EQ"," Interim Dividend - Rs 2 Per Share/ Splecial Dividend - Rs 18 Per Share","2","17-Feb-2020","19-Feb-2020","-","-"
"HEROMOTOCO","Hero MotoCorp Limited","EQ"," Interim Dividend - Rs 65 Per Sh","2","17-Feb-2020","18-Feb-2020","-","-"
"ADFFOODS","ADF Foods Limited","EQ"," Interim Dividend - Rs 1.5 Per Share","2","17-Feb-2020","19-Feb-2020","-","-"
"HIKAL","Hikal Limited","EQ"," Interim Dividend - Re 1 Per Share","2","17-Feb-2020","18-Feb-2020","-","-"
"GAIL","GAIL (India) Limited","EQ"," Interim Dividend - Rs 6.4 Per Share","10","17-Feb-2020","18-Feb-2020","-","-"
"SUNPHARMA","Sun Pharmaceutical Industries Limited","EQ"," Interim Dividend - Rs 3 Per Share","1","17-Feb-2020","18-Feb-2020","-","-"
"ASTRAL","Astral Limited","EQ"," Interim Dividend - Re 0.60 Per Share","1","17-Feb-2020","19-Feb-2020","-","-"
"IFGLEXPOR","IFGL Refractories Limited","EQ"," Interim Dividend - Rs 2.50 Per Share","10","17-Feb-2020","19-Feb-2020","-","-"
"DALBHARAT","Dalmia Bharat Limited","EQ"," Interim Dividend - Rs 2 Per Share","2","17-Feb-2020","18-Feb-2020","-","-"
"KPITTECH","KPIT Technologies Limited","EQ"," Interim Dividend - Rs 0.55 Per Share","10","17-Feb-2020","18-Feb-2020","-","-"
"HEG","HEG Limited","EQ"," Interim Dividend - Rs 25 Per Share","2","17-Feb-2020","19-Feb-2020","-","-"
"AUROPHARMA","Aurobindo Pharma Limited","EQ"," Interim Dividend - Rs 1.75 Per Share","1","17-Feb-2020","18-Feb-2020","-","-"
"RANEHOLDIN","Rane Holdings Limited","EQ"," Interim Dividend - Rs 4 Per Share","10","17-Feb-2020","18-Feb-2020","-","-"
"MINDACORP","Minda Corporation Limited","EQ"," Int Dividend - Rs 0.35 Per Share","2","17-Feb-2020","19-Feb-2020","-","-"
"RITES","RITES Limited","EQ"," Interim Dividend - Rs 4 Per Share","10","17-Feb-2020","18-Feb-2020","-","-"
"SANDHAR","Sandhar Technologies Limited","EQ"," Interim Dividend - Rs 1.25 Per Share","10","18-Feb-2020","20-Feb-2020","-","-"
"NEULANDLAB","Neuland Laboratories Limited","EQ"," Interim Dividend - Rs 2 Per Share","10","18-Feb-2020","20-Feb-2020","-","-"
"VRLLOG","VRL Logistics Limited","EQ"," Interim Dividend - Rs 3 Per Share","10","18-Feb-2020","21-Feb-2020","-","-"
"SATIA","Satia Industries Limited","EQ"," Interim Dividend - Re 0.15 Per Share","1","18-Feb-2020","22-Feb-2020","-","-"
"BODALCHEM","Bodal Chemicals Limited","EQ"," Interim Dividend - Re 0.80 Per Share","2","18-Feb-2020","21-Feb-2020","-","-"
"MAANALU","Maan Aluminium Limited","EQ"," Interim Dividend - Re 1 Per Share","5","18-Feb-2020","20-Feb-2020","-","-"
"VISAKAIND","Visaka Industries Limited","EQ"," Int Dividend - Rs 10 Per Share","2","18-Feb-2020","20-Feb-2020","-","-"
"ALKYLAMINE","Alkyl Amines Chemicals Limited","EQ"," Interim Dividend - Rs 10 Per Share","2","18-Feb-2020","20-Feb-2020","-","-"
"AMRUTANJAN","Amrutanjan Health Care Limited","EQ"," Interim Dividend - Re 1.55 Per Share","1","18-Feb-2020","21-Feb-2020","-","-"
"TORNTPOWER","Torrent Power Limited","EQ"," Interim Dividend - Rs 11.60 Per Share","10","18-Feb-2020","20-Feb-2020","-","-"
"KITEX","Kitex Garments Limited","EQ"," Interim Dividend - Re 1.50 Per Share","1","18-Feb-2020","22-Feb-2020","-","-"
"GSCLCEMENT","Gujarat Sidhee Cement Limited","EQ"," Interim Dividend - Re 1 Per Share","10","18-Feb-2020","20-Feb-2020","-","-"
"VIDHIING","Vidhi Specialty Food Ingredients Limited","EQ"," Interim Dividend - Re 0.40 Per Share","1","18-Feb-2020","21-Feb-2020","-","-"
"LUXIND","Lux Industries Limited","EQ"," Interim Dividend - Rs 10 Per Share","2","18-Feb-2020","21-Feb-2020","-","-"
"INDNIPPON","India Nippon Electricals Limited","EQ"," Interim Dividend - Rs 3 Per Share","5","18-Feb-2020","20-Feb-2020","-","-"
"NRBBEARING","NRB Bearing Limited","EQ"," Interim Dividend - Rs 0.80 Per Share","2","18-Feb-2020","21-Feb-2020","-","-"
"HITECHGEAR","The Hi-Tech Gears Limited","EQ"," Interim Dividend - Rs 1.50 Per Share","10","18-Feb-2020","22-Feb-2020","-","-"
"ADVANIHOTR","Advani Hotels & Resorts (India) Limited","EQ"," Interim Dividend - Rs 1.10 Per Share","2","18-Feb-2020","21-Feb-2020","-","-"
"CESC","CESC Limited","EQ"," Interim Dividend - Rs 20 Per Share","1","18-Feb-2020","20-Feb-2020","-","-"
"NAUKRI","Info Edge (India) Limited","EQ"," Interim Dividend - Rs 3.50 Per Share","2","18-Feb-2020","20-Feb-2020","-","-"
"PAGEIND","Page Industries Limited","EQ"," Interim Dividend - Rs 58 Per Share","10","18-Feb-2020","22-Feb-2020","-","-"
"SUNDARMFIN","Sundaram Finance Limited","EQ"," Interim Dividend - Rs 10 Per Share","10","18-Feb-2020","21-Feb-2020","-","-"
"SHREYANIND","Shreyans Industries Limited","EQ"," Interim Dividend - Rs 3 Per Share","10","18-Feb-2020","21-Feb-2020","-","-"
"NATIONALUM","National Aluminium Company Limited","EQ"," Interim Dividend - Rs 1.5 Per Share","5","18-Feb-2020","20-Feb-2020","-","-"
"IPCALAB","IPCA Laboratories Limited","EQ"," Interim Dividend - Rs 5 Per Share","1","18-Feb-2020","20-Feb-2020","-","-"
"DWARKESH","Dwarikesh Sugar Industries Limited","EQ"," Interim Dividend - Re 1 Per Share","1","18-Feb-2020","20-Feb-2020","-","-"
"KAJARIACER","Kajaria Ceramics Limited","EQ"," Interim Dividend - Rs 3 Per Share","1","18-Feb-2020","20-Feb-2020","-","-"
"NMDC","NMDC Limited","EQ"," Interim Dividend - Rs 5.29 Per Share","1","18-Feb-2020","21-Feb-2020","-","-"
"TRIVENI","Triveni Engineering & Industries Limited","EQ"," Interim Dividend - Re 1.1 Per Share","1","18-Feb-2020","20-Feb-2020","-","-"
"CENTURYPLY","Century Plyboards (India) Limited","EQ"," Interim Dividend - Re 1 Per Share","1","18-Feb-2020","21-Feb-2020","-","-"
"CONCOR","Container Corporation of India Limited","EQ"," Int Dividend - Rs 0.75 Per Share","5","18-Feb-2020","20-Feb-2020","-","-"
"MIRZAINT","Mirza International Limited","EQ"," Interim Dividend - Rs 0.90 Per Share","2","18-Feb-2020","20-Feb-2020","-","-"
"MRF","MRF Limited","EQ"," Interim Dividend - Rs 3 Per Share","10","18-Feb-2020","21-Feb-2020","-","-"
"PRECWIRE","Precision Wires India Limited","EQ"," Interim Dividend - Rs 1 Per Share","1","18-Feb-2020","21-Feb-2020","-","-"
"FINEORG","Fine Organic Industries Limited","EQ"," Interim Dividend - Rs 4 Per Share","5","18-Feb-2020","21-Feb-2020","-","-"
"IRCON","Ircon International Limited","EQ"," Interim Dividend - Rs 13.45 Per Share","2","20-Feb-2020","24-Feb-2020","-","-"
"EMBASSY","Embassy Office Parks REIT","RR"," Distribution - Rs 6.10 Per Unit","300","20-Feb-2020","24-Feb-2020","-","-"
"MAZDA","Mazda Limited","EQ"," Interim Dividend - Rs 7.5 Per Share","2","20-Feb-2020","24-Feb-2020","-","-"
"COSMOFIRST","COSMO FIRST LIMITED","EQ"," Interim Dividend - Rs 15 Per Share","10","20-Feb-2020","24-Feb-2020","-","-"
"OIL","Oil India Limited","EQ"," Interim Dividend - Rs 9 Per Share","10","20-Feb-2020","24-Feb-2020","-","-"
"LTFOODS","LT Foods Limited","EQ"," Interim Dividend- Re 0.50 Per Share","1","20-Feb-2020","24-Feb-2020","-","-"
"HGS","Hinduja Global Solutions Limited","EQ"," Interim Dividend - Rs 15 Per Share","10","20-Feb-2020","24-Feb-2020","-","-"
"CARERATING","CARE Ratings Limited","EQ"," Interim Dividend - Rs 6 Per Share","10","20-Feb-2020","24-Feb-2020","-","-"
"ANTELOPUS","Antelopus Selan Energy Limited","EQ"," Interim Dividend - Rs 5 Per Share","10","20-Feb-2020","24-Feb-2020","-","-"
"INFOBEAN","InfoBeans Technologies Limited","EQ"," Interim Dividend - Re 1 Per Share","10","24-Feb-2020","25-Feb-2020","-","-"
"BALAJITELE","Balaji Telefilms Limited","EQ"," Interim Dividend - Rs 0.40 Per Share","2","24-Feb-2020","25-Feb-2020","-","-"
"SWSOLAR","Sterling and Wilson Renewable Energy Limited","EQ"," Interim Dividend - Rs 6 Per Share","1","24-Feb-2020","25-Feb-2020","-","-"
"VEEDOL","Veedol Corporation Limited","EQ"," Interim Dividend - Rs 60 Per Share","2","24-Feb-2020","25-Feb-2020","-","-"
"PIIND","PI Industries Limited","EQ"," Interim Dividend - Rs 3 Per Share","1","24-Feb-2020","25-Feb-2020","-","-"
"TDPOWERSYS","TD Power Systems Limited","EQ"," Interim Dividend - Rs 1.50 Per Share","2","24-Feb-2020","25-Feb-2020","-","-"
"MAYURUNIQ","Mayur Uniquoters Ltd","EQ"," Interim Dividend - Rs 1.50 Per Share","5","24-Feb-2020","25-Feb-2020","-","-"
"BDL","Bharat Dynamics Limited","EQ"," Interim Dividend - Rs 6.25 Per Share","5","24-Feb-2020","25-Feb-2020","-","-"
"SUNTV","Sun TV Network Limited","EQ"," Interim Dividend-Rs 7.5 Per Share","5","24-Feb-2020","25-Feb-2020","-","-"
"SHREECEM","SHREE CEMENT LIMITED","EQ"," Interim Dividend - Rs 110 Per Share","10","24-Feb-2020","25-Feb-2020","-","-"
"APCOTEXIND","Apcotex Industries Limited","EQ"," Interim Dividend - Rs 3 Per Share","2","24-Feb-2020","25-Feb-2020","-","-"
"AVTNPL","AVT Natural Products Limited","EQ"," Interim Dividend - Rs 0.25 Per Share","1","24-Feb-2020","25-Feb-2020","-","-"
"VIPIND","VIP Industries Limited","EQ"," Interim Dividend - Rs 3.2 Per Share","2","24-Feb-2020","25-Feb-2020","-","-"
"GOLDIAM","Goldiam International Limited","EQ"," Interim Dividend - Rs 3 Per Share","2","24-Feb-2020","25-Feb-2020","-","-"
"NATCOPHARM","Natco Pharma Limited","EQ"," Interim Dividend - Rs 3.5 Per Share","2","24-Feb-2020","25-Feb-2020","-","-"
"AARTIIND","Aarti Industries Limited","EQ"," Interim Dividend - Rs 2.5 Per Share","5","24-Feb-2020","25-Feb-2020","-","-"
"BALKRISIND","Balkrishna Industries Limited","EQ"," Interim Dividend - Rs 16 Per Share","2","24-Feb-2020","25-Feb-2020","-","-"
"IRCTC","Indian Railway Catering And Tourism Corporation Limited","EQ"," Interim Dividend - Rs 10 Per Share","2","24-Feb-2020","25-Feb-2020","-","-"
"VARROC","Varroc Engineering Limited","EQ"," Interim Dividend - Rs 3 Per Share","1","25-Feb-2020","26-Feb-2020","-","-"
"PCBL","PCBL Chemical Limited","EQ"," Interim Dividend - Rs 3.5 Per Share Special Dividend - Rs 3.5 Per Share","1","25-Feb-2020","26-Feb-2020","-","-"
"CPCAP","CP Capital Limited","EQ"," Interim Dividend - Re 1 Per Share","10","25-Feb-2020","26-Feb-2020","-","-"
"BIRLANU","BirlaNu Limited","EQ"," Interim Dividend - Rs 10 Per Share","10","25-Feb-2020","26-Feb-2020","-","-"
"DHANUKA","Dhanuka Agritech Limited","EQ"," Interim Dividend - Rs 12 Per Share","2","25-Feb-2020","26-Feb-2020","-","-"
"DALMIASUG","Dalmia Bharat Sugar and Industries Limited","EQ"," Interim Dividend - Rs 2 Per Share","2","25-Feb-2020","26-Feb-2020","-","-"
"SJVN","SJVN Limited","EQ"," Interim Dividend - Rs 1.70 Per Share","10","25-Feb-2020","26-Feb-2020","-","-"
"APOLLOHOSP","Apollo Hospitals Enterprise Limited","EQ"," Interim Dividend - Rs 3.25 Per Share","5","25-Feb-2020","26-Feb-2020","-","-"
"WHEELS","Wheels India Limited","EQ"," Interim Dividend - Rs 3 Per Share","10","25-Feb-2020","26-Feb-2020","-","-"
"DIVISLAB","Divi's Laboratories Limited","EQ"," Interim Dividend - Rs 16 Per Share","2","25-Feb-2020","26-Feb-2020","-","-"
"DYNPRO","Dynemic Products Limited","EQ"," Interim Dividend - Rs 1.50 Per Share","10","26-Feb-2020","27-Feb-2020","-","-"
"VGUARD","V-Guard Industries Limited","EQ"," Interim Dividend - Re 0.90 Per Share","1","26-Feb-2020","27-Feb-2020","-","-"
"LAOPALA","La Opala RG Limited","EQ"," Interim Dividend - Rs 1.20 Per Share","2","26-Feb-2020","27-Feb-2020","-","-"
"CERA","Cera Sanitaryware Limited","EQ"," Interim Dividend-Rs 13 Per Share","5","26-Feb-2020","27-Feb-2020","-","-"
"HBLENGINE","HBL Engineering Limited","EQ"," Interim Dividend-Re 0.20 Per Share","1","26-Feb-2020","27-Feb-2020","-","-"
"SWELECTES","Swelect Energy Systems Limited","EQ"," Interim Dividend - Rs 1.25 Per Share","10","27-Feb-2020","28-Feb-2020","-","-"
"GULPOLY","Gulshan Polyols Limited","EQ"," Interim Dividend - Re 0.70 Per Share","1","27-Feb-2020","29-Feb-2020","-","-"
"GRPLTD","GRP Limited","EQ"," Interim Dividend - Rs 5.5 Per Share","10","27-Feb-2020","29-Feb-2020","-","-"
"587GS2022","GOVERNMENT OF INDIA","GS"," Interest Payment","100","27-Feb-2020","28-Feb-2020","-","-"
"795GS2032","GOVERNMENT OF INDIA","GS"," Interest Payment","100","27-Feb-2020","28-Feb-2020","-","-"
"IDFCFIRSTB","IDFC First Bank Limited","HB"," Interest Payment","5000","27-Feb-2020","28-Feb-2020","-","-"
"SHREEPUSHK","Shree Pushkar Chemicals & Fertilisers Limited","EQ"," Int Div-Rs 0.5 Per Sh","10","27-Feb-2020","28-Feb-2020","-","-"
"RUBYMILLS","The Ruby Mills Limited","EQ"," Interim Dividend - Rs 1.75 Per Share","5","27-Feb-2020","28-Feb-2020","-","-"
"SANDESH","The Sandesh Limited","EQ"," Interim Dividend - Rs 5 Per Share","10","27-Feb-2020","28-Feb-2020","-","-"
"BANSWRAS","Banswara Syntex Limited","EQ"," Interim Dividend - Rs 1.50 Per Share","5","27-Feb-2020","28-Feb-2020","-","-"
"POLYMED","Poly Medicure Limited","EQ"," Interim Dividend - Rs 2 Per Share","5","27-Feb-2020","29-Feb-2020","-","-"
"TRIDENT","Trident Limited","EQ"," Interim Dividend - Re 0.18 Per Share","1","27-Feb-2020","29-Feb-2020","-","-"
"FSL","Firstsource Solutions Limited","EQ"," Interim Dividend - Rs 2.50 Per Share","10","27-Feb-2020","28-Feb-2020","-","-"
"KIRLOSBROS","Kirloskar Brothers Limited","EQ"," Interim Dividend - Rs 2 Per Share","2","27-Feb-2020","28-Feb-2020","-","-"
"ADOR","Ador Welding Limited","EQ"," Interim Dividend - Rs 6.50 Per Share","10","27-Feb-2020","28-Feb-2020","-","-"
"PFC","Power Finance Corporation Limited","EQ"," Interim Dividend - Rs 9.5 Per Share","10","28-Feb-2020","02-Mar-2020","-","-"
"QUICKHEAL","Quick Heal Technologies Limited","EQ"," Interim Dividend - Rs 4 Per Share","10","02-Mar-2020","03-Mar-2020","-","-"
"BERGEPAINT","Berger Paints (I) Limited","EQ"," Interim Dividend - Rs 1.90 Per Share","1","02-Mar-2020","03-Mar-2020","-","-"
"TECHM","Tech Mahindra Limited","EQ"," Interim Dividend - Rs 10 Per Share","5","02-Mar-2020","03-Mar-2020","-","-"
"MASFIN","MAS Financial Services Limited","EQ"," Interim Dividend - Rs 6 Per Share","10","02-Mar-2020","03-Mar-2020","-","-"
"NIITLTD","NIIT Limited","EQ"," Interim Dividend - Rs 8 Per Share","2","02-Mar-2020","03-Mar-2020","-","-"
"JBCHEPHARM","JB Chemicals & Pharmaceuticals Limited","EQ"," Interim Dividend - Rs 10 Per Share","1","03-Mar-2020","04-Mar-2020","-","-"
"BAJAJ-AUTO","Bajaj Auto Limited","EQ"," Interim Dividend - Rs 120 Per Share","10","03-Mar-2020","04-Mar-2020","-","-"
"BHARATFORG","Bharat Forge Limited","EQ"," Interim Dividend - Rs 2 Per Share","2","03-Mar-2020","04-Mar-2020","-","-"
"SIS","SIS LIMITED","EQ"," Interim Dividend - Rs 2 Per Share","5","03-Mar-2020","04-Mar-2020","-","-"
"REDINGTON","Redington Limited","EQ"," Interim Dividend - Rs 2.80 Per Share","2","03-Mar-2020","04-Mar-2020","-","-"
"BAJAJFINSV","Bajaj Finserv Limited","EQ"," Interim Dividend - Rs 5 Per Share","1","03-Mar-2020","04-Mar-2020","-","-"
"ASIANPAINT","Asian Paints Limited","EQ"," Interim Dividend - Rs 7.15 Per Share","1","03-Mar-2020","04-Mar-2020","-","-"
"MAHSCOOTER","Maharashtra Scooters Limited","EQ"," Interim Dividend - Rs 50 Per Share","10","03-Mar-2020","04-Mar-2020","-","-"
"BAJFINANCE","Bajaj Finance Limited","EQ"," Interim Dividend - Rs 10 Per Share","1","03-Mar-2020","04-Mar-2020","-","-"
"BAJAJHLDNG","Bajaj Holdings & Investment Limited","EQ"," Interim Dividend - Rs 40 Per Share","10","03-Mar-2020","04-Mar-2020","-","-"
"APOLLOTYRE","Apollo Tyres Limited","EQ"," Interim Dividend - Rs 3 Per Share","1","04-Mar-2020","05-Mar-2020","-","-"
"TATACHEM","Tata Chemicals Limited","EQ"," Demerger","10","04-Mar-2020","05-Mar-2020","-","-"
"CARBORUNIV","Carborundum Universal Limited","EQ"," Interim Dividend - Rs 2.75 Per Share","1","04-Mar-2020","05-Mar-2020","-","-"
"SUNDRMFAST","Sundram Fasteners Limited","EQ"," Interim Dividend- Rs 2.80 Per Share","1","04-Mar-2020","05-Mar-2020","-","-"
"EXIDEIND","Exide Industries Limited","EQ"," Interim Dividend - Rs 2.50 Per Share","1","04-Mar-2020","05-Mar-2020","-","-"
"PTL","PTL Enterprises Limited","EQ"," Interim Dividend - Rs 2.50 Per Share","1","04-Mar-2020","05-Mar-2020","-","-"
"CHOLAFIN","Cholamandalam Investment and Finance Company Limited","EQ"," Interim Dividend-Re 0.70 Per Share","2","04-Mar-2020","05-Mar-2020","-","-"
"ASAHISONG","Asahi Songwon Colors Limited","EQ"," Interim Dividend - Rs 3 Per Share","10","04-Mar-2020","05-Mar-2020","-","-"
"697GS2026","GOVERNMENT OF INDIA","GS"," Interest Payment","100","04-Mar-2020","05-Mar-2020","-","-"
"MANAKSIA","Manaksia Limited","EQ"," Interim Dividend - Rs 7.50 Per Share","2","05-Mar-2020","07-Mar-2020","-","-"
"KRBL","KRBL Limited","EQ"," Interim Dividend - Rs 2.80 Per Share","1","05-Mar-2020","07-Mar-2020","-","-"
"NAVINFLUOR","Navin Fluorine International Limited","EQ"," Interim Dividend - Rs 4 Per Share","2","05-Mar-2020","06-Mar-2020","-","-"
"LGBBROSLTD","LG Balakrishnan & Bros Limited","EQ"," Interim Dividend - Rs 5 Per Share","10","05-Mar-2020","06-Mar-2020","-","-"
"APARINDS","Apar Industries Limited","EQ"," Interim Dividend - Rs 9.5 Per Share","10","05-Mar-2020","07-Mar-2020","-","-"
"PLASTIBLEN","Plastiblends India Limited","EQ"," Interim Dividend - Rs 3.75 Per Share","5","05-Mar-2020","06-Mar-2020","-","-"
"JKPAPER","JK Paper Limited","EQ"," Interim Dividend - Rs 4 Per Share","10","05-Mar-2020","06-Mar-2020","-","-"
"BBL","Bharat Bijlee Limited","EQ"," Interim Dividend - Rs 12.50 Per Share","5","05-Mar-2020","06-Mar-2020","-","-"
"VEDL","Vedanta Limited","EQ"," Interim Dividend - Rs 3.9 Per Share","1","05-Mar-2020","07-Mar-2020","-","-"
"CHOLAHLDNG","Cholamandalam Financial Holdings Limited","EQ"," Interim Dividend - Re 0.65 Per Sh","1","05-Mar-2020","06-Mar-2020","-","-"
"AVANTIFEED","Avanti Feeds Limited","EQ"," Interim Dividend - Rs 5 Per Share","1","05-Mar-2020","06-Mar-2020","-","-"
"74GS2035","GOVERNMENT OF INDIA","GS"," Interest Payment","100","05-Mar-2020","07-Mar-2020","-","-"
"AMJLAND","Amj Land Holdings Limited","EQ"," Interim Dividend-Re 0.20 Per Share","2","05-Mar-2020","06-Mar-2020","-","-"
"LALPATHLAB","Dr. Lal Path Labs Ltd.","EQ"," Interim Dividend - Rs 6 Per Share","10","05-Mar-2020","06-Mar-2020","-","-"
"LINCOLN","Lincoln Pharmaceuticals Limited","EQ"," Interim Dividend - Rs 1.5 Per Share","10","05-Mar-2020","06-Mar-2020","-","-"
"PDMJEPAPER","Pudumjee Paper Products Limited","EQ"," Interim Dividend - Re 0.20 Per Share","1","05-Mar-2020","06-Mar-2020","-","-"
"SHARDACROP","Sharda Cropchem Limited","EQ"," Interim Dividend - Rs 2 Per Share","10","05-Mar-2020","07-Mar-2020","-","-"
"WONDERLA","Wonderla Holidays Limited","EQ"," Interim Dividend - Re 1.80 Per Share","10","05-Mar-2020","06-Mar-2020","-","-"
"THOMASCOOK","Thomas Cook  (India)  Limited","EQ"," Buy Back","1","05-Mar-2020","07-Mar-2020","-","-"
"STAN","Standard Chartered PLC","DR"," Dividend",,"05-Mar-2020","06-Mar-2020","-","-"
"GRAVITA","Gravita India Limited","EQ"," Interim Dividend - Rs 0.70 Per Share","2","05-Mar-2020","06-Mar-2020","-","-"
"LUMAXTECH","Lumax Auto Technologies Limited","EQ"," Interim Dividend - Rs 2 Per Share","2","05-Mar-2020","06-Mar-2020","-","-"
"PVRINOX","PVR INOX Limited","EQ"," Interim Dividend - Rs 4 Per Share","10","05-Mar-2020","07-Mar-2020","-","-"
"NLCINDIA","NLC India Limited","EQ"," Interim Dividend - Rs 7.06 Per Share","10","05-Mar-2020","06-Mar-2020","-","-"
"CCL","CCL Products (India) Limited","EQ"," Interim Dividend - Rs 1.5 Per Share Special Dividend - Rs 1.5 Per Share","2","06-Mar-2020","09-Mar-2020","-","-"
"1018GS2026","GOVERNMENT OF INDIA","GS"," Interest Payment","100","06-Mar-2020","09-Mar-2020","-","-"
"BORORENEW","BOROSIL RENEWABLES LIMITED","EQ"," Demerger","1","06-Mar-2020","09-Mar-2020","-","-"
"SONATSOFTW","Sonata Software Limited","EQ"," Interim Dividend - Rs 14.50 Per Share","1","06-Mar-2020","09-Mar-2020","-","-"
"MGL","Mahanagar Gas Limited","EQ"," Interim Dividend - Rs 9.50 Per Share","10","06-Mar-2020","09-Mar-2020","-","-"
"SUPREMEIND","Supreme Industries Limited","EQ"," Interim Dividend - Rs 10 Per Share","2","06-Mar-2020","09-Mar-2020","-","-"
"JUBLPHARMA","Jubilant Pharmova Limited","EQ"," Interim Dividend - Rs 5 Per Share","1","09-Mar-2020","11-Mar-2020","-","-"
"NAVA","NAVA LIMITED","EQ"," Interim Dividend - Rs 1.5 Per Share","1","09-Mar-2020","11-Mar-2020","-","-"
"MAITHANALL","Maithan Alloys Limited","EQ"," Interim Dividend - Rs 6 Per Share","10","09-Mar-2020","11-Mar-2020","-","-"
"KDDL","KDDL Limited","EQ"," Interim Dividend - Rs 2 Per Share","10","09-Mar-2020","11-Mar-2020","-","-"
"JUBLFOOD","Jubilant Foodworks Limited","EQ"," Interim Dividend - Rs 6 Per Share","2","09-Mar-2020","11-Mar-2020","-","-"
"FINPIPE","Finolex Industries Limited","EQ"," Interim Dividend - Rs 10 Per Share","2","09-Mar-2020","11-Mar-2020","-","-"
"UFO","UFO Moviez India Limited","EQ"," Interim Dividend - Rs 15 Per Share","10","11-Mar-2020","12-Mar-2020","-","-"
"TIINDIA","Tube Investments of India Limited","EQ"," Interim Dividend - Rs 3.50 Per Share","1","11-Mar-2020","12-Mar-2020","-","-"
"COFORGE","Coforge Limited","EQ"," Buy Back","2","11-Mar-2020","12-Mar-2020","-","-"
"INDIAGLYCO","India Glycols Limited","EQ"," Interim Dividend - Rs 6 Per Share","5","11-Mar-2020","12-Mar-2020","-","-"
"SHANTIGEAR","Shanthi Gears Limited","EQ"," Interim Dividend - Rs 2 Per Share","1","11-Mar-2020","12-Mar-2020","-","-"
"JKCEMENT","JK Cement Limited","EQ"," Interim Dividend - Rs 7.5 Per Share","10","11-Mar-2020","12-Mar-2020","-","-"
"RAMCOCEM","The Ramco Cements Limited","EQ"," Interim Dividend - Rs 2.5 Per Sh","1","11-Mar-2020","12-Mar-2020","-","-"
"ENDURANCE","Endurance Technologies Limited","EQ"," Interim Dividend - Rs 5.50 Per Share","10","11-Mar-2020","12-Mar-2020","-","-"
"NH","Narayana Hrudayalaya Ltd.","EQ"," Interim Dividend - Re 1 Per Share","10","11-Mar-2020","12-Mar-2020","-","-"
"RAMCOIND","Ramco Industries Limited","EQ"," Interim Dividend - Rs 0.50 Per Share","1","11-Mar-2020","12-Mar-2020","-","-"
"RELAXO","Relaxo Footwears Limited","EQ"," Interim Dividend - Rs 1.25 Per Share","1","11-Mar-2020","12-Mar-2020","-","-"
"SIRCA","Sirca Paints India Limited","EQ"," Interim Dividend - Re 1.50 Per Sh","10","12-Mar-2020","13-Mar-2020","-","-"
"IMPAL","India Motor Parts and Accessories Limited","EQ"," Interim Dividend - Rs 10 Per Share","10","12-Mar-2020","13-Mar-2020","-","-"
"MIDHANI","Mishra Dhatu Nigam Limited","EQ"," Interim Dividend - Re 1 Per Share","10","12-Mar-2020","14-Mar-2020","-","-"
"KPIL","Kalpataru Projects International Limited","EQ"," Interim Dividend - Rs 3.5 Per Share","2","12-Mar-2020","13-Mar-2020","-","-"
"MOTHERSON","Samvardhana Motherson International Limited","EQ"," Interim Dividend - Rs 1.50 Per Share","1","12-Mar-2020","14-Mar-2020","-","-"
"INDIAMART","Indiamart Intermesh Limited","EQ"," Interim Dividend - Rs 10 Per Share","10","12-Mar-2020","13-Mar-2020","-","-"
"KIRLFER","Kirloskar Ferrous Industries Ltd","EQ"," Interim Dividend - Rs 2 Per Share","5","12-Mar-2020","14-Mar-2020","-","-"
"MANAPPURAM","Manappuram Finance Limited","EQ"," Interim Dividend - Rs 0.55 Per Share","2","12-Mar-2020","13-Mar-2020","-","-"
"KSL","Kalyani Steels Limited","EQ"," Interin Dividend - Rs 5 Per Sh","5","12-Mar-2020","13-Mar-2020","-","-"
"CAPLIPOINT","Caplin Point Laboratories Limited","EQ"," Interim Dividend - Rs 2.10 Per Share","2","12-Mar-2020","13-Mar-2020","-","-"
"IDFCFIRSTB","IDFC First Bank Limited","HD"," Interest Payment","5000","12-Mar-2020","13-Mar-2020","-","-"
"RADIOCITY","Music Broadcast Limited","EQ"," Bonus 1:4","2","12-Mar-2020","13-Mar-2020","-","-"
"STEELCITY","Steel City Securities Limited","EQ"," Interim Dividend - Rs 0.50 Per Share","10","12-Mar-2020","13-Mar-2020","-","-"
"762GS2039","GOVERNMENT OF INDIA","GS"," Interest Payment","100","12-Mar-2020","13-Mar-2020","-","-"
"MANINFRA","Man Infraconstruction Limited","EQ"," Interim Dividend - Rs 0.55 Per Share","2","12-Mar-2020","13-Mar-2020","-","-"
"DECCANCE","Deccan Cements Limited","EQ"," Interim Dividend - Rs 4 Per Share","5","12-Mar-2020","13-Mar-2020","-","-"
"SUDARSCHEM","Sudarshan Chemical Industries Limited","EQ"," Interim Dividend - Rs 5.8 Per Share Special Dividend - Rs 0.50 Per Share","2","12-Mar-2020","13-Mar-2020","-","-"
"VINATIORGA","Vinati Organics Limited","EQ"," Interim Dividend - Rs 5 Per Share","1","12-Mar-2020","13-Mar-2020","-","-"
"CHAMBLFERT","Chambal Fertilizers & Chemicals Limited","EQ"," Interim Dividend - Rs 4 Per Share","10","12-Mar-2020","13-Mar-2020","-","-"
"POLYCAB","Polycab India Limited","EQ"," Interim Dividend - Rs 7 Per Share","10","12-Mar-2020","14-Mar-2020","-","-"
"CHEMBOND","Chembond Material Technologies Limited","EQ"," Interim Dividend - Rs 2 Per Share","5","13-Mar-2020","16-Mar-2020","-","-"
"ALBERTDAVD","Albert David Limited","EQ"," Interim Dividend - Rs 7 Per Share","10","13-Mar-2020","16-Mar-2020","-","-"
"668GS2031","GOVERNMENT OF INDIA","GS"," Interest Payment","100","13-Mar-2020","16-Mar-2020","-","-"
"REMSONSIND","Remsons Industries Limited","EQ"," Interim Dividend - Rs 1.50 Per Share","2","13-Mar-2020","16-Mar-2020","-","-"
"PIDILITIND","Pidilite Industries Limited","EQ"," Interim Dividend - Rs 7 Per Share","1","13-Mar-2020","16-Mar-2020","-","-"
"MEGH","Meghmani Organics Limited","EQ"," Interim Dividend - Re 1 Per Share","1","13-Mar-2020","16-Mar-2020","-","-"
"PRAJIND","Praj Industries Limited","EQ"," Interim Dividend - Rs 2.70 Per Share","2","13-Mar-2020","16-Mar-2020","-","-"
"AUTOAXLES","Automotive Axles Limited","EQ"," Interim Dividend - Rs 6 Per Share","10","13-Mar-2020","16-Mar-2020","-","-"
"ADANIPORTS","Adani Ports and Special Economic Zone Limited","EQ"," Interim Dividend - Rs 3.20 Per Share","2","16-Mar-2020","17-Mar-2020","-","-"
"POWERGRID","Power Grid Corporation of India Limited","EQ"," Interim Dividend - Rs 5.96 Per Share","10","16-Mar-2020","17-Mar-2020","-","-"
"SUPRAJIT","Suprajit Engineering Limited","EQ"," Interim Dividend - Re 1 Per Share","1","16-Mar-2020","17-Mar-2020","-","-"
"HAVELLS","Havells India Limited","EQ"," Interim Dividend - Rs 4 Per Share","1","16-Mar-2020","17-Mar-2020","-","-"
"WEIZMANIND","Weizmann Limited","EQ"," Interim Dividend - Rs 10 Per Share","10","16-Mar-2020","17-Mar-2020","-","-"
"TVSELECT","TVS Electronics Limited","EQ"," Interim Dividend - Rs 1.50 Per Share","10","16-Mar-2020","17-Mar-2020","-","-"
"ORBTEXP","Orbit Exports Limited","EQ"," Interim Dividend - Rs 3 Per Share","10","16-Mar-2020","17-Mar-2020","-","-"
"CUPID","Cupid Limited","EQ"," Interim Dividend - Rs 3.5 Per Share","1","16-Mar-2020","17-Mar-2020","-","-"
"APTECHT","Aptech Limited","EQ"," Interim Dividend - Rs 4.50 Per Share","10","16-Mar-2020","17-Mar-2020","-","-"
"SIYSIL","Siyaram Silk Mills Limited","EQ"," Interim Dividend - Rs 2.40 Per Share","2","16-Mar-2020","17-Mar-2020","-","-"
"SHILPAMED","Shilpa Medicare Limited","EQ"," Interim Dividend - Rs 1.10 Per Share","1","16-Mar-2020","17-Mar-2020","-","-"
"APLLTD","Alembic Pharmaceuticals Limited","EQ"," Interim Dividend - Rs 7 Per Share Special Dividend - Rs 3 Per Share","2","16-Mar-2020","17-Mar-2020","-","-"
"GAEL","Gujarat Ambuja Exports Limited","EQ"," Interim Dividend - Re 1 Per Share","1","16-Mar-2020","17-Mar-2020","-","-"
"ALPHAGEO","Alphageo (India) Limited","EQ"," Interim Dividend - Rs 8 Per Share","10","16-Mar-2020","17-Mar-2020","-","-"
"MARICO","Marico Limited","EQ"," Interim Dividend - Rs 0.75 Per Share","1","16-Mar-2020","17-Mar-2020","-","-"
"DEEPAKNTR","Deepak Nitrite Limited","EQ"," Interim Dividend - Rs 4.50 Per Share","2","16-Mar-2020","17-Mar-2020","-","-"
"WELSPUNLIV","Welspun Living Limited","EQ"," Interim Dividend - Re 1 Per Share","1","17-Mar-2020","18-Mar-2020","-","-"
"BALAMINES","Balaji Amines Limited","EQ"," Interim Dividend - Rs 2.60 Per Share","2","17-Mar-2020","18-Mar-2020","-","-"
"TVSMOTOR","TVS Motor Company Limited","EQ"," Interim Dividend - Rs 1.40 Per Share","1","17-Mar-2020","18-Mar-2020","-","-"
"TVSSRICHAK","TVS Srichakra Limited","EQ"," Interim Dividend - Rs 20.10 Per Share","10","17-Mar-2020","18-Mar-2020","-","-"
"GODFRYPHLP","Godfrey Phillips India Limited","EQ"," Interim Dividend - Rs 24 Per Share","2","17-Mar-2020","18-Mar-2020","-","-"
"HATSUN","Hatsun Agro Product Limited","EQ"," Interim Dividend - Rs 2 Per Share","1","17-Mar-2020","18-Mar-2020","-","-"
"788GS2030","GOVERNMENT OF INDIA","GS"," Interest Payment","100","17-Mar-2020","18-Mar-2020","-","-"
"PRECAM","Precision Camshafts Limited","EQ"," Interim Dividend - Rs 0.95 Per Share","10","17-Mar-2020","18-Mar-2020","-","-"
"GREENLAM","Greenlam Industries Limited","EQ"," Interim Dividend - Rs 4 Per Share","1","17-Mar-2020","18-Mar-2020","-","-"
"ARVINDFASN","Arvind Fashions Limited","EQ"," Rights 16:47 @ Premium Rs 146/-","4","17-Mar-2020","18-Mar-2020","-","-"
"SASKEN","Sasken Technologies Limited","EQ"," Interim Dividend - Rs 15 Per Share Special Dividend - Rs 35 Per Share","10","17-Mar-2020","18-Mar-2020","-","-"
"KTKBANK","The Karnataka Bank Limited","EQ"," Bonus 1:10","10","17-Mar-2020","18-Mar-2020","-","-"
"RATNAMANI","Ratnamani Metals & Tubes Limited","EQ"," Interim Dividend - Rs 12 Per Share","2","17-Mar-2020","18-Mar-2020","-","-"
"AIAENG","AIA Engineering Limited","EQ"," Interim Dividend - Rs 27 Per Share","2","17-Mar-2020","18-Mar-2020","-","-"
"TVSHLTD","TVS Holdings Limited","EQ"," Interim Dividend - Rs 31 Per Share","5","17-Mar-2020","18-Mar-2020","-","-"
"TSFINV","TSF INVESTMENTS LIMITED","EQ"," Interim Dividend - Rs 0.75 Per Share","5","18-Mar-2020","19-Mar-2020","-","-"
"ATUL","Atul Limited","EQ"," Interim Dividend - Rs 15 Per Share","10","18-Mar-2020","19-Mar-2020","-","-"
"ELGIRUBCO","Elgi Rubber Company Limited","EQ"," Interim Dividend - Rs 0.16 Per Share","1","18-Mar-2020","19-Mar-2020","-","-"
"IOLCP","IOL Chemicals and Pharmaceuticals Limited","EQ"," Interim Dividend - Rs 3 Per Share","2","18-Mar-2020","19-Mar-2020","-","-"
"KIRLOSENG","Kirloskar Oil Engines Limited","EQ"," Interim Dividend - Rs 4.00 Per Share","2","18-Mar-2020","19-Mar-2020","-","-"
"ZENSARTECH","Zensar Technologies Limited","EQ"," Interim Dividend - Rs 1.80 Per Share","2","18-Mar-2020","19-Mar-2020","-","-"
"TORNTPHARM","Torrent Pharmaceuticals Limited","EQ"," Interim Dividend - Rs 17 Per Share Special Dividend - Rs 15 Per Share","5","18-Mar-2020","19-Mar-2020","-","-"
"759GS2029","GOVERNMENT OF INDIA","GS"," Interest Payment","100","18-Mar-2020","19-Mar-2020","-","-"
"JASH","Jash Engineering Limited","EQ"," Interim Dividend - Rs 1.50 Per Share","2","18-Mar-2020","19-Mar-2020","-","-"
"ASPINWALL","Aspinwall and Company Limited","EQ"," Interim Dividend - Rs 2.5 Per Share","10","18-Mar-2020","19-Mar-2020","-","-"
"PERSISTENT","Persistent Systems Limited","EQ"," Interim Dividend - Rs 3 Per Share","5","18-Mar-2020","19-Mar-2020","-","-"
"ELGIEQUIP","Elgi Equipments Limited","EQ"," Interim Dividend - Rs 1.65 Per Share","1","18-Mar-2020","19-Mar-2020","-","-"
"BANCOINDIA","Banco Products (I) Limited","EQ"," Interim Dividend - Rs 20 Per Share","2","18-Mar-2020","19-Mar-2020","-","-"
"GESHIP","The Great Eastern Shipping Company Limited","EQ"," Interim Dividend - Rs 5.4 Per Share","10","18-Mar-2020","19-Mar-2020","-","-"
"KABRAEXTRU","Kabra Extrusion Technik Limited","EQ"," Interim Dividend - Rs 1.50 Per Share","5","18-Mar-2020","19-Mar-2020","-","-"
"SOTL","Savita Oil Technologies Limited","EQ"," Interim Dividend - Rs 20 Per Share","2","18-Mar-2020","19-Mar-2020","-","-"
"NOCIL","NOCIL Limited","EQ"," Interim Dividend - Rs 2.50 Per Share","10","18-Mar-2020","19-Mar-2020","-","-"
"NESCO","Nesco Limited","EQ"," Interim Dividend - Rs 3 Per Share","2","18-Mar-2020","19-Mar-2020","-","-"
"BURNPUR","Burnpur Cement Limited","EQ"," Extra Ordinary  General Meeting","10","18-Mar-2020","19-Mar-2020","-","-"
"JAMNAAUTO","Jamna Auto Industries Limited","EQ"," Interim Dividend - Rs 0.22 Per Share","1","18-Mar-2020","19-Mar-2020","-","-"
"CIPLA","Cipla Limited","EQ"," Interim Dividend - Rs 3 Per Share Special Dividend - Re 1 Per Share","2","19-Mar-2020","20-Mar-2020","-","-"
"MMFL","MM Forgings Limited","EQ"," Interim Dividend - Rs 5 Per Share","10","19-Mar-2020","20-Mar-2020","-","-"
"WSTCSTPAPR","West Coast Paper Mills Limited","EQ"," Interim Dividend - Rs 5 Per Share","2","19-Mar-2020","20-Mar-2020","-","-"
"TCS","Tata Consultancy Services Limited","EQ"," Interim Dividend - Rs 12 Per Share","1","19-Mar-2020","20-Mar-2020","-","-"
"EXCELINDUS","Excel Industries Limited","EQ"," Interim Dividend - Rs 10 Per Share","5","19-Mar-2020","20-Mar-2020","-","-"
"FIEMIND","Fiem Industries Limited","EQ"," Interim Dividend - Rs 10 Per Share","10","19-Mar-2020","20-Mar-2020","-","-"
"GRANULES","Granules India Limited","EQ"," Buyback","1","19-Mar-2020","20-Mar-2020","-","-"
"JYOTHYLAB","Jyothy Labs Limited","EQ"," Interim Dividend - Rs 3 Per Share","1","19-Mar-2020","20-Mar-2020","-","-"
"NILKAMAL","Nilkamal Limited","EQ"," Interim Dividend - Rs 10 Per Share","10","19-Mar-2020","21-Mar-2020","-","-"
"BLUESTARCO","Blue Star Limited","EQ"," Interim Dividend - Rs 10 Per Share","2","19-Mar-2020","20-Mar-2020","-","-"
"BEML","BEML Limited","EQ"," Interim Dividend -  Rs 2.5 Per Share","5","19-Mar-2020","21-Mar-2020","-","-"
"NCLIND","NCL Industries Limited","EQ"," Interim Dividend - Rs 1.5 Per Share","10","19-Mar-2020","20-Mar-2020","-","-"
"NFL","National Fertilizers Limited","EQ"," Interim Dividend -  Rs 0.95 Per Share","10","19-Mar-2020","20-Mar-2020","-","-"
"TCI","Transport Corporation of India Limited","EQ"," Interim Dividend - Re 1 Per Share","2","19-Mar-2020","21-Mar-2020","-","-"
"SOMANYCERA","Somany Ceramics Limited","EQ"," Interim Dividend - Rs 2 Per Share","2","19-Mar-2020","21-Mar-2020","-","-"
"EICHERMOT","Eicher Motors Limited","EQ"," Interim Dividend - Rs 125 Per Share","1","19-Mar-2020","21-Mar-2020","-","-"
"KNRCON","KNR Constructions Limited","EQ"," Interim Dividend - Rs 0.50 Per Share","2","19-Mar-2020","20-Mar-2020","-","-"
"FDC","FDC Limited","EQ"," Interim Dividend - Rs 0.80 Per Share","1","19-Mar-2020","21-Mar-2020","-","-"
"ASAHIINDIA","Asahi India Glass Limited","EQ"," Interim Dividend - Re 1 Per Share","1","19-Mar-2020","21-Mar-2020","-","-"
"JKLAKSHMI","JK Lakshmi Cement Limited","EQ"," Interim Dividend - Rs 2.5 Per Share","5","19-Mar-2020","21-Mar-2020","-","-"
"SAKSOFT","Saksoft Limited","EQ"," Interim Dividend - Rs 2.50 Per Share","1","19-Mar-2020","21-Mar-2020","-","-"
"DELTACORP","Delta Corp Limited","EQ"," Interim Dividend - Rs 0.75 Per Share","1","19-Mar-2020","20-Mar-2020","-","-"
"BARTRONICS","Bartronics India Limited","EQ"," Annual General Meeting","10","19-Mar-2020","-","23-Mar-2020","24-Mar-2020"
"KEI","KEI Industries Limited","EQ"," Interim Dividend -  Rs 1.50 Per Share","2","19-Mar-2020","20-Mar-2020","-","-"
"ANDHRSUGAR","The Andhra Sugars Limited","EQ"," Interim Dividend -  Rs 20 Per Share","2","19-Mar-2020","21-Mar-2020","-","-"
"ARIES","Aries Agro Limited","EQ"," Interim Dividend - Rs 0.50 Per Share","10","19-Mar-2020","21-Mar-2020","-","-"
"ASHOKLEY","Ashok Leyland Limited","EQ"," Interim Dividend -Rs 0.50 Per Share","1","19-Mar-2020","20-Mar-2020","-","-"
"INSECTICID","Insecticides (India) Limited","EQ"," Interim Dividend - Rs 4 Per Share","10","19-Mar-2020","20-Mar-2020","-","-"
"PRESTIGE","Prestige Estates Projects Limited","EQ"," Interim Dividend - Rs 1.50 Per Share","10","19-Mar-2020","21-Mar-2020","-","-"
"TBZ","Tribhovandas Bhimji Zaveri Limited","EQ"," Interim Dividend - Re 1 Per Share","10","19-Mar-2020","20-Mar-2020","-","-"
"COALINDIA","Coal India Limited","EQ"," Interim Dividend - Rs 12 Per Share","10","19-Mar-2020","20-Mar-2020","-","-"
"JINDWORLD","Jindal Worldwide Limited","EQ"," Interim Dividend - Rs 0.05 Per Share","1","19-Mar-2020","21-Mar-2020","-","-"
"ZYDUSWELL","Zydus Wellness Limited","EQ"," Interim Dividend - Rs 5 Per Share","2","19-Mar-2020","21-Mar-2020","-","-"
"CEATLTD","CEAT Limited","EQ"," Interim Dividend - Rs 12 Per Share","10","19-Mar-2020","20-Mar-2020","-","-"
"MANINDS","Man Industries (India) Limited","EQ"," Interim Dividend - Re 1 Per Share","5","19-Mar-2020","21-Mar-2020","-","-"
"GDL","Gateway Distriparks Limited","EQ"," Interim Dividend - Rs 4.5 Per Share","10","19-Mar-2020","20-Mar-2020","-","-"
"20MICRONS","20 Microns Limited","EQ"," Interim Dividend - Rs 0.60 Per Share","5","19-Mar-2020","21-Mar-2020","-","-"
"NAVNETEDUL","Navneet Education Limited","EQ"," Interim Dividend - Rs 0.50 Per Share","2","19-Mar-2020","21-Mar-2020","-","-"
"IIFL","IIFL Finance Limited","EQ"," Interim Dividend - Rs 2.25 Per Share","2","19-Mar-2020","20-Mar-2020","-","-"
"MOLDTKPAC","Mold-Tek Packaging Limited","EQ"," Interim Dividend - Rs 5 Per Share","5","19-Mar-2020","21-Mar-2020","-","-"
"APEX","Apex Frozen Foods Limited","EQ"," Interim Dividend - Rs 2 Per Share","10","19-Mar-2020","21-Mar-2020","-","-"
"813GS2022","GOVERNMENT OF INDIA","GS"," Interest Payment","100","19-Mar-2020","20-Mar-2020","-","-"
"828GS2027","GOVERNMENT OF INDIA","GS"," Interest Payment","100","19-Mar-2020","20-Mar-2020","-","-"
"833GS2032","GOVERNMENT OF INDIA","GS"," Interest Payment","100","19-Mar-2020","20-Mar-2020","-","-"
"ORICONENT","Oricon Enterprises Limited","EQ"," Interim Dividend - Rs 0.5 Per Share Special Dividend - Rs 0.3 Per Share","2","19-Mar-2020","21-Mar-2020","-","-"
"PNCINFRA","PNC Infratech Limited","EQ"," Interim Dividend - Rs 0.50 Per Share","2","19-Mar-2020","20-Mar-2020","-","-"
"IEX","Indian Energy Exchange Limited","EQ"," Interim Dividend - Rs 2.50 Per Share","1","19-Mar-2020","21-Mar-2020","-","-"
"KPITTECH","KPIT Technologies Limited","EQ"," Interim Dividend - Rs 0.45 Per Share","10","19-Mar-2020","20-Mar-2020","-","-"
"SHRIPISTON","Shriram Pistons & Rings Limited","EQ"," Interim Dividend - Rs 3 Per Share","10","19-Mar-2020","20-Mar-2020","-","-"
"TCIEXP","TCI Express Limited","EQ"," Interim Dividend - Re 1 Per Share","2","19-Mar-2020","21-Mar-2020","-","-"
"MOLDTECH","Mold-Tek Technologies Limited","EQ"," Interim Dividend - Rs 1.50 Per Share","2","19-Mar-2020","21-Mar-2020","-","-"
"PSPPROJECT","PSP Projects Limited","EQ"," Interim Dividend - Rs 5 Per Share","10","19-Mar-2020","21-Mar-2020","-","-"
"ERIS","Eris Lifesciences Limited","EQ"," Interim Dividend - Rs 2.87 Per Share","1","19-Mar-2020","20-Mar-2020","-","-"
"OAL","Oriental Aromatics Limited","EQ"," Interim Dividend - Rs 2.50 Per Share","5","19-Mar-2020","20-Mar-2020","-","-"
"ARE&M","Amara Raja Energy & Mobility Limited","EQ"," Interim Dividend - Rs 5 Per Share","1","19-Mar-2020","20-Mar-2020","-","-"
"ACE","Action Construction Equipment Limited","EQ"," Interim Dividend Rs - 0.50 Per Share","2","20-Mar-2020","23-Mar-2020","-","-"
"THERMAX","Thermax Limited","EQ"," Interim Dividend - Rs 7 Per Share","2","20-Mar-2020","23-Mar-2020","-","-"
"VISAKAIND","Visaka Industries Limited","EQ"," Interim Dividend - Rs 5 Per Share","2","20-Mar-2020","23-Mar-2020","-","-"
"MENONBE","Menon Bearings Limited","EQ"," Interim Dividend - Rs 1.25 Per Share","1","20-Mar-2020","23-Mar-2020","-","-"
"GEOJITFSL","Geojit Financial Services Limited","EQ"," Interim Dividend - Rs 1.50 Per Share","1","20-Mar-2020","23-Mar-2020","-","-"
"CONTROLPR","Control Print Limited","EQ"," Interim Dividend - Rs 4.50 Per Share","10","20-Mar-2020","23-Mar-2020","-","-"
"GARFIBRES","Garware Technical Fibres Limited","EQ"," Interim Dividend -Rs 7 Per Share Special Dividend - Rs 10 Per Share","10","20-Mar-2020","23-Mar-2020","-","-"
"AKSHARCHEM","AksharChem India Limited","EQ"," Interim Dividend - Rs 3.5 Per Share","10","20-Mar-2020","23-Mar-2020","-","-"
"82GS2025","GOVERNMENT OF INDIA","GS"," Interest Payment","100","20-Mar-2020","23-Mar-2020","-","-"
"PRINCEPIPE","Prince Pipes And Fittings Limited","EQ"," Interim Dividend- Re 1 Per Share","10","23-Mar-2020","24-Mar-2020","-","-"
"THANGAMAYL","Thangamayil Jewellery Limited","EQ"," Interim Dividend - Rs 5 Per Share","10","23-Mar-2020","24-Mar-2020","-","-"
"ALLCARGO","Allcargo Logistics Limited","EQ"," Interim Dividend - Rs 3 Per Share","2","23-Mar-2020","24-Mar-2020","-","-"
"BRIGADE","Brigade Enterprises Limited","EQ"," Interim Dividend - Re 1 Per Share","10","23-Mar-2020","24-Mar-2020","-","-"
"IOC","Indian Oil Corporation Limited","EQ"," Interim Dividend - Rs 4.25 Per Share","10","23-Mar-2020","25-Mar-2020","-","-"
"ONGC","Oil & Natural Gas Corporation Limited","EQ"," Interim Dividend - Rs 5 Per Share","5","23-Mar-2020","24-Mar-2020","-","-"
"MASTEK","Mastek Limited","EQ"," Interim Dividend - Rs 5 Per Share","5","23-Mar-2020","25-Mar-2020","-","-"
"BPCL","Bharat Petroleum Corporation Limited","EQ"," Interim Dividend - Rs 16.50 Per Share","10","23-Mar-2020","24-Mar-2020","-","-"
"KIRLOSIND","Kirloskar Industries Limited","EQ"," Interim Dividend- Rs 10 Per Share","10","23-Mar-2020","25-Mar-2020","-","-"
"ALICON","Alicon Castalloy Limited","EQ"," Interim Dividend - Rs 1.25 Per Share","5","23-Mar-2020","24-Mar-2020","-","-"
"VSTTILLERS","V.S.T Tillers Tractors Limited","EQ"," Interim Dividend - Rs 15 Per Share","10","23-Mar-2020","25-Mar-2020","-","-"
"MUTHOOTFIN","Muthoot Finance Limited","EQ"," Interim Dividend - Rs 15 Per Share","10","23-Mar-2020","25-Mar-2020","-","-"
"ADANIENT","Adani Enterprises Limited","EQ"," Interim Dividend - Re 1 Per Share","1","23-Mar-2020","25-Mar-2020","-","-"
"GRAPHITE","Graphite India Limited","EQ"," Interim Dividend - Rs 2 Per Share","2","23-Mar-2020","25-Mar-2020","-","-"
"CYIENT","Cyient Limited","EQ"," Interim Dividend Rs - 9 Per Share","5","23-Mar-2020","24-Mar-2020","-","-"
"FCL","Fineotex Chemical Limited","EQ"," Interim Dividend - Rs 0.05 Per Share","1","23-Mar-2020","24-Mar-2020","-","-"
"GALAXYSURF","Galaxy Surfactants Limited","EQ"," Interim Dividend - Rs 8 Per Share Special Dividend -Rs 6 Per Share","10","23-Mar-2020","24-Mar-2020","-","-"
"HAL","Hindustan Aeronautics Limited","EQ"," Interim Dividend - Rs 33.25 Per Share","5","23-Mar-2020","24-Mar-2020","-","-"
"597GS2025","GOVERNMENT OF INDIA","GS"," Interest Payment","100","23-Mar-2020","24-Mar-2020","-","-"
"601GS2028","GOVERNMENT OF INDIA","GS"," Interest Payment","100","23-Mar-2020","24-Mar-2020","-","-"
"LAURUSLABS","Laurus Labs Limited","EQ"," Interim Dividend - Rs 1.50 Per Share","2","23-Mar-2020","25-Mar-2020","-","-"
"RBLBANK","RBL Bank Limited","EQ"," Interim Dividend - Rs 1.50 Per Share","10","23-Mar-2020","25-Mar-2020","-","-"
"SHANKARA","Shankara Building Products Limited","EQ"," Interim Dividend - Rs 2 Per Share","10","23-Mar-2020","25-Mar-2020","-","-"
"AURUM","Aurum PropTech Limited","EQ"," Interim Dividend - Rs 2 Per Share","5","23-Mar-2020","24-Mar-2020","-","-"
"DHANI","Dhani Services Limited","EQ"," Interim Dividend - Rs 2.25 Per Share","2","23-Mar-2020","24-Mar-2020","-","-"
"ZYDUSLIFE","Zydus Lifesciences Limited","EQ"," Interim Dividend - Rs 3.50 Per Share","1","23-Mar-2020","24-Mar-2020","-","-"
"INDNIPPON","India Nippon Electricals Limited","EQ"," Interim Dividend - Rs 3.75 Per Share","5","24-Mar-2020","26-Mar-2020","-","-"
"PPAP","PPAP Automotive Limited","EQ"," Interim Dividend - Rs 2 Per Share","10","24-Mar-2020","26-Mar-2020","-","-"
"UNITEDTEA","The United Nilgiri Tea Estates Company Limited","EQ"," Interim Dividend - Re 1 Per Share","10","24-Mar-2020","26-Mar-2020","-","-"
"NUCLEUS","Nucleus Software Exports Limited","EQ"," Interim Dividend - Rs 9 Per Share","10","24-Mar-2020","26-Mar-2020","-","-"
"DIXON","Dixon Technologies (India) Limited","EQ"," Interim Dividend - Rs 4 Per Share","2","24-Mar-2020","26-Mar-2020","-","-"
"GHCL","GHCL Limited","EQ"," Interim Dividend - Rs 3 Per Share","10","24-Mar-2020","26-Mar-2020","-","-"
"LT","Larsen & Toubro Limited","EQ"," Interim Dividend - Rs 10 Per Share","2","24-Mar-2020","26-Mar-2020","-","-"
"LUMAXIND","Lumax Industries Limited","EQ"," Interim Dividend - Rs 17.50 Per Share","10","24-Mar-2020","26-Mar-2020","-","-"
"RPGLIFE","RPG Life Sciences Limited","EQ"," Interim Dividend - Rs 4 Per Share","8","24-Mar-2020","26-Mar-2020","-","-"
"DIGJAMLTD","Digjam Limited","EQ"," Annual General Meeting","10","24-Mar-2020","-","27-Mar-2020","03-Apr-2020"
"NTPC","NTPC Limited","EQ"," Interim Dividend - Rs 0.50 Per Hsare","10","26-Mar-2020","27-Mar-2020","-","-"
"SMSPHARMA","SMS Pharmaceuticals Limited","EQ"," Interim Dividend - Rs 0.25 Per Share","1","26-Mar-2020","28-Mar-2020","-","-"
"EMAMILTD","Emami Limited","EQ"," Interim Dividend - Rs 2 Per Share","1","26-Mar-2020","27-Mar-2020","-","-"
"SUNTV","Sun TV Network Limited","EQ"," Interim Dividend - Rs 12.50 Per Share","5","26-Mar-2020","27-Mar-2020","-","-"
"LTF","L&T Finance Limited","EQ"," Interim Dividend - Rs 0.90 Per Share","10","26-Mar-2020","28-Mar-2020","-","-"
"ATGL","Adani Total Gas Limited","EQ"," Interim Dividend - Rs 0.25 Per Share","1","26-Mar-2020","27-Mar-2020","-","-"
"ZFCVINDIA","ZF Commercial Vehicle Control Systems India Limited","EQ"," Interim Dividend-  Rs 10 Per Share","5","26-Mar-2020","27-Mar-2020","-","-"
"SHK","S H Kelkar and Company Limited","EQ"," Interim Dividend - Rs 0.95 Per Share","10","26-Mar-2020","27-Mar-2020","-","-"
"SHARDAMOTR","Sharda Motor Industries Limited","EQ"," Demerger","2","26-Mar-2020","27-Mar-2020","-","-"
"HUDCO","Housing & Urban Development Corporation Limited","EQ"," Interim Dividend - Rs 0.75 Per Share","10","26-Mar-2020","28-Mar-2020","-","-"
"GRSE","Garden Reach Shipbuilders & Engineers Limited","EQ"," Interim Dividend - Rs 5.74 Per Share","10","26-Mar-2020","27-Mar-2020","-","-"
"AMBER","Amber Enterprises India Limited","EQ"," Interim Dividend - Rs 1.60 Per Share","10","26-Mar-2020","27-Mar-2020","-","-"
"CUB","City Union Bank Limited","EQ"," Interim Dividend - Rs 0.50 Per Share","1","26-Mar-2020","27-Mar-2020","-","-"
"VAIBHAVGBL","Vaibhav Global Limited","EQ"," Interim Dividend - Rs 19.74 Per Share","2","26-Mar-2020","27-Mar-2020","-","-"
"92GS2030","GOVERNMENT OF INDIA","GS"," Interest Payment","100","27-Mar-2020","30-Mar-2020","-","-"
"ACC","ACC Limited","EQ"," Dividend - Rs 14 Per Share","10","27-Mar-2020","30-Mar-2020","-","-"
"VBL","Varun Beverages Limited","EQ"," Annual General Meeting","2","30-Mar-2020","-","03-Apr-2020","10-Apr-2020"
"HEXAWARE","Hexaware Technologies Limited","EQ"," Dividend - Rs 2.50 Per Share","2","30-Mar-2020","01-Apr-2020","-","-"
"TIPSMUSIC","Tips Music Limited","EQ"," Buyback","1","31-Mar-2020","03-Apr-2020","-","-"
"645GS2029","Government of India","GS"," Interest Payment","100","31-Mar-2020","04-Apr-2020","-","-"
"NACLIND","NACL Industries Limited","EQ"," Interim Dividend - Rs 0.10 Per Share","1","31-Mar-2020","04-Apr-2020","-","-"
"CRISIL","CRISIL Limited","EQ"," Annual General Meeting/Dividend Rs 13 Per Share","1","31-Mar-2020","-","07-Apr-2020","08-Apr-2020"
"727GS2026","GOVERNMENT OF INDIA","GS"," Interest Payment","100","03-Apr-2020","07-Apr-2020","-","-"
"AMBUJACEM","Ambuja Cements Limited","EQ"," Dividend - Rs 1.50 Per Share","2","03-Apr-2020","07-Apr-2020","-","-"
"IRCON","Ircon International Limited","EQ"," Face Value Split (Sub-Division) - From Rs 10/- Per Share To Rs 2/- Per Share","2","03-Apr-2020","07-Apr-2020","-","-"
"63GS2023","GOVERNMENT OF INDIA","GS"," Interest Payment","100","07-Apr-2020","08-Apr-2020","-","-"
"706GS2046","GOVERNMENT OF INDIA","GS"," Interest Payment","100","08-Apr-2020","09-Apr-2020","-","-"
"78GS2021","GOVERNMENT OF INDIA","GS"," Interest Payment","100","08-Apr-2020","09-Apr-2020","-","-"
"737GS2023","GOVERNMENT OF INDIA","GS"," Interest Payment","100","13-Apr-2020","15-Apr-2020","-","-"
"CORALFINAC","Coral India Finance & Housing Limited","EQ"," Buy Back","2","16-Apr-2020","17-Apr-2020","-","-"
"GULFOILLUB","Gulf Oil Lubricants India Limited","EQ"," Interim Dividend - Rs 7 Per Share","2","22-Apr-2020","23-Apr-2020","-","-"
"772GS2055","GOVERNMENT OF INDIA","GS"," Interest Payment","100","23-Apr-2020","24-Apr-2020","-","-"
"KSB","Ksb Limited","EQ"," Annual General Meeting/Dividend - Rs 8 Per Share","2","23-Apr-2020","-","27-Apr-2020","07-May-2020"
"618GS2024","Government of India","GS"," Interest Payment","100","29-Apr-2020","02-May-2020","-","-"
"BRITANNIA","Britannia Industries Limited","EQ"," Interim Dividend-Rs 35 Per Share","1","29-Apr-2020","02-May-2020","-","-"
"CRISIL","CRISIL Limited","EQ"," Interim Dividend - Rs 6 Per Share","1","04-May-2020","05-May-2020","-","-"
"RAIN","Rain Industries Limited","EQ"," Annual General Meeting","2","05-May-2020","-","07-May-2020","12-May-2020"
"INDUSTOWER","Indus Towers Limited","EQ"," Interim Dividend - Rs 4.10 Per Share","10","05-May-2020","06-May-2020","-","-"
"879GS2021","GOVERNMENT OF INDIA","GS"," Interest Payment","100","05-May-2020","07-May-2020","-","-"
"PFIZER","Pfizer Limited","EQ"," Special Dividend - Rs 320 Per Share","10","06-May-2020","08-May-2020","-","-"
"761GS2030","GOVERNMENT OF INDIA","GS"," Interest Payment","100","06-May-2020","08-May-2020","-","-"
"824GS2033","GOVERNMENT OF INDIA","GS"," Interest Payment","100","06-May-2020","08-May-2020","-","-"
"835GS2022","GOVERNMENT OF INDIA","GS"," Interest Payment","100","12-May-2020","13-May-2020","-","-"
"915GS2024","GOVERNMENT OF INDIA","GS"," Interest Payment","100","12-May-2020","13-May-2020","-","-"
"679GS2027","GOVERNMENT OF INDIA","GS"," Interest Payment","100","13-May-2020","14-May-2020","-","-"
"RELIANCE","Reliance Industries Limited","EQ"," Rights 1:15 @ Premium Rs 1247","10","13-May-2020","14-May-2020","-","-"
"COFORGE","Coforge Limited","EQ"," Interim Dividend - Rs 11 Per Share","2","14-May-2020","15-May-2020","-","-"
"SBICARD","SBI Cards and Payment Services Limited","EQ"," Interim Dividend - Re 1 Per Share","10","15-May-2020","18-May-2020","-","-"
"JMFINANCIL","JM Financial Limited","EQ"," Dividend - Rs 0.20 Per Share","1","15-May-2020","-","19-May-2020","22-May-2020"
"716GS2023","GOVERNMENT OF INDIA","GS"," Interest Payment","100","18-May-2020","19-May-2020","-","-"
"VOLTAMP","Voltamp Transformers Limited","EQ"," Interim Dividend - Rs 25 Per Share","10","18-May-2020","19-May-2020","-","-"
"HINDZINC","Hindustan Zinc Limited","EQ"," Interim Dividend - Rs 16.5 Per Share","2","19-May-2020","20-May-2020","-","-"
"OFSS","Oracle Financial Services Software Limited","EQ"," Interim Dividend -Rs 180 Per Share","5","19-May-2020","20-May-2020","-","-"
"ACC","ACC Limited","EQ"," Interim Dividend - Rs 14 Per Share","10","19-May-2020","20-May-2020","-","-"
"AMBUJACEM","Ambuja Cements Limited","EQ"," Interim Dividend - Rs 1.50 Per Share","2","19-May-2020","20-May-2020","-","-"
"794GS2021","GOVERNMENT OF INDIA","GS"," Interest Payment","100","21-May-2020","22-May-2020","-","-"
"772GS2025","GOVERNMENT OF INDIA","GS"," Interest Payment","100","21-May-2020","22-May-2020","-","-"
"815GS2026","GOVERNMENT OF INDIA","GS"," Interest Payment","100","21-May-2020","22-May-2020","-","-"
"883GS2023","GOVERNMENT OF INDIA","GS"," Interest Payment","100","21-May-2020","22-May-2020","-","-"
"662GS2051","GOVERNMENT OF INDIA","GS"," Interest Payment","100","26-May-2020","27-May-2020","-","-"
"EMBASSY","Embassy Office Parks REIT","RR"," Distribution - Rs 6.89 Per Unit","300","27-May-2020","28-May-2020","-","-"
"817GS2044","GOVERNMENT OF INDIA","GS"," Interest Payment","100","28-May-2020","30-May-2020","-","-"
"1025GS2021","GOVERNMENT OF INDIA","GS"," Interest Payment","100","28-May-2020","30-May-2020","-","-"
"INFY","Infosys Limited","EQ"," Dividend - Rs 9.50 Per Share","5","29-May-2020","01-Jun-2020","-","-"
"86GS2028","GOVERNMENT OF INDIA","GS"," Interest Payment","100","29-May-2020","01-Jun-2020","-","-"
"INDIGRID","IndiGrid Infrastructure Trust","IV"," Distribution - Rs 3 Per Unit","100","01-Jun-2020","02-Jun-2020","-","-"
"COLPAL","Colgate Palmolive (India) Limited","EQ"," Interim Dividend - Rs 16 Per Share","1","01-Jun-2020","02-Jun-2020","-","-"
"613GS2028","GOVERNMENT OF INDIA","GS"," Interest Payment","100","02-Jun-2020","03-Jun-2020","-","-"
"657GS2033","GOVERNMENT OF INDIA","GS"," Interest Payment","100","03-Jun-2020","04-Jun-2020","-","-"
"TCS","Tata Consultancy Services Limited","EQ"," Dividend - Rs 6 Per Share","1","03-Jun-2020","04-Jun-2020","-","-"
"897GS2030","GOVERNMENT OF INDIA","GS"," Interest Payment","100","03-Jun-2020","04-Jun-2020","-","-"
"KKCL","Kewal Kiran Clothing Limited","EQ"," Interim Dividend - Rs 6 Per Share","10","04-Jun-2020","05-Jun-2020","-","-"
"OSEINTRUST","Oriental InfraTrust","IV"," Interest -Rs 0.96/Return On Capital -Rs 0.85/Interim Dividend -Rs 1.45","100","04-Jun-2020","05-Jun-2020","-","-"
"DICIND","DIC India Limited","EQ"," Annual General Meeting/Dividend - Rs 4.50 Per Share","10","04-Jun-2020","05-Jun-2020","-","-"
"833GS2036","GOVERNMENT OF INDIA","GS"," Interest Payment","100","04-Jun-2020","06-Jun-2020","-","-"
"JSWHL","JSW Holdings Limited","EQ"," Annual General Meeting","10","04-Jun-2020","-","08-Jun-2020","09-Jun-2020"
"812GS2020","GOVERNMENT OF INDIA","GS"," Interest Payment","100","08-Jun-2020","09-Jun-2020","-","-"
"GESHIP","The Great Eastern Shipping Company Limited","EQ"," Interim Dividend - Rs 2.70 Per Sh","10","09-Jun-2020","10-Jun-2020","-","-"
"TANLA","Tanla Platforms Limited","EQ"," Buyback","1","09-Jun-2020","10-Jun-2020","-","-"
"815GS2022A","GOVERNMENT OF INDIA","GS"," Interest Payment","100","09-Jun-2020","10-Jun-2020","-","-"
"IRBINVIT","IRB InvIT Fund","IV"," Distribution - Rs 1.80 Per Unit","102","10-Jun-2020","11-Jun-2020","-","-"
"883GS2041","GOVERNMENT OF INDIA","GS"," Interest Payment","100","10-Jun-2020","11-Jun-2020","-","-"
"617GS2023","GOVERNMENT OF INDIA","GS"," Interest Payment","100","10-Jun-2020","11-Jun-2020","-","-"
"ESABINDIA","Esab India Limited","EQ"," Interim Dividend - Rs 70 Per Share","10","11-Jun-2020","12-Jun-2020","-","-"
"768GS2023","GOVERNMENT OF INDIA","GS"," Interest Payment","100","11-Jun-2020","12-Jun-2020","-","-"
"HUHTAMAKI","Huhtamaki India Limited","EQ"," Dividend - Rs 3 Per Share","2","11-Jun-2020","-","15-Jun-2020","23-Jun-2020"
"NESTLEIND","Nestle India Limited","EQ"," Annual General Meeting/Dividend - Rs 61 Per Share","1","11-Jun-2020","-","13-Jun-2020","19-Jun-2020"
"772GS2049","GOVERNMENT OF INDIA","GS"," Interest Payment","100","11-Jun-2020","12-Jun-2020","-","-"
"WELENT","Welspun Enterprises Limited","EQ"," Dividend - Rs 2 Per Share","10","11-Jun-2020","-","13-Jun-2020","15-Jun-2020"
"KANSAINER","Kansai Nerolac Paints Limited","EQ"," Annual General Meeting/Dividend - Rs 3.15 Per Share","1","12-Jun-2020","-","16-Jun-2020","22-Jun-2020"
"TATACOFFEE","Tata Coffee Limited","EQ"," Annual General Meeting/Dividend - Rs 1.50 Per Share","1","12-Jun-2020","-","16-Jun-2020","22-Jun-2020"
"769GS2043","GOVERNMENT OF INDIA","GS"," Interest Payment","100","15-Jun-2020","16-Jun-2020","-","-"
"763GS2059","GOVERNMENT OF INDIA","GS"," Interest Payment","100","15-Jun-2020","16-Jun-2020","-","-"
"757GS2033","GOVERNMENT OF INDIA","GS"," Interest Payment","100","15-Jun-2020","16-Jun-2020","-","-"
"ADANIPOWER","Adani Power Limited","EQ"," Annual General Meeting","2","16-Jun-2020","-","18-Jun-2020","25-Jun-2020"
"REFEX","Refex Industries Limited","EQ"," Rights 5:14@ Premium Rs 35/-","2","16-Jun-2020","17-Jun-2020","-","-"
"ADANIENSOL","Adani Energy Solutions Limited","EQ"," Annual General Meeting","10","16-Jun-2020","-","18-Jun-2020","25-Jun-2020"
"ADANIGREEN","Adani Green Energy Limited","EQ"," Annual General Meeting","10","16-Jun-2020","-","18-Jun-2020","25-Jun-2020"
"CIEINDIA","CIE Automotive India Limited","EQ"," Annual General Meeting","10","17-Jun-2020","-","19-Jun-2020","25-Jun-2020"
"ATGL","Adani Total Gas Limited","EQ"," Annual General Meeting","1","17-Jun-2020","-","19-Jun-2020","26-Jun-2020"
"RALLIS","Rallis India Limited","EQ"," Annual General Meeting/Dividend - Rs 2.50 Per Share","1","17-Jun-2020","-","19-Jun-2020","26-Jun-2020"
"ADANIPORTS","Adani Ports and Special Economic Zone Limited","EQ"," Annual General Meeting","2","17-Jun-2020","-","19-Jun-2020","26-Jun-2020"
"ADANIENT","Adani Enterprises Limited","EQ"," Annual General Meeting","1","17-Jun-2020","-","19-Jun-2020","26-Jun-2020"
"684GS2022","GOVERNMENT OF INDIA","GS"," Interest Payment","100","17-Jun-2020","18-Jun-2020","-","-"
"773GS2034","GOVERNMENT OF INDIA","GS"," Interest Payment","100","17-Jun-2020","18-Jun-2020","-","-"
"VBL","Varun Beverages Limited","EQ"," Annual General Meeting","2","17-Jun-2020","-","19-Jun-2020","26-Jun-2020"
"TATACONSUM","TATA CONSUMER PRODUCTS LIMITED","EQ"," Annual General Meeting/Dividend -Rs 2.70 Per Share","1","18-Jun-2020","-","22-Jun-2020","29-Jun-2020"
"813GS2045","GOVERNMENT OF INDIA","GS"," Interest Payment","100","18-Jun-2020","20-Jun-2020","-","-"
"735GS2024","GOVERNMENT OF INDIA","GS"," Interest Payment","100","18-Jun-2020","20-Jun-2020","-","-"
"923GS2043","GOVERNMENT OF INDIA","GS"," Interest Payment","100","19-Jun-2020","22-Jun-2020","-","-"
"EDUCOMP","Educomp Solutions Limited","EQ"," Annual General Meeting","2","19-Jun-2020","-","23-Jun-2020","29-Jun-2020"
"HINDUNILVR","Hindustan Unilever Limited","EQ"," Annual General Meeting/Dividend - Rs 14 Per Share","1","19-Jun-2020","-","23-Jun-2020","30-Jun-2020"
"5PAISA","5Paisa Capital Limited","EQ"," Annual General Meeting","10","19-Jun-2020","-","23-Jun-2020","29-Jun-2020"
"SCHAEFFLER","Schaeffler India Limited","EQ"," Annual General Meeting/Dividend - Rs 35 Per Share","2","19-Jun-2020","-","23-Jun-2020","30-Jun-2020"
"MOTOGENFIN","The Motor & General Finance Limited","EQ"," Face Value Split (Sub-Division) - From Rs 10 Per Share To Rs 5  Per Share","5","19-Jun-2020","22-Jun-2020","-","-"
"IIFLCAPS","IIFL Capital Services Limited","EQ"," Annual General Meeting","2","22-Jun-2020","-","24-Jun-2020","30-Jun-2020"
"SHREDIGCEM","Shree Digvijay Cement Co.Ltd","EQ"," Dividend - Rs 1.50 Per Share","10","22-Jun-2020","23-Jun-2020","-","-"
"TECHIN","Techindia Nirman Limited","EQ"," Annual General Meeting","10","22-Jun-2020","-","24-Jun-2020","28-Jun-2020"
"IIFL","IIFL Finance Limited","EQ"," Annual General Meeting","2","22-Jun-2020","-","24-Jun-2020","30-Jun-2020"
"TATACHEM","Tata Chemicals Limited","EQ"," Annual General Meeting/Dividend - Rs 11 Per Share","10","22-Jun-2020","-","24-Jun-2020","30-Jun-2020"
"IL&FSTRANS","IL&FS Transportation Networks Limited","EQ"," Annual General Meeting","10","22-Jun-2020","-","24-Jun-2020","30-Jun-2020"
"BAYERCROP","Bayer Cropscience Limited","EQ"," Interim Dividend - Rs 90 Per Share","10","23-Jun-2020","24-Jun-2020","-","-"
"AGRITECH","Agri-Tech (India) Limited","EQ"," Annual General Meeting","10","23-Jun-2020","-","25-Jun-2020","29-Jun-2020"
"679GS2029","GOVERNMENT OF INDIA","GS"," Interest Payment","100","24-Jun-2020","25-Jun-2020","-","-"
"RSYSTEMS","R Systems International Limited","EQ"," Annual General Meeting","1","24-Jun-2020","-","26-Jun-2020","30-Jun-2020"
"116GS2020","GOVERNMENT OF INDIA","GS"," Interest Payment","100","25-Jun-2020","26-Jun-2020","-","-"
"CASTROLIND","Castrol India Limited","EQ"," Interim Dividend - Rs 3 Per Share","5","26-Jun-2020","29-Jun-2020","-","-"
"GHCL","GHCL Limited","EQ"," Annual General Meeting","10","26-Jun-2020","29-Jun-2020","-","-"
"NATCOPHARM","Natco Pharma Limited","EQ"," Interim Dividend - Re 1 Per Share","2","26-Jun-2020","29-Jun-2020","-","-"
"83GS2042","GOVERNMENT OF INDIA","GS"," Interest Payment","100","26-Jun-2020","29-Jun-2020","-","-"
"NAM-INDIA","Nippon Life India Asset Management Limited","EQ"," Dividend - Rs 2 Per Share","10","29-Jun-2020","30-Jun-2020","-","-"
"SANOFI","Sanofi India Limited","EQ"," Dividend - Rs 106 Per Share Special Dividend 243 Per Share","10","29-Jun-2020","-","01-Jul-2020","07-Jul-2020"
"BRITANNIA","Britannia Industries Limited","EQ"," Annual General Meeting","1","29-Jun-2020","-","01-Jul-2020","07-Jul-2020"
"HEXAWARE","Hexaware Technologies Limited","EQ"," Interim Dividend - Rs 3 Per Share","2","30-Jun-2020","01-Jul-2020","-","-"
"ABFRL","Aditya Birla Fashion and Retail Limited","EQ"," Rights 9:77 Partly Paid @ Premium Rs 100/-","10","30-Jun-2020","01-Jul-2020","-","-"
"TRIDENT","Trident Limited","EQ"," Annual General Meeting","1","30-Jun-2020","-","02-Jul-2020","02-Jul-2020"
"TSFINV","TSF INVESTMENTS LIMITED","EQ"," Annual General Meeting/Dividend - Rs 0.50 Per Share","5","30-Jun-2020","-","02-Jul-2020","15-Jul-2020"
"83GS2040","GOVERNMENT OF INDIA","GS"," Interest Payment","100","30-Jun-2020","01-Jul-2020","-","-"
"TATAINVEST","Tata Investment Corporation Limited","EQ"," Annual General Meeting/Dividend - Rs 18 Per Share","1","01-Jul-2020","-","03-Jul-2020","09-Jul-2020"
"LAURUSLABS","Laurus Labs Limited","EQ"," Annual General Meeting/Dividend - Re 1 Per Share","2","01-Jul-2020","-","03-Jul-2020","09-Jul-2020"
"DHARAN","DHARAN INFRA-EPC LIMITED","EQ"," Face Value Split (Sub-Division) - From Rs 10/- Per Share To Rs 2/- Per Share","1","02-Jul-2020","03-Jul-2020","-","-"
"NEULANDLAB","Neuland Laboratories Limited","EQ"," Annual General Meeting","10","02-Jul-2020","-","04-Jul-2020","10-Jul-2020"
"MPHASIS","MphasiS Limited","EQ"," Annual General Meeting/Dividend - Rs 35 Per Share","10","02-Jul-2020","-","04-Jul-2020","23-Jul-2020"
"JUSTDIAL","Just Dial Limited","EQ"," Buyback","10","02-Jul-2020","03-Jul-2020","-","-"
"DCBBANK","DCB Bank Limited","EQ"," Annual General Meeting","10","02-Jul-2020","04-Jul-2020","-","-"
"RELIANCE","Reliance Industries Limited","EQ"," Dividend - Rs 6.50  Per Share","10","02-Jul-2020","03-Jul-2020","-","-"
"BALRAMCHIN","Balrampur Chini Mills Limited","EQ"," Buyback","1","02-Jul-2020","03-Jul-2020","-","-"
"BIRLAMONEY","Aditya Birla Money Limited","EQ"," Annual General Meeting","1","02-Jul-2020","-","04-Jul-2020","10-Jul-2020"
"SUNDARMFIN","Sundaram Finance Limited","EQ"," Annual General Meeting/Dividend - Rs 3 Per Share","10","02-Jul-2020","-","04-Jul-2020","22-Jul-2020"
"SWARAJENG","Swaraj Engines Limited","EQ"," Dividend - Rs 25 Per Share Special Dividend - Rs 15 Per Share","10","02-Jul-2020","-","04-Jul-2020","10-Jul-2020"
"HINDPETRO","Hindustan Petroleum Corporation Limited","EQ"," Dividend - Rs 9.75 Per Share","10","02-Jul-2020","-","06-Jul-2020","10-Jul-2020"
"717GS2028","GOVERNMENT OF INDIA","GS"," Interest Payment","100","06-Jul-2020","07-Jul-2020","-","-"
"MINDTREE","MindTree Limited","EQ"," Annual General Meeting/Dividend - Rs 10 Per Share","10","06-Jul-2020","-","08-Jul-2020","14-Jul-2020"
"JSWSTEEL","JSW Steel Limited","EQ"," Dividend - Rs 2 Per Share","1","06-Jul-2020","-","08-Jul-2020","10-Jul-2020"
"ITC","ITC Limited","EQ"," Dividend - Rs 10.15 Per Share","1","06-Jul-2020","-","08-Jul-2020","09-Jul-2020"
"HINDNATGLS","Hindusthan National Glass & Industries Limited","EQ"," Annual General Meeting","2","06-Jul-2020","-","08-Jul-2020","15-Jul-2020"
"833GS2026","GOVERNMENT OF INDIA","GS"," Interest Payment","100","07-Jul-2020","08-Jul-2020","-","-"
"LTTS","L&T Technology Services Limited","EQ"," Annual General Meeting/Dividend - Rs 13.50 Per Share","2","08-Jul-2020","-","10-Jul-2020","17-Jul-2020"
"BOMDYEING","Bombay Dyeing & Mfg Company Limited","EQ"," Dividend - Rs 0.20 Per Share","2","08-Jul-2020","-","10-Jul-2020","15-Jul-2020"
"ONWARDTEC","Onward Technologies Limited","EQ"," Annual General Meeting/Dividend - Rs 1.50 Per Sh","10","08-Jul-2020","-","10-Jul-2020","16-Jul-2020"
"WIPRO","Wipro Limited","EQ"," Annual General Meeting","2","08-Jul-2020","-","10-Jul-2020","13-Jul-2020"
"MAYURUNIQ","Mayur Uniquoters Ltd","EQ"," Annual General Meeting/Dividend - Re 1 Per Share","5","08-Jul-2020","-","10-Jul-2020","11-Jul-2020"
"RBLBANK","RBL Bank Limited","EQ"," Annual General Meeting","10","09-Jul-2020","-","11-Jul-2020","17-Jul-2020"
"ADVENZYMES","Advanced Enzyme Technologies Limited","EQ"," Annual General Meeting/Dividend - Rs 0.60 Per Share","2","09-Jul-2020","-","11-Jul-2020","15-Jul-2020"
"HDFCAMC","HDFC Asset Management Company Limited","EQ"," Annual General Meeting/Dividend - Rs 28 Per Sh","5","09-Jul-2020","-","11-Jul-2020","23-Jul-2020"
"SHRIRAMFIN","Shriram Finance Limited","EQ"," Rights 3:26 @ Premium Rs 560/-","2","09-Jul-2020","10-Jul-2020","-","-"
"HDFC","Housing Development Finance Corporation Limited","EQ"," Annual General Meeting/Dividend - Rs 21 Per Share","2","09-Jul-2020","-","13-Jul-2020","30-Jul-2020"
"LTM","LTIMindtree Limited","EQ"," Annual General Meeting/Dividend - Rs 15.50 Per Share","1","09-Jul-2020","11-Jul-2020","-","-"
"SHANTIGEAR","Shanthi Gears Limited","EQ"," Annual General Meeting","1","09-Jul-2020","-","11-Jul-2020","21-Jul-2020"
"759GS2026","GOVERNMENT OF INDIA","GS"," Interest Payment","100","09-Jul-2020","10-Jul-2020","-","-"
"FEDERALBNK","The Federal Bank  Limited","EQ"," Annual General Meeting","2","09-Jul-2020","-","11-Jul-2020","16-Jul-2020"
"PVRINOX","PVR INOX Limited","EQ"," Rights 7:94 @ Premium Rs 774/-","10","09-Jul-2020","10-Jul-2020","-","-"
"726GS2029","GOVERNMENT OF INDIA","GS"," Interest Payment","100","10-Jul-2020","13-Jul-2020","-","-"
"CSBBANK","CSB Bank Limited","EQ"," Annual General Meeting","10","10-Jul-2020","-","14-Jul-2020","20-Jul-2020"
"POLYCAB","Polycab India Limited","EQ"," Annual General Meeting","10","13-Jul-2020","-","15-Jul-2020","21-Jul-2020"
"617GS2021","GOVERNMENT OF INDIA","GS"," Interest Payment","100","13-Jul-2020","14-Jul-2020","-","-"
"TATAELXSI","Tata Elxsi Limited","EQ"," Annual General Meeting/Dividend - Rs 16.50 Per Share","10","13-Jul-2020","-","15-Jul-2020","21-Jul-2020"
"DRREDDY","Dr. Reddy's Laboratories Limited","EQ"," Annual General Meeting/Dividend - Rs 25 Per Share","1","13-Jul-2020","-","15-Jul-2020","17-Jul-2020"
"FSL","Firstsource Solutions Limited","EQ"," Annual General Meeting","10","13-Jul-2020","-","15-Jul-2020","21-Jul-2020"
"JSWISPL","JSW Ispat Special Products Limited","EQ"," Annual General Meeting","10","14-Jul-2020","-","16-Jul-2020","22-Jul-2020"
"SKFINDIA","SKF India Limited","EQ"," Annual General Meeting / Dividend - Rs 130 Per Share","10","14-Jul-2020","-","16-Jul-2020","23-Jul-2020"
"TATAPOWER","Tata Power Company Limited","EQ"," Annual General Meeting/Dividend - Rs 1.55 Per Share","1","14-Jul-2020","-","16-Jul-2020","30-Jul-2020"
"KUANTUM","Kuantum Papers Limited","EQ"," Face Value Split (Sub-Division) - From Rs 10/- Per Share To Re 1/- Per Share","1","14-Jul-2020","15-Jul-2020","-","-"
"PILITA","PIL ITALICA LIFESTYLE LIMITED","EQ"," Annual General Meeting","1","15-Jul-2020","-","17-Jul-2020","24-Jul-2020"
"WENDT","Wendt (India) Limited","EQ"," Annual General Meeting/Dividend - Rs 25 Per  Share","10","15-Jul-2020","-","17-Jul-2020","24-Jul-2020"
"PETRONET","Petronet LNG Limited","EQ"," Dividend - Rs 7 Per Share","10","15-Jul-2020","16-Jul-2020","-","-"
"TIINDIA","Tube Investments of India Limited","EQ"," Annual General Meeting","1","15-Jul-2020","-","17-Jul-2020","23-Jul-2020"
"TASTYBITE","Tasty Bite Eatables Limited","EQ"," Annual General Meeting/Dividend - Rs 2 Per Share","10","16-Jul-2020","-","18-Jul-2020","06-Aug-2020"
"GRINDWELL","Grindwell Norton Limited","EQ"," Annual General Meetingdividend - Rs 7.50 Per Share","5","16-Jul-2020","-","18-Jul-2020","24-Jul-2020"
"LMW","LMW Limited","EQ"," Annual General Meeting/Dividend - Rs 10 Per Share","10","16-Jul-2020","-","18-Jul-2020","24-Jul-2020"
"SUDARCOLOR","Sudarshan Colorants India Limited","EQ"," Special Dividend - Rs 140 Per Share","10","16-Jul-2020","18-Jul-2020","-","-"
"ABB","ABB India Limited","EQ"," Annual General Meeting/Dividend - Rs 4.80 Per Share","2","16-Jul-2020","-","18-Jul-2020","24-Jul-2020"
"ASTEC","Astec LifeSciences Limited","EQ"," Annual General Meeting/Dividend - Rs 1.50 Per Share","10","16-Jul-2020","-","18-Jul-2020","21-Jul-2020"
"VISAKAIND","Visaka Industries Limited","EQ"," Annual General Meeting","2","16-Jul-2020","-","18-Jul-2020","23-Jul-2020"
"BBTC","The Bombay Burmah Trading Corporation Limited","EQ"," Dividend - Rs 1.20 Per Share","2","16-Jul-2020","-","18-Jul-2020","24-Jul-2020"
"PEL","Piramal Enterprises Limited","EQ"," Annual General Meeting/Dividend - Rs 14 Per Share","2","16-Jul-2020","-","18-Jul-2020","30-Jul-2020"
"NATHBIOGEN","Nath Bio-Genes (India) Limited","EQ"," Annual General Meeting","10","16-Jul-2020","-","19-Jul-2020","23-Jul-2020"
"683GS2039","GOVERNMENT OF INDIA","GS"," Interest Payment","100","16-Jul-2020","18-Jul-2020","-","-"
"PERSISTENT","Persistent Systems Limited","EQ"," Annual General Meeting","5","16-Jul-2020","-","18-Jul-2020","24-Jul-2020"
"TCS","Tata Consultancy Services Limited","EQ"," Interim Dividend - Rs    5 Per Share","1","16-Jul-2020","17-Jul-2020","-","-"
"COROMANDEL","Coromandel International Limited","EQ"," Annual General Meeting/Dividend - Rs 12 Per Share","1","16-Jul-2020","-","18-Jul-2020","24-Jul-2020"
"M&M","Mahindra & Mahindra Limited","EQ"," Annual General Meeting/Dividend - Rs 2.35 Per Share","5","16-Jul-2020","-","18-Jul-2020","07-Aug-2020"
"IRB","IRB Infrastructure Developers Limited","EQ"," Dividend - Rs 5 Per Share","1","16-Jul-2020","17-Jul-2020","-","-"
"TCIEXP","TCI Express Limited","EQ"," Annual General Meeting","2","16-Jul-2020","-","18-Jul-2020","24-Jul-2020"
"700GS2021","GOI LOAN 7.00% 2021","GS"," Interest Payment","100","17-Jul-2020","20-Jul-2020","-","-"
"SHANKARA","Shankara Building Products Limited","EQ"," Annual General Meeting","10","17-Jul-2020","-","21-Jul-2020","29-Jul-2020"
"GLAXO","GlaxoSmithKline Pharmaceuticals Limited","EQ"," Dividend - Rs 20 And Special Dividend - Rs 20 Per Share","10","17-Jul-2020","20-Jul-2020","-","-"
"INDHOTEL","The Indian Hotels Company Limited","EQ"," Annual General Meeting/Dividend - Rs 0.50 Per Share","1","17-Jul-2020","-","21-Jul-2020","27-Jul-2020"
"SRIPIPES","Srikalahasthi Pipes Limited","EQ"," Annual General Meeting/Dividend - Rs 7 Per Share","10","17-Jul-2020","-","21-Jul-2020","27-Jul-2020"
"TEJASNET","Tejas Networks Limited","EQ"," Annual General Meeting","10","20-Jul-2020","-","22-Jul-2020","28-Jul-2020"
"LTF","L&T Finance Limited","EQ"," Annual General Meeting","10","20-Jul-2020","-","22-Jul-2020","28-Jul-2020"
"VSTIND","VST Industries Limited","EQ"," Dividend - Rs 103 Per Share","10","20-Jul-2020","-","22-Jul-2020","29-Jul-2020"
"NEWGEN","Newgen Software Technologies Limited","EQ"," Annual General Meeting/Dividend - Rs 2 Per Share","10","20-Jul-2020","21-Jul-2020","-","-"
"ORIENTHOT","Oriental Hotels Limited","EQ"," Annual General Meeting/Dividend - Rs 0.20 Per Share","1","20-Jul-2020","-","22-Jul-2020","28-Jul-2020"
"GRAPHITE","Graphite India Limited","EQ"," Annual General Meeting","2","20-Jul-2020","-","22-Jul-2020","28-Jul-2020"
"PRECAM","Precision Camshafts Limited","EQ"," Annual General Meeting","10","21-Jul-2020","-","23-Jul-2020","30-Jul-2020"
"CHEMFAB","Chemfab Alkalis Limited","EQ"," Annual General Meeting/Dividend - Rs 1.25 Per Share","10","21-Jul-2020","-","23-Jul-2020","29-Jul-2020"
"BIRLANU","BirlaNu Limited","EQ"," Annual General Meeting/Dividend - Rs 10 Per Share","10","21-Jul-2020","22-Jul-2020","-","-"
"AJANTPHARM","Ajanta Pharma Limited","EQ"," Annual General Meeting","2","21-Jul-2020","-","23-Jul-2020","30-Jul-2020"
"COLPAL","Colgate Palmolive (India) Limited","EQ"," Annual General Meeting","1","21-Jul-2020","-","23-Jul-2020","29-Jul-2020"
"VAIBHAVGBL","Vaibhav Global Limited","EQ"," Annual General Meeting/Dividend - Rs 7 Per Share","2","21-Jul-2020","-","23-Jul-2020","23-Jul-2020"
"TTL","T T Limited","EQ"," Annual General Meeting","1","21-Jul-2020","-","23-Jul-2020","29-Jul-2020"
"BSE","BSE Limited","EQ"," Dividend - Rs 17 Per Share","2","22-Jul-2020","23-Jul-2020","-","-"
"PCBL","PCBL Chemical Limited","EQ"," Annual General Meeting","1","22-Jul-2020","-","24-Jul-2020","30-Jul-2020"
"BANKBARODA","Bank of Baroda","EQ"," Annual General Meeting","2","22-Jul-2020","-","24-Jul-2020","31-Jul-2020"
"ICIL","Indo Count Industries Limited","EQ"," Dividend - Rs 0.60 Per Share","2","22-Jul-2020","23-Jul-2020","-","-"
"WHEELS","Wheels India Limited","EQ"," Annual General Meeting/Dividend - Rs 2.65 Per Share","10","22-Jul-2020","-","24-Jul-2020","30-Jul-2020"
"TCPLPACK","TCPL Packaging Limited","EQ"," Annual General Meeting/Dividend - Rs 4 Per Share","10","22-Jul-2020","-","24-Jul-2020","30-Jul-2020"
"GESHIP","The Great Eastern Shipping Company Limited","EQ"," Annual General Meeting","10","22-Jul-2020","-","24-Jul-2020","30-Jul-2020"
"BASF","BASF India Limited","EQ"," Annual General Meeting/Dividend - Rs 3 Per Share","10","22-Jul-2020","-","24-Jul-2020","30-Jul-2020"
"M&MFIN","Mahindra & Mahindra Financial Services Limited","EQ"," Rights 1:1 @ Premium Rs 48/-","2","22-Jul-2020","23-Jul-2020","-","-"
"GODREJAGRO","Godrej Agrovet Limited","EQ"," Annual General Meeting/Dividend - Rs 5.50 Per Share","10","22-Jul-2020","-","24-Jul-2020","30-Jul-2020"
"MAHLOG","Mahindra Logistics Limited","EQ"," Dividend - Rs 1.50 Per Share","10","23-Jul-2020","-","25-Jul-2020","30-Jul-2020"
"SPENCERS","Spencer's Retail Limited","EQ"," Annual General Meeting","5","23-Jul-2020","-","27-Jul-2020","03-Aug-2020"
"BAFNAPH","Bafna Pharmaceuticals Limited","EQ"," Annual General Meeting","10","23-Jul-2020","-","25-Jul-2020","31-Jul-2020"
"RPSGVENT","RPSG VENTURES LIMITED","EQ"," Annual General Meeting","10","23-Jul-2020","-","27-Jul-2020","03-Aug-2020"
"CHEMBOND","Chembond Material Technologies Limited","EQ"," Annual General Meeting","5","23-Jul-2020","-","25-Jul-2020","30-Jul-2020"
"ASIANPAINT","Asian Paints Limited","EQ"," Annual General Meeting/Dividend - Rs  1.50 Per Share","1","23-Jul-2020","-","25-Jul-2020","05-Aug-2020"
"SHRIRAMCIT","Shriram City Union Finance Limited","EQ"," Annual General Meeting","10","23-Jul-2020","-","25-Jul-2020","31-Jul-2020"
"HCLTECH","HCL Technologies Limited","EQ"," Interim Dividend - Rs 2 Per Share","2","23-Jul-2020","25-Jul-2020","-","-"
"GDL","Gateway Distriparks Limited","EQ"," Rights 4:27 @ Premium Rs 62/-","10","23-Jul-2020","24-Jul-2020","-","-"
"ORIENTCEM","Orient Cement Limited","EQ"," Annual General Meeting/Dividend - Rs 0.75 Per Share","1","23-Jul-2020","-","25-Jul-2020","31-Jul-2020"
"CGCL","Capri Global Capital Limited","EQ"," Annual General Meeting/Dividend - Rs 0.20 Per Sh","1","23-Jul-2020","-","25-Jul-2020","31-Jul-2020"
"APCOTEXIND","Apcotex Industries Limited","EQ"," Annual General Meeting","2","23-Jul-2020","-","25-Jul-2020","03-Aug-2020"
"CESC","CESC Limited","EQ"," Annual General Meeting","1","23-Jul-2020","-","27-Jul-2020","03-Aug-2020"
"SOBHA","Sobha Limited","EQ"," Annual General Meeting/Dividend - Rs 7 Per Share","10","23-Jul-2020","-","25-Jul-2020","25-Jul-2020"
"TIMKEN","Timken India Limited","EQ"," Annual General Meeting/Dividend - Rs 50 Per Share","10","23-Jul-2020","-","25-Jul-2020","20-Aug-2020"
"NUCLEUS","Nucleus Software Exports Limited","EQ"," Annual General Meeting","10","23-Jul-2020","-","25-Jul-2020","31-Jul-2020"
"TECHM","Tech Mahindra Limited","EQ"," Annual General Meeting/Dividend - Rs 5 Per Share","5","23-Jul-2020","-","25-Jul-2020","28-Jul-2020"
"84GS2024","GOVERNMENT OF INDIA","GS"," Interest Payment","100","24-Jul-2020","27-Jul-2020","-","-"
"732GS2024","GOVERNMENT OF INDIA","GS"," Interest Payment","100","24-Jul-2020","27-Jul-2020","-","-"
"WOCKPHARMA","Wockhardt Limited","EQ"," Annual General Meeting","5","24-Jul-2020","-","28-Jul-2020","03-Aug-2020"
"TRENT","Trent Limited","EQ"," Annual General Meeting/Dividend - Re 1 Per Share","1","24-Jul-2020","-","28-Jul-2020","30-Jul-2020"
"STAR","Strides Pharma Science Limited","EQ"," Annual General Meeting/Dividend - Rs 2 Per Share","10","24-Jul-2020","27-Jul-2020","-","-"
"CYIENT","Cyient Limited","EQ"," Annual General Meeting","5","24-Jul-2020","-","28-Jul-2020","31-Jul-2020"
"PNB","Punjab National Bank","EQ"," Annual General Meeting","2","27-Jul-2020","-","29-Jul-2020","04-Aug-2020"
"ZENSARTECH","Zensar Technologies Limited","EQ"," Annual General Meeting","2","27-Jul-2020","-","29-Jul-2020","05-Aug-2020"
"NIBL","NRB Industrial Bearings Limited","EQ"," Annual General Meeting","2","27-Jul-2020","-","29-Jul-2020","04-Aug-2020"
"BAYERCROP","Bayer Cropscience Limited","EQ"," Annual General Meeting/Dividend - Rs 25 Per Share","10","27-Jul-2020","-","29-Jul-2020","07-Aug-2020"
"VIPIND","VIP Industries Limited","EQ"," Annual General Meeting","2","27-Jul-2020","-","29-Jul-2020","05-Aug-2020"
"EIDPARRY","EID Parry India Limited","EQ"," Annual General Meeting","1","27-Jul-2020","-","29-Jul-2020","05-Aug-2020"
"UNIONBANK","Union Bank of India","EQ"," Annual General Meeting","10","27-Jul-2020","-","29-Jul-2020","04-Aug-2020"
"PNBHOUSING","PNB Housing Finance Limited","EQ"," Annual General Meeting","10","28-Jul-2020","-","30-Jul-2020","05-Aug-2020"
"SATIN","Satin Creditcare Network Limited","EQ"," Annual General Meeting","10","28-Jul-2020","-","30-Jul-2020","05-Aug-2020"
"SOLARA","Solara Active Pharma Sciences Limited","EQ"," Annual General Meeting/Dividend - Rs 2 Per Share","10","28-Jul-2020","-","30-Jul-2020","04-Aug-2020"
"SPENCERS","Spencer's Retail Limited","EQ"," Rights 2:15 @ Premium Rs 70/-","5","28-Jul-2020","29-Jul-2020","-","-"
"MAHEPC","Mahindra EPC Irrigation Limited","EQ"," Annual General Meeting/Dividend - Rs 1.20 Per Share","10","28-Jul-2020","-","30-Jul-2020","03-Aug-2020"
"RBL","Rane Brake Lining Limited","EQ"," Annual General Meeting/Dividend - Rs 11 Per Share","10","28-Jul-2020","29-Jul-2020","-","-"
"SESHAPAPER","Seshasayee Paper and Boards Limited","EQ"," Annual General Meeting/Dividend - Rs 3.50 Per Share Special Dividend - Rs 0.50 Per Share","2","28-Jul-2020","-","30-Jul-2020","08-Aug-2020"
"HATSUN","Hatsun Agro Product Limited","EQ"," Interim Dividend - Rs 4 Per Share Special Dividend Rs 4 Per Share","1","28-Jul-2020","29-Jul-2020","-","-"
"CIGNITITEC","Cigniti Technologies Limited","EQ"," Annual General Meeting","10","28-Jul-2020","-","30-Jul-2020","03-Aug-2020"
"GRANULES","Granules India Limited","EQ"," Interim Dividend - Rs 0.25 Per Share","1","28-Jul-2020","29-Jul-2020","-","-"
"ADFFOODS","ADF Foods Limited","EQ"," Annual General Meeting","2","28-Jul-2020","-","30-Jul-2020","05-Aug-2020"
"DEEPAKNTR","Deepak Nitrite Limited","EQ"," Annual General Meeting","2","29-Jul-2020","-","31-Jul-2020","07-Aug-2020"
"GPPL","Gujarat Pipavav Port Limited","EQ"," Dividend - Rs 3.50 Per Sh","10","29-Jul-2020","-","31-Jul-2020","06-Aug-2020"
"GMBREW","GM Breweries Limited","EQ"," Annual General Meeting/Dividend - Rs 3 Per Share","10","29-Jul-2020","-","31-Jul-2020","06-Aug-2020"
"BATAINDIA","Bata India Limited","EQ"," Annual General Meeting/Dividend - Rs 4 Per Share","5","29-Jul-2020","-","31-Jul-2020","06-Aug-2020"
"RANEENGINE","Rane Engine Valve Limited","EQ"," Annual General Meeting","10","29-Jul-2020","30-Jul-2020","-","-"
"ALEMBICLTD","Alembic Limited","EQ"," Annual General Meeting/Dividend - Rs 0.60 Per Share","2","29-Jul-2020","-","31-Jul-2020","07-Aug-2020"
"JYOTHYLAB","Jyothy Labs Limited","EQ"," Annual General Meeting","1","29-Jul-2020","-","31-Jul-2020","07-Aug-2020"
"ULTRACEMCO","UltraTech Cement Limited","EQ"," Annual General Meeting/Dividend - Rs 13 Per Share","10","29-Jul-2020","-","31-Jul-2020","12-Aug-2020"
"DIGJAMLTD","Digjam Limited","EQ"," Annual General Meeting","10","29-Jul-2020","-","31-Jul-2020","07-Aug-2020"
"ORIENTELEC","Orient Electric Limited","EQ"," Annual General Meeting/Dividend - Rs 0.50 Per Share","1","30-Jul-2020","-","01-Aug-2020","07-Aug-2020"
"RAYMOND","Raymond Limited","EQ"," Annual General Meeting","10","30-Jul-2020","-","01-Aug-2020","12-Aug-2020"
"MMP","MMP Industries Limited","EQ"," Annual General Meeting","10","30-Jul-2020","-","01-Aug-2020","12-Aug-2020"
"KIRLFER","Kirloskar Ferrous Industries Ltd","EQ"," Annual General Meeting","5","30-Jul-2020","-","03-Aug-2020","11-Aug-2020"
"KUANTUM","Kuantum Papers Limited","EQ"," Annual General Meeting/Dividend - Rs 2.50 Per Share","1","30-Jul-2020","-","01-Aug-2020","07-Aug-2020"
"EPL","EPL Limited","EQ"," Dividend - Rs 2.05 Per Share","2","30-Jul-2020","31-Jul-2020","-","-"
"COSMOFIRST","COSMO FIRST LIMITED","EQ"," Annual General Meeting","10","30-Jul-2020","-","01-Aug-2020","07-Aug-2020"
"GABRIEL","Gabriel India Limited","EQ"," Annual General Meeting/Dividend - Rs 0.85 Per Share","1","30-Jul-2020","-","01-Aug-2020","07-Aug-2020"
"RML","Rane (Madras) Limited","EQ"," Annual General Meeting","10","30-Jul-2020","31-Jul-2020","-","-"
"HEROMOTOCO","Hero MotoCorp Limited","EQ"," Annual General Meeting/Dividend - Rs 25 Per Share","2","30-Jul-2020","-","03-Aug-2020","12-Aug-2020"
"MATRIMONY","Matrimony.Com Limited","EQ"," Dividend - Rs  1.50 Per Share And Special Dividend - Rs 2. Per Share","5","30-Jul-2020","31-Jul-2020","-","-"
"808GS2022","GOVERNMENT OF INDIA","GS"," Interest Payment","100","30-Jul-2020","01-Aug-2020","-","-"
"826GS2027","GOVERNMENT OF INDIA","GS"," Interest Payment","100","30-Jul-2020","01-Aug-2020","-","-"
"832GS2032","GOVERNMENT OF INDIA","GS"," Interest Payment","100","30-Jul-2020","01-Aug-2020","-","-"
"UCOBANK","UCO Bank","EQ"," Annual General Meeting","10","30-Jul-2020","-","01-Aug-2020","07-Aug-2020"
"CENTENKA","Century Enka Limited","EQ"," Dividend - Rs 8 Per Share","10","30-Jul-2020","-","03-Aug-2020","05-Aug-2020"
"HINDUNILVR","Hindustan Unilever Limited","EQ"," Special Dividend - Rs 9.50 Per Share","1","30-Jul-2020","31-Jul-2020","-","-"
"UNITEDTEA","The United Nilgiri Tea Estates Company Limited","EQ"," Annual General Meeting/Dividend - Rs 1.70 Per Share","10","30-Jul-2020","-","01-Aug-2020","07-Aug-2020"
"TIRUMALCHM","Thirumalai Chemicals Limited","EQ"," Annual General Meeting","1","30-Jul-2020","-","01-Aug-2020","07-Aug-2020"
"SAKSOFT","Saksoft Limited","EQ"," Annual General Meeting","1","30-Jul-2020","-","01-Aug-2020","10-Aug-2020"
"BALAMINES","Balaji Amines Limited","EQ"," Annual General Meeting/Dividend - Rs 0.60 Per Share","2","30-Jul-2020","-","01-Aug-2020","08-Aug-2020"
"MINDTECK","Mindteck (India) Limited","EQ"," Annual General Meeting","10","30-Jul-2020","-","01-Aug-2020","14-Aug-2020"
"SUNDRMBRAK","Sundaram Brake Linings Limited","EQ"," Annual General Meeting","10","31-Jul-2020","-","04-Aug-2020","10-Aug-2020"
"CENTRALBK","Central Bank of India","EQ"," Annual General Meeting","10","31-Jul-2020","-","04-Aug-2020","07-Aug-2020"
"MAWANASUG","Mawana Sugars Limited","EQ"," Annual General Meeting","10","31-Jul-2020","-","04-Aug-2020","10-Aug-2020"
"CAMLINFINE","Camlin Fine Sciences Limited","EQ"," Annual General Meeting","1","31-Jul-2020","-","04-Aug-2020","10-Aug-2020"
"KOTHARIPET","Kothari Petrochemicals Limited","EQ"," Annual General Meeting","10","31-Jul-2020","-","04-Aug-2020","10-Aug-2020"
"CAPTRUST","Capital Trust Limited","EQ"," Annual General Meeting","10","31-Jul-2020","-","04-Aug-2020","10-Aug-2020"
"CANBK","Canara Bank","EQ"," Annual General Meeting","2","31-Jul-2020","-","04-Aug-2020","10-Aug-2020"
"EIMCOELECO","Eimco Elecon (India) Limited","EQ"," Annual General Meeting/Dividend - Rs 5 Per Share","10","31-Jul-2020","-","04-Aug-2020","10-Aug-2020"
"INDIANB","Indian Bank","EQ"," Annual General Meeting","10","31-Jul-2020","-","04-Aug-2020","07-Aug-2020"
"EQUITAS","Equitas Holdings Limited","EQ"," Annual General Meeting","10","31-Jul-2020","-","04-Aug-2020","10-Aug-2020"
"ISEC","ICICI Securities Limited","EQ"," Annual General Meeting/Dividend - Rs  6.75 Per Share","5","03-Aug-2020","-","05-Aug-2020","11-Aug-2020"
"BOSCHLTD","Bosch Limited","EQ"," Annual General Meeting/Dividend - Rs 105 Per Share","10","03-Aug-2020","-","05-Aug-2020","27-Aug-2020"
"GRPLTD","GRP Limited","EQ"," Annual General Meeting","10","03-Aug-2020","-","05-Aug-2020","11-Aug-2020"
"BANKINDIA","Bank of India","EQ"," Annual General Meeting","10","03-Aug-2020","-","05-Aug-2020","11-Aug-2020"
"KOTARISUG","Kothari Sugars And Chemicals Limited","EQ"," Annual General Meeting","10","03-Aug-2020","-","05-Aug-2020","11-Aug-2020"
"MAHABANK","Bank of Maharashtra","EQ"," Annual General Meeting","10","03-Aug-2020","-","05-Aug-2020","11-Aug-2020"
"DWARKESH","Dwarikesh Sugar Industries Limited","EQ"," Annual General Meeting","1","03-Aug-2020","-","05-Aug-2020","11-Aug-2020"
"JKCEMENT","JK Cement Limited","EQ"," Annual General Meeting","10","03-Aug-2020","-","05-Aug-2020","14-Aug-2020"
"SAREGAMA","Saregama India Limited","EQ"," Annual General Meeting/Dividend - Rs 1.50 Per Share","1","03-Aug-2020","-","05-Aug-2020","11-Aug-2020"
"RSSOFTWARE","R. S. Software (India) Limited","EQ"," Annual General Meeting","5","03-Aug-2020","-","05-Aug-2020","11-Aug-2020"
"PSB","Punjab & Sind Bank","EQ"," Annual General Meeting","10","03-Aug-2020","-","05-Aug-2020","11-Aug-2020"
"LUPIN","Lupin Limited","EQ"," Annual General Meeting/Dividend - Rs  6 Per Share","2","03-Aug-2020","-","05-Aug-2020","12-Aug-2020"
"TITAN","Titan Company Limited","EQ"," Annual General Meeting/Dividend - Rs 4 Per Share","1","03-Aug-2020","-","05-Aug-2020","11-Aug-2020"
"EIHAHOTELS","EIH Associated Hotels Limited","EQ"," Annual General Meeting","10","03-Aug-2020","-","05-Aug-2020","07-Aug-2020"
"WONDERLA","Wonderla Holidays Limited","EQ"," Annual General Meeting","10","03-Aug-2020","-","05-Aug-2020","10-Aug-2020"
"CHALET","Chalet Hotels Limited","EQ"," Annual General Meeting","10","04-Aug-2020","-","06-Aug-2020","11-Aug-2020"
"KPIL","Kalpataru Projects International Limited","EQ"," Annual General Meeting","2","04-Aug-2020","-","06-Aug-2020","12-Aug-2020"
"QUICKHEAL","Quick Heal Technologies Limited","EQ"," Annual General Meeting","10","04-Aug-2020","-","06-Aug-2020","11-Aug-2020"
"SATIN","Satin Creditcare Network Limited","EQ"," Rights 48:125 @ Premium Rs 50/-","10","04-Aug-2020","05-Aug-2020","-","-"
"JSWENERGY","JSW Energy Limited","EQ"," Dividend - Re 1 Per Share","10","04-Aug-2020","-","06-Aug-2020","13-Aug-2020"
"MPSLTD","MPS Limited","EQ"," Annual General Meeting","10","04-Aug-2020","-","06-Aug-2020","12-Aug-2020"
"JMCPROJECT","JMC Projects (India)  Limited","EQ"," Annual General Meeting/Dividend - Rs 0.70 Per Sh","2","04-Aug-2020","-","06-Aug-2020","11-Aug-2020"
"REDINGTON","Redington Limited","EQ"," Annual General Meeting","2","04-Aug-2020","-","06-Aug-2020","12-Aug-2020"
"CRISIL","CRISIL Limited","EQ"," Interim Dividend - Rs 6 Per Share","1","04-Aug-2020","05-Aug-2020","-","-"
"NELCO","NELCO Limited","EQ"," Annual General Meeting/Dividend - Rs 1.20 Per Share","10","04-Aug-2020","-","06-Aug-2020","13-Aug-2020"
"PAGEIND","Page Industries Limited","EQ"," Annual General Meeting","10","04-Aug-2020","-","06-Aug-2020","06-Aug-2020"
"GODREJIND","Godrej Industries Limited","EQ"," Annual General Meeting","1","04-Aug-2020","-","06-Aug-2020","13-Aug-2020"
"POWERINDIA","Hitachi Energy India Limited","EQ"," Annual General Meeting","2","05-Aug-2020","-","07-Aug-2020","13-Aug-2020"
"INDUSTOWER","Indus Towers Limited","EQ"," Interim Dividend - Rs 2.30 Per Share","10","05-Aug-2020","06-Aug-2020","-","-"
"EIHOTEL","EIH Limited","EQ"," Annual General Meeting","2","05-Aug-2020","-","07-Aug-2020","09-Aug-2020"
"NESCO","Nesco Limited","EQ"," Annual General Meeting","2","05-Aug-2020","-","07-Aug-2020","14-Aug-2020"
"VOLTAMP","Voltamp Transformers Limited","EQ"," Annual General Meeting","10","05-Aug-2020","-","07-Aug-2020","14-Aug-2020"
"GREAVESCOT","Greaves Cotton Limited","EQ"," Annual General Meeting","2","05-Aug-2020","-","07-Aug-2020","13-Aug-2020"
"VOLTAS","Voltas Limited","EQ"," Annual General Meeting/Dividend - Rs 4 Per Share","1","05-Aug-2020","-","07-Aug-2020","21-Aug-2020"
"ORIENTBELL","Orient Bell Limited","EQ"," Annual General Meeting","10","05-Aug-2020","-","07-Aug-2020","13-Aug-2020"
"GRANULES","Granules India Limited","EQ"," Annual General Meeting/Dividend - Rs 0.25 Per Share","1","05-Aug-2020","-","07-Aug-2020","13-Aug-2020"
"LT","Larsen & Toubro Limited","EQ"," Annual General Meeting/Dividend - Rs  8 Per Share","2","05-Aug-2020","-","07-Aug-2020","13-Aug-2020"
"GILLANDERS","Gillanders Arbuthnot & Company Limited","EQ"," Annual General Meeting","10","05-Aug-2020","-","07-Aug-2020","14-Aug-2020"
"TCI","Transport Corporation of India Limited","EQ"," Annual General Meeting","2","05-Aug-2020","-","07-Aug-2020","12-Aug-2020"
"TCIDEVELOP","TCI Developers Limited","EQ"," Annual General Meeting","10","05-Aug-2020","-","07-Aug-2020","12-Aug-2020"
"GMMPFAUDLR","GMM Pfaudler Limited","EQ"," Interim Dividend - Re 1 Per Share","2","06-Aug-2020","07-Aug-2020","-","-"
"SRF","SRF Limited","EQ"," Interim Dividend - Rs 5 Per Share","10","06-Aug-2020","07-Aug-2020","-","-"
"PDMJEPAPER","Pudumjee Paper Products Limited","EQ"," Annual General Meeting","1","06-Aug-2020","-","08-Aug-2020","20-Aug-2020"
"AMJLAND","Amj Land Holdings Limited","EQ"," Annual General Meeting","2","06-Aug-2020","-","08-Aug-2020","20-Aug-2020"
"75GS2034","GOVERNMENT OF INDIA","GS"," Interest Payment","100","06-Aug-2020","07-Aug-2020","-","-"
"VISHNU","Vishnu Chemicals Limited","EQ"," Annual General Meeting/Dividend - Re 1 Per Share","2","06-Aug-2020","-","08-Aug-2020","14-Aug-2020"
"CREDITACC","CREDITACCESS GRAMEEN LIMITED","EQ"," Annual General Meeting","10","06-Aug-2020","-","08-Aug-2020","11-Aug-2020"
"BHARTIARTL","Bharti Airtel Limited","EQ"," Dividend - Rs 2 Per Share","5","06-Aug-2020","07-Aug-2020","-","-"
"RANEHOLDIN","Rane Holdings Limited","EQ"," Annual General Meeting/Dividend - Rs 4 Per Share","10","06-Aug-2020","07-Aug-2020","-","-"
"TATASTEEL","Tata Steel Limited","EQ"," Dividend - Rs 10 Per Share","1","06-Aug-2020","-","08-Aug-2020","20-Aug-2020"
"TFCILTD","Tourism Finance Corporation of India Limited","EQ"," Annual General Meeting","2","06-Aug-2020","-","10-Aug-2020","17-Aug-2020"
"WELCORP","Welspun Corp Limited","EQ"," Dividend - Rs 0.50 Per Share","5","06-Aug-2020","07-Aug-2020","-","-"
"ALKYLAMINE","Alkyl Amines Chemicals Limited","EQ"," Annual General Meeting/Dividend - Rs  10 Per Share","2","06-Aug-2020","-","08-Aug-2020","14-Aug-2020"
"WHIRLPOOL","Whirlpool of India Limited","EQ"," Annual General Meeting/Dividend - Rs 5 Per Share","10","06-Aug-2020","-","08-Aug-2020","21-Aug-2020"
"ELGIEQUIP","Elgi Equipments Limited","EQ"," Annual General Meeting","1","06-Aug-2020","-","08-Aug-2020","14-Aug-2020"
"HEXAWARE","Hexaware Technologies Limited","EQ"," Interim Dividend - Rs  1.50 Per Share","2","06-Aug-2020","07-Aug-2020","-","-"
"INTELLECT","Intellect Design Arena Limited","EQ"," Annual General Meeting","5","06-Aug-2020","-","10-Aug-2020","21-Aug-2020"
"RHIM","RHI MAGNESITA INDIA LIMITED","EQ"," Annual General Meeting/Dividend - Rs 2.50 Per Sh","1","07-Aug-2020","-","11-Aug-2020","18-Aug-2020"
"COMPINFO","Compuage Infocom Limited","EQ"," Annual General Meeting/Dividend - Rs  0.20 Per Share","2","07-Aug-2020","10-Aug-2020","-","-"
"NAVINFLUOR","Navin Fluorine International Limited","EQ"," Dividend - Rs 3 Per Share","2","07-Aug-2020","-","11-Aug-2020","14-Aug-2020"
"SOMANYCERA","Somany Ceramics Limited","EQ"," Annual General Meeting","2","07-Aug-2020","-","11-Aug-2020","18-Aug-2020"
"IDBI","IDBI Bank Limited","EQ"," Annual General Meeting","10","07-Aug-2020","-","11-Aug-2020","17-Aug-2020"
"APARINDS","Apar Industries Limited","EQ"," Annual General Meeting","10","07-Aug-2020","10-Aug-2020","-","-"
"DELTACORP","Delta Corp Limited","EQ"," Annual General Meeting","1","07-Aug-2020","-","11-Aug-2020","16-Aug-2020"
"VINDHYATEL","Vindhya Telelinks Limited","EQ"," Annual General Meeting/Dividend - Rs 10 Per Share","10","10-Aug-2020","-","12-Aug-2020","18-Aug-2020"
"BIRLACABLE","Birla Cable Limited","EQ"," Annual General Meeting","10","10-Aug-2020","-","12-Aug-2020","18-Aug-2020"
"ALKEM","Alkem Laboratories Limited","EQ"," Annual General Meeting/Dividend - Rs 3 Per Share","2","10-Aug-2020","11-Aug-2020","-","-"
"HONAUT","Honeywell Automation India Limited","EQ"," Annual General Meeting/Dividend - Rs 75 Per Share","10","10-Aug-2020","11-Aug-2020","-","-"
"OFSS","Oracle Financial Services Software Limited","EQ"," Annual General Meeting","5","10-Aug-2020","-","12-Aug-2020","18-Aug-2020"
"ASHIANA","Ashiana Housing Limited","EQ"," Annual General Meeting/Dividend - Rs 0.30 Per Share","2","10-Aug-2020","-","12-Aug-2020","18-Aug-2020"
"UNIVCABLES","Universal Cables Limited","EQ"," Annual General Meeting/Dividend - Rs 2 Per Share","10","10-Aug-2020","-","12-Aug-2020","18-Aug-2020"
"DAMODARIND","Damodar Industries Limited","EQ"," Annual General Meeting","5","10-Aug-2020","-","12-Aug-2020","14-Aug-2020"
"INDIGRID","IndiGrid Infrastructure Trust","IV"," Distribution - Rs 3 Per Unit","100","11-Aug-2020","12-Aug-2020","-","-"
"OCCL","Oriental Carbon & Chemicals Limited","EQ"," Dividend - Rs 6 Per Share","10","11-Aug-2020","-","13-Aug-2020","18-Aug-2020"
"SHRIRAMFIN","Shriram Finance Limited","EQ"," Annual General Meeting","2","11-Aug-2020","-","13-Aug-2020","19-Aug-2020"
"SUNDROP","Sundrop Brands Limited","EQ"," Annual General Meeting/Dividend - Rs 3 Per Share","10","11-Aug-2020","-","13-Aug-2020","20-Aug-2020"
"BUTTERFLY","Butterfly Gandhimathi Appliances Limited","EQ"," Annual General Meeting","10","11-Aug-2020","-","13-Aug-2020","20-Aug-2020"
"ADROITINFO","Adroit Infotech Limited","EQ"," Annual General Meeting","10","11-Aug-2020","-","13-Aug-2020","20-Aug-2020"
"NUCLEUS","Nucleus Software Exports Limited","EQ"," Interim Dividend - Rs 3 Per Share","10","11-Aug-2020","12-Aug-2020","-","-"
"CIPLA","Cipla Limited","EQ"," Annual General Meeting","2","11-Aug-2020","-","13-Aug-2020","27-Aug-2020"
"PONNIERODE","Ponni Sugars (Erode) Limited","EQ"," Annual General Meeting/Dividend - Rs 4 Per Sh","10","11-Aug-2020","-","13-Aug-2020","19-Aug-2020"
"UFO","UFO Moviez India Limited","EQ"," Annual General Meeting","10","12-Aug-2020","-","14-Aug-2020","20-Aug-2020"
"ZYDUSLIFE","Zydus Lifesciences Limited","EQ"," Annual General Meeting","1","12-Aug-2020","-","14-Aug-2020","21-Aug-2020"
"SMLMAH","SML Mahindra Limited","EQ"," Annual General Meeting","10","12-Aug-2020","-","14-Aug-2020","24-Aug-2020"
"APOLLOTYRE","Apollo Tyres Limited","EQ"," Annual General Meeting","1","12-Aug-2020","-","14-Aug-2020","20-Aug-2020"
"LGBBROSLTD","LG Balakrishnan & Bros Limited","EQ"," Annual General Meeting","10","12-Aug-2020","-","14-Aug-2020","20-Aug-2020"
"ZYDUSWELL","Zydus Wellness Limited","EQ"," Annual General Meeting","2","12-Aug-2020","-","14-Aug-2020","21-Aug-2020"
"AUTOAXLES","Automotive Axles Limited","EQ"," Annual General Meeting/Dividend - Rs  0.80 Per Share","10","12-Aug-2020","-","14-Aug-2020","19-Aug-2020"
"ASAL","Automotive Stampings and Assemblies Limited","EQ"," Annual General Meeting","10","12-Aug-2020","-","14-Aug-2020","20-Aug-2020"
"ASPINWALL","Aspinwall and Company Limited","EQ"," Annual General Meeting","10","12-Aug-2020","-","14-Aug-2020","20-Aug-2020"
"BANDHANBNK","Bandhan Bank Limited","EQ"," Annual General Meeting","10","13-Aug-2020","-","15-Aug-2020","21-Aug-2020"
"TRF","TRF Limited","EQ"," Annual General Meeting","10","13-Aug-2020","-","17-Aug-2020","20-Aug-2020"
"ERIS","Eris Lifesciences Limited","EQ"," Interim Dividend - Rs 5.50 Per Share","1","13-Aug-2020","14-Aug-2020","-","-"
"BSOFT","BIRLASOFT LIMITED","EQ"," Dividend - Re 1 Per Share","2","13-Aug-2020","14-Aug-2020","-","-"
"ASTRAL","Astral Limited","EQ"," Annual General Meeting","1","13-Aug-2020","-","15-Aug-2020","21-Aug-2020"
"MENONBE","Menon Bearings Limited","EQ"," Annual General Meeting","1","13-Aug-2020","-","15-Aug-2020","21-Aug-2020"
"GPTINFRA","GPT Infraprojects Limited","EQ"," Annual General Meeting/Dividend - Rs 1.50 Per Share","10","13-Aug-2020","-","15-Aug-2020","21-Aug-2020"
"APCL","Anjani Portland Cement Limited","EQ"," Annual General Meeting/Dividend - Rs 5 Per Share","10","13-Aug-2020","-","15-Aug-2020","21-Aug-2020"
"824GS2027","GOVERNMENT OF INDIA","GS"," Interest Payment","100","13-Aug-2020","14-Aug-2020","-","-"
"828GS2032","GOVERNMENT OF INDIA","GS"," Interest Payment","100","13-Aug-2020","14-Aug-2020","-","-"
"82GS2022","GOVERNMENT OF INDIA","GS"," Interest Payment","100","13-Aug-2020","14-Aug-2020","-","-"
"CONTROLPR","Control Print Limited","EQ"," Annual General Meeting","10","13-Aug-2020","-","15-Aug-2020","21-Aug-2020"
"EMBASSY","Embassy Office Parks REIT","RR"," Interest -Rs 2.14/Return On Capital -Rs 3.33/Dividend -Re 0.36 Per Unit","300","13-Aug-2020","14-Aug-2020","-","-"
"NTPC","NTPC Limited","EQ"," Dividend - Rs 2.65  Per Share","10","13-Aug-2020","14-Aug-2020","-","-"
"JSL","Jindal Stainless Limited","EQ"," Annual General Meeting","2","13-Aug-2020","-","17-Aug-2020","18-Aug-2020"
"DABUR","Dabur India Limited","EQ"," Annual General Meeting/Dividend - Rs 1.60 Per Share","1","13-Aug-2020","-","17-Aug-2020","21-Aug-2020"
"BODALCHEM","Bodal Chemicals Limited","EQ"," Annual General Meeting","2","13-Aug-2020","-","15-Aug-2020","20-Aug-2020"
"TTKPRESTIG","TTK Prestige Limited","EQ"," Annual General Meeting/Dividend - Rs 20 Per Share","1","13-Aug-2020","-","15-Aug-2020","15-Aug-2020"
"ESCORTS","Escorts Kubota Limited","EQ"," Annual General Meeting/Dividend - Rs 2.5 Per Sh","10","13-Aug-2020","-","15-Aug-2020","24-Aug-2020"
"MARUTI","Maruti Suzuki India Limited","EQ"," Dividend - Rs 60 Per Share","5","13-Aug-2020","-","15-Aug-2020","26-Aug-2020"
"GOKUL","Gokul Refoils and Solvent Limited","EQ"," Buyback","2","13-Aug-2020","14-Aug-2020","-","-"
"JSLHISAR","Jindal Stainless (Hisar) Limited","EQ"," Annual General Meeting","2","13-Aug-2020","-","17-Aug-2020","18-Aug-2020"
"UNOMINDA","UNO Minda Limited","EQ"," Rights 1:27 @ Premium Rs 248/-","2","14-Aug-2020","17-Aug-2020","-","-"
"IOB","Indian Overseas Bank","EQ"," Annual General Meeting","10","14-Aug-2020","-","18-Aug-2020","24-Aug-2020"
"VBL","Varun Beverages Limited","EQ"," Interim Dividend - Rs 2.50 Per Share","2","14-Aug-2020","17-Aug-2020","-","-"
"ABREL","Aditya Birla Real Estate Limited","EQ"," Annual General Meeting/Dividend - Rs 3 Per Share","10","14-Aug-2020","-","18-Aug-2020","25-Aug-2020"
"SUDARCOLOR","Sudarshan Colorants India Limited","EQ"," Annual General Meeting/Dividend - Rs  11 Per Sh","10","17-Aug-2020","-","19-Aug-2020","20-Aug-2020"
"BIRLACORPN","Birla Corporation Limited","EQ"," Annual General Meetingdividend - Rs 7.5 Per Sh","10","17-Aug-2020","-","19-Aug-2020","25-Aug-2020"
"CUMMINSIND","Cummins India Limited","EQ"," Annual General Meeting/Dividend - Rs 7 Per Share","2","17-Aug-2020","18-Aug-2020","-","-"
"OSEINTRUST","Oriental InfraTrust","IV"," Distribution - Rs 1.21 Per Unit","100","18-Aug-2020","19-Aug-2020","-","-"
"INDORAMA","Indo Rama Synthetics (India) Limited","EQ"," Annual General Meeting","10","18-Aug-2020","-","20-Aug-2020","26-Aug-2020"
"PRESSMN","Pressman Advertising Limited","EQ"," Annual General Meeting/Dividend - Re 1  Per Share","2","18-Aug-2020","-","20-Aug-2020","26-Aug-2020"
"EQUITAS","Equitas Holdings Limited","EQ"," Interim Dividend - Re 1 Per Share","10","18-Aug-2020","19-Aug-2020","-","-"
"UBL","United Breweries Limited","EQ"," Annual General Meeting/Dividend - Rs 2.50 Per Share","1","18-Aug-2020","-","20-Aug-2020","26-Aug-2020"
"ESABINDIA","Esab India Limited","EQ"," Annual General Meeting","10","18-Aug-2020","-","20-Aug-2020","28-Aug-2020"
"CANFINHOME","Can Fin Homes Limited","EQ"," Annual General Meeting/Dividend - Rs 2 Per Share","2","18-Aug-2020","-","20-Aug-2020","26-Aug-2020"
"IGPL","IG Petrochemicals Limited","EQ"," Annual General Meeting/Dividend - Rs 2 Per Share","10","18-Aug-2020","-","20-Aug-2020","21-Aug-2020"
"ALICON","Alicon Castalloy Limited","EQ"," Annual General Meeting","5","18-Aug-2020","-","20-Aug-2020","26-Aug-2020"
"RITES","RITES Limited","EQ"," Annual General Meeting/Dividend - Rs 6 Per Share","10","19-Aug-2020","-","21-Aug-2020","28-Aug-2020"
"RATNAMANI","Ratnamani Metals & Tubes Limited","EQ"," Annual General Meeting","2","19-Aug-2020","-","21-Aug-2020","27-Aug-2020"
"SUNPHARMA","Sun Pharmaceutical Industries Limited","EQ"," Annual General Meeting/Dividend - Re 1 Per Share","1","19-Aug-2020","-","21-Aug-2020","27-Aug-2020"
"UPL","UPL Limited","EQ"," Dividend - Rs 6 Per Sh","2","19-Aug-2020","-","21-Aug-2020","31-Aug-2020"
"GTPL","GTPL Hathway Limited","EQ"," Annual General Meeting/Dividend - Rs 3 Per Share","10","19-Aug-2020","-","21-Aug-2020","28-Aug-2020"
"EXPLEOSOL","Expleo Solutions Limited","EQ"," Annual General Meeting","10","19-Aug-2020","-","21-Aug-2020","27-Aug-2020"
"SAGARDEEP","Sagardeep Alloys Limited","EQ"," Annual General Meeting","10","19-Aug-2020","-","21-Aug-2020","27-Aug-2020"
"3PLAND","3P Land Holdings Limited","EQ"," Annual General Meeting","2","19-Aug-2020","-","21-Aug-2020","31-Aug-2020"
"HERITGFOOD","Heritage Foods Limited","EQ"," Annual General Meeting/Dividend - Rs 2.50 Per Share","5","19-Aug-2020","-","21-Aug-2020","28-Aug-2020"
"NOCIL","NOCIL Limited","EQ"," Annual General Meeting","10","19-Aug-2020","-","21-Aug-2020","28-Aug-2020"
"ORIENTPPR","Orient Paper & Industries Limited","EQ"," Annual General Meeting/Dividend - Rs 0.50 Per Share","1","19-Aug-2020","-","21-Aug-2020","27-Aug-2020"
"3MINDIA","3M India Limited","EQ"," Annual General Meeting","10","19-Aug-2020","-","21-Aug-2020","26-Aug-2020"
"LUMAXTECH","Lumax Auto Technologies Limited","EQ"," Annual General Meeting/Dividend - Re 1 Per Share","2","19-Aug-2020","-","21-Aug-2020","28-Aug-2020"
"KIRLOSIND","Kirloskar Industries Limited","EQ"," Annual General Meeting","10","19-Aug-2020","-","21-Aug-2020","27-Aug-2020"
"NELCAST","Nelcast Limited","EQ"," Annual General Meeting","2","19-Aug-2020","-","21-Aug-2020","27-Aug-2020"
"EVERESTIND","Everest Industries Limited","EQ"," Annual General Meeting/Dividend - Re 1 Per Sh","10","19-Aug-2020","20-Aug-2020","-","-"
"GMMPFAUDLR","GMM Pfaudler Limited","EQ"," Annual General Meeting/Dividend - Rs 2 Per Share","2","19-Aug-2020","-","21-Aug-2020","27-Aug-2020"
"BHAGERIA","Bhageria Industries Limited","EQ"," Annual General Meeting/Dividend - Rs 3 Per Share","5","20-Aug-2020","-","22-Aug-2020","29-Aug-2020"
"FDC","FDC Limited","EQ"," Buyback","1","20-Aug-2020","21-Aug-2020","-","-"
"AKZOINDIA","Akzo Nobel India Limited","EQ"," Annual General Meeting/Dividend - Rs 14 Per Share","10","20-Aug-2020","-","22-Aug-2020","28-Aug-2020"
"VIDHIING","Vidhi Specialty Food Ingredients Limited","EQ"," Interim Dividend - Rs 0.20 Per Share","1","20-Aug-2020","22-Aug-2020","-","-"
"ALANKIT","Alankit Limited","EQ"," Annual General Meeting/Dividend - Rs 0.20 Per Share","1","20-Aug-2020","-","23-Aug-2020","29-Aug-2020"
"IEX","Indian Energy Exchange Limited","EQ"," Annual General Meeting","1","20-Aug-2020","-","22-Aug-2020","28-Aug-2020"
"AVANTIFEED","Avanti Feeds Limited","EQ"," Annual General Meeting/Dividend - Rs 0.10 Per Share","1","20-Aug-2020","-","24-Aug-2020","29-Aug-2020"
"LFIC","Lakshmi Finance & Industrial Corporation Limited","EQ"," Annual General Meeting/Dividend - Rs 2 Per Share","10","20-Aug-2020","-","22-Aug-2020","29-Aug-2020"
"JKLAKSHMI","JK Lakshmi Cement Limited","EQ"," Annual General Meeting","5","20-Aug-2020","-","22-Aug-2020","28-Aug-2020"
"GAEL","Gujarat Ambuja Exports Limited","EQ"," Annual General Meeting","1","20-Aug-2020","-","22-Aug-2020","29-Aug-2020"
"TATACOMM","Tata Communications Limited","EQ"," Annual General Meeting/Dividend - Rs 4 Per Share","10","20-Aug-2020","-","22-Aug-2020","28-Aug-2020"
"UNICHEMLAB","Unichem Laboratories Limited","EQ"," Annual General Meeting/Dividend - Rs 4 Per Share","2","20-Aug-2020","-","24-Aug-2020","29-Aug-2020"
"BALKRISIND","Balkrishna Industries Limited","EQ"," Interim Dividend - Rs 3 Per Share","2","20-Aug-2020","22-Aug-2020","-","-"
"GNFC","Gujarat Narmada Valley Fertilizers and Chemicals Limited","EQ"," Annual General Meeting/Dividend - Rs 5 Per Share","10","20-Aug-2020","-","24-Aug-2020","28-Aug-2020"
"JVLAGRO","JVL Agro Industries Limited","EQ"," Annual General Meeting","1","20-Aug-2020","-","22-Aug-2020","28-Aug-2020"
"ELGIRUBCO","Elgi Rubber Company Limited","EQ"," Annual General Meeting","1","20-Aug-2020","-","22-Aug-2020","28-Aug-2020"
"KIRLOSENG","Kirloskar Oil Engines Limited","EQ"," Annual General Meeting","2","20-Aug-2020","-","22-Aug-2020","28-Aug-2020"
"ESTER","Ester Industries Limited","EQ"," Annual General Meeting/Dividend - Rs 2.50 Per Share","5","20-Aug-2020","-","22-Aug-2020","28-Aug-2020"
"LUMAXIND","Lumax Industries Limited","EQ"," Annual General Meeting/Dividend - Rs 6 Per Share","10","20-Aug-2020","-","22-Aug-2020","28-Aug-2020"
"ASTRAZEN","AstraZeneca Pharma India Limited","EQ"," Interim Dividend - Rs 2 Per Share","2","20-Aug-2020","21-Aug-2020","-","-"
"TATAMETALI","Tata Metaliks Limited","EQ"," Annual General Meeting/Dividend - Rs 2.50 Per Share","10","20-Aug-2020","-","22-Aug-2020","07-Sep-2020"
"JAYAGROGN","Jayant Agro Organics Limited","EQ"," Annual General Meeting","5","20-Aug-2020","-","22-Aug-2020","27-Aug-2020"
"EMKAY","Emkay Global Financial Services Limited","EQ"," Annual General Meeting","10","20-Aug-2020","-","22-Aug-2020","28-Aug-2020"
"VEEDOL","Veedol Corporation Limited","EQ"," Dividend - Rs 140 Per Share","2","20-Aug-2020","-","22-Aug-2020","28-Aug-2020"
"ONEPOINT","One Point One Solutions Limited","EQ"," Annual General Meeting","2","21-Aug-2020","-","25-Aug-2020","31-Aug-2020"
"PRIVISCL","Privi Speciality Chemicals Limited","EQ"," Demerger","10","21-Aug-2020","24-Aug-2020","-","-"
"INDIANHUME","Indian Hume Pipe Company Limited","EQ"," Annual General Meeting/Dividend - Rs 2 Per Share","2","21-Aug-2020","-","25-Aug-2020","04-Sep-2020"
"VAIBHAVGBL","Vaibhav Global Limited","EQ"," Interim Dividend - Rs 5 Per Share","2","21-Aug-2020","24-Aug-2020","-","-"
"NATCOPHARM","Natco Pharma Limited","EQ"," Interim Dividend - Rs 1.25 Per Share","2","21-Aug-2020","24-Aug-2020","-","-"
"MPSLTD","MPS Limited","EQ"," Buyback","10","21-Aug-2020","24-Aug-2020","-","-"
"LOVABLE","Lovable Lingerie Limited","EQ"," Annual General Meeting/Dividend - Rs 0.50 Per Share","10","21-Aug-2020","-","25-Aug-2020","28-Aug-2020"
"MCX","Multi Commodity Exchange of India Limited","EQ"," Annual General Meeting/Dividend - Rs 30 Per Share","2","21-Aug-2020","-","25-Aug-2020","31-Aug-2020"
"TINPLATE","The Tinplate Company of India Limited","EQ"," Dividend - Re 1 Per Share","10","21-Aug-2020","-","25-Aug-2020","08-Sep-2020"
"AUROPHARMA","Aurobindo Pharma Limited","EQ"," Annual General Meeting/Interim Dividend - Rs 1.25 Per Share","1","21-Aug-2020","-","25-Aug-2020","27-Aug-2020"
"RADICO","Radico Khaitan Limited","EQ"," Annual General Meeting/Dividend - Rs 2 Per Share","2","21-Aug-2020","-","25-Aug-2020","31-Aug-2020"
"DOLLAR","Dollar Industries Limited","EQ"," Annual General Meeting/Dividend - Rs 1.70 Per Share","2","24-Aug-2020","-","26-Aug-2020","01-Sep-2020"
"IRBINVIT","IRB InvIT Fund","IV"," Distribution - Rs 1.50 Per Unit","102","24-Aug-2020","25-Aug-2020","-","-"
"SHK","S H Kelkar and Company Limited","EQ"," Annual General Meeting","10","24-Aug-2020","-","26-Aug-2020","01-Sep-2020"
"EICHERMOT","Eicher Motors Limited","EQ"," Face Value Split (Sub-Division) - From Rs 10/- Per Share To Re 1/- Per Share","1","24-Aug-2020","25-Aug-2020","-","-"
"DMART","Avenue Supermarts Limited","EQ"," Annual General Meeting","10","24-Aug-2020","-","26-Aug-2020","01-Sep-2020"
"SIYSIL","Siyaram Silk Mills Limited","EQ"," Annual General Meeting","2","24-Aug-2020","-","26-Aug-2020","28-Aug-2020"
"HINDWAREAP","Hindware Home Innovation Limited","EQ"," Annual General Meeting/Dividend - Rs 0.15 Per Share","2","24-Aug-2020","-","26-Aug-2020","03-Sep-2020"
"BANARISUG","Bannari Amman Sugars Limited","EQ"," Annual General Meeting/Dividend - Rs  10 Per Share","10","25-Aug-2020","-","27-Aug-2020","02-Sep-2020"
"POLYPLEX","Polyplex Corporation Limited","EQ"," Annual General Meeting/Dividend - Rs 6 Per Share","10","25-Aug-2020","-","27-Aug-2020","31-Aug-2020"
"POLYPLEX","Polyplex Corporation Limited","EQ"," Interim Dividend - Rs 32 Per Share","10","25-Aug-2020","26-Aug-2020","-","-"
"PIONEEREMB","Pioneer Embroideries Limited","EQ"," Annual General Meeting","10","25-Aug-2020","-","27-Aug-2020","31-Aug-2020"
"360ONE","360 ONE WAM LIMITED","EQ"," Interim Dividend - Rs 40 Per Share","1","26-Aug-2020","27-Aug-2020","-","-"
"BRITANNIA","Britannia Industries Limited","EQ"," Interim Dividend - Rs 83 Per Share","1","26-Aug-2020","27-Aug-2020","-","-"
"GRASIM","Grasim Industries Limited","EQ"," Dividend - Rs 4 Per Share","2","26-Aug-2020","-","28-Aug-2020","14-Sep-2020"
"INSECTICID","Insecticides (India) Limited","EQ"," Annual General Meeting","10","26-Aug-2020","-","28-Aug-2020","04-Sep-2020"
"GOKULAGRO","Gokul Agro Resources Limited","EQ"," Annual General Meeting","1","26-Aug-2020","-","28-Aug-2020","06-Sep-2020"
"STLTECH","Sterlite Technologies Limited","EQ"," Annual General Meeting/Dividend - Rs 3.50 Per Share","2","27-Aug-2020","-","29-Aug-2020","31-Aug-2020"
"PFIZER","Pfizer Limited","EQ"," Annual General Meeting/Dividend - Rs 10 Per Share","10","27-Aug-2020","-","29-Aug-2020","04-Sep-2020"
"NAVA","NAVA LIMITED","EQ"," Annual General Meeting","1","27-Aug-2020","-","29-Aug-2020","02-Sep-2020"
"IFBAGRO","IFB Agro Industries Limited","EQ"," Annual General Meeting","10","27-Aug-2020","-","29-Aug-2020","04-Sep-2020"
"INDIGO","InterGlobe Aviation Limited","EQ"," Annual General Meeting","10","27-Aug-2020","-","29-Aug-2020","04-Sep-2020"
"BALKRISHNA","Balkrishna Paper Mills Limited","EQ"," Annual General Meeting","10","27-Aug-2020","-","29-Aug-2020","04-Sep-2020"
"587GS2022","GOVERNMENT OF INDIA","GS"," Interest Payment","100","27-Aug-2020","29-Aug-2020","-","-"
"795GS2032","GOVERNMENT OF INDIA","GS"," Interest Payment","100","27-Aug-2020","29-Aug-2020","-","-"
"AMBER","Amber Enterprises India Limited","EQ"," Annual General Meeting","10","27-Aug-2020","-","29-Aug-2020","04-Sep-2020"
"HESTERBIO","Hester Biosciences Limited","EQ"," Dividend - Rs 6.60 Per Share","10","27-Aug-2020","-","29-Aug-2020","04-Sep-2020"
"HINDZINC","Hindustan Zinc Limited","EQ"," Annual General Meeting","2","27-Aug-2020","-","31-Aug-2020","02-Sep-2020"
"IFBIND","IFB Industries Limited","EQ"," Annual General Meeting","10","27-Aug-2020","-","29-Aug-2020","04-Sep-2020"
"TRIVENI","Triveni Engineering & Industries Limited","EQ"," Buyback","1","27-Aug-2020","28-Aug-2020","-","-"
"KOKUYOCMLN","Kokuyo Camlin Limited","EQ"," Annual General Meeting","1","27-Aug-2020","-","31-Aug-2020","04-Sep-2020"
"ADSL","Allied Digital Services Limited","EQ"," Annual General Meeting/Dividend - Rs 0.50 Per Share","5","27-Aug-2020","-","29-Aug-2020","03-Sep-2020"
"GREENPLY","Greenply Industries Limited","EQ"," Annual General Meeting/Dividend - Rs 0.40 Per Share","1","27-Aug-2020","-","31-Aug-2020","03-Sep-2020"
"KCP","KCP Limited","EQ"," Annual General Meeting/Dividend - Rs 0.15 Per Share","1","27-Aug-2020","-","29-Aug-2020","04-Sep-2020"
"RAMCOSYS","Ramco Systems Limited","EQ"," Annual General Meeting","10","27-Aug-2020","-","31-Aug-2020","07-Sep-2020"
"MUNJALSHOW","Munjal Showa Limited","EQ"," Annual General Meeting/Dividend - Rs 4.50 Per Share","2","27-Aug-2020","-","29-Aug-2020","10-Sep-2020"
"SUDARSCHEM","Sudarshan Chemical Industries Limited","EQ"," Annual General Meeting","2","27-Aug-2020","-","29-Aug-2020","04-Sep-2020"
"ASALCBR","Associated Alcohols & Breweries Ltd.","EQ"," Annual General Meeting/Dividend - Re 1 Per Share","10","27-Aug-2020","-","30-Aug-2020","05-Sep-2020"
"ABBOTINDIA","Abbott India Limited","EQ"," Annual General Meeting/Dividend - Rs 107 Per Share And Special Dividend - Rs 143 Per Share","10","28-Aug-2020","-","01-Sep-2020","07-Sep-2020"
"RAMCOCEM","The Ramco Cements Limited","EQ"," Annual General Meeting","1","28-Aug-2020","31-Aug-2020","-","-"
"RAMCOIND","Ramco Industries Limited","EQ"," Annual General Meeting","1","28-Aug-2020","31-Aug-2020","-","-"
"CORALFINAC","Coral India Finance & Housing Limited","EQ"," Dividend - Rs 0.20 Per Share","2","28-Aug-2020","-","01-Sep-2020","11-Sep-2020"
"ASHOKLEY","Ashok Leyland Limited","EQ"," Annual General Meeting","1","28-Aug-2020","-","01-Sep-2020","02-Sep-2020"
"LLOYDSENGG","LLOYDS ENGINEERING WORKS LIMITED","EQ"," Annual General Meeting","1","31-Aug-2020","-","02-Sep-2020","08-Sep-2020"
"SCHNEIDER","Schneider Electric Infrastructure Limited","EQ"," Annual General Meeting","2","31-Aug-2020","-","02-Sep-2020","08-Sep-2020"
"VINYLINDIA","Vinyl Chemicals (India) Limited","EQ"," Annual General Meeting/Dividend - Rs 2.40 Per Share","1","31-Aug-2020","-","02-Sep-2020","16-Sep-2020"
"PANAMAPET","Panama Petrochem Limited","EQ"," Annual General Meeting/Dividend - Rs 1.20 Per Share","2","31-Aug-2020","-","02-Sep-2020","04-Sep-2020"
"PAISALO","Paisalo Digital Limited","EQ"," Annual General Meeting/Dividend - Re 1 Per Share","1","31-Aug-2020","-","02-Sep-2020","08-Sep-2020"
"ASHOKA","Ashoka Buildcon Limited","EQ"," Annual General Meeting","5","31-Aug-2020","-","02-Sep-2020","09-Sep-2020"
"CARERATING","CARE Ratings Limited","EQ"," Annual General Meeting/Dividend - Rs 2.50 Per Share","10","31-Aug-2020","-","02-Sep-2020","08-Sep-2020"
"SWELECTES","Swelect Energy Systems Limited","EQ"," Annual General Meeting/Dividend - Rs 0.75 Per Share","10","01-Sep-2020","-","03-Sep-2020","10-Sep-2020"
"SAGCEM","Sagar Cements Limited","EQ"," Annual General Meeting/Dividend - Rs 2.50 Per Share","2","01-Sep-2020","-","03-Sep-2020","09-Sep-2020"
"CENTURYPLY","Century Plyboards (India) Limited","EQ"," Annual General Meeting","1","01-Sep-2020","-","03-Sep-2020","09-Sep-2020"
"JAYBARMARU","Jay Bharat Maruti Limited","EQ"," Annual General Meeting/Dividend - Rs 1.25 Per Share","2","01-Sep-2020","-","03-Sep-2020","10-Sep-2020"
"NIITLTD","NIIT Limited","EQ"," Dividend - Rs 2 Per Share","2","01-Sep-2020","-","03-Sep-2020","05-Sep-2020"
"KAKATCEM","Kakatiya Cement Sugar & Industries Limited","EQ"," Annual General Meeting/Dividend - Rs 3 Per Share","10","01-Sep-2020","-","03-Sep-2020","09-Sep-2020"
"KEI","KEI Industries Limited","EQ"," Annual General Meeting","2","01-Sep-2020","-","03-Sep-2020","09-Sep-2020"
"VIMTALABS","Vimta Labs Limited","EQ"," Annual General Meeting","2","01-Sep-2020","-","03-Sep-2020","09-Sep-2020"
"ASTRAMICRO","Astra Microwave Products Limited","EQ"," Annual General Meeting/Dividend - Rs 1.20 Per Share","2","01-Sep-2020","-","03-Sep-2020","09-Sep-2020"
"PETRONET","Petronet LNG Limited","EQ"," Annual General Meeting","10","01-Sep-2020","-","03-Sep-2020","09-Sep-2020"
"SUMICHEM","Sumitomo Chemical India Limited","EQ"," Annual General Meeting/Dividend - Rs 0.55 Per Share","10","02-Sep-2020","03-Sep-2020","-","-"
"SOMATEX","Soma Textiles & Industries Limited","EQ"," Annual General Meeting","10","02-Sep-2020","-","04-Sep-2020","15-Sep-2020"
"DOLATALGO","Dolat Algotech Limited","EQ"," Interim Dividend - Rs 0.15 Per Share","1","02-Sep-2020","03-Sep-2020","-","-"
"GVPIL","GE Power India Limited","EQ"," Annual General Meeting/Dividend - Rs  2 Per Share","10","02-Sep-2020","-","04-Sep-2020","10-Sep-2020"
"BANARBEADS","Banaras Beads Limited","EQ"," Annual General Meeting","10","02-Sep-2020","-","04-Sep-2020","10-Sep-2020"
"GALLISPAT","Gallantt Ispat Limited","EQ"," Annual General Meeting","1","02-Sep-2020","-","04-Sep-2020","10-Sep-2020"
"TNPETRO","Tamilnadu PetroProducts Limited","EQ"," Annual General Meeting/Dividend - Rs 1.50 Per Share","10","02-Sep-2020","-","04-Sep-2020","09-Sep-2020"
"TVTODAY","TV Today Network Limited","EQ"," Dividend - Rs 2.25 Per Share","5","02-Sep-2020","03-Sep-2020","-","-"
"FOSECOIND","Foseco India Limited","EQ"," Annual General Meeting","10","02-Sep-2020","-","04-Sep-2020","10-Sep-2020"
"POWERGRID","Power Grid Corporation of India Limited","EQ"," Annual General Meeting/Dividend - Rs 4.04 Per Share","10","02-Sep-2020","-","04-Sep-2020","22-Sep-2020"
"GALLANTT","Gallantt Ispat Limited","EQ"," Annual General Meeting","10","02-Sep-2020","-","04-Sep-2020","10-Sep-2020"
"PIDILITIND","Pidilite Industries Limited","EQ"," Annual General Meeting","1","02-Sep-2020","-","04-Sep-2020","10-Sep-2020"
"KMSUGAR","K.M.Sugar Mills Limited","EQ"," Annual General Meeting","2","02-Sep-2020","-","04-Sep-2020","10-Sep-2020"
"MEGH","Meghmani Organics Limited","EQ"," Annual General Meeting","1","02-Sep-2020","-","04-Sep-2020","11-Sep-2020"
"DOLATALGO","Dolat Algotech Limited","EQ"," Annual General Meeting","1","02-Sep-2020","-","04-Sep-2020","10-Sep-2020"
"360ONE","360 ONE WAM LIMITED","EQ"," Annual General Meeting","1","03-Sep-2020","-","07-Sep-2020","11-Sep-2020"
"JKPAPER","JK Paper Limited","EQ"," Annual General Meeting","10","03-Sep-2020","-","07-Sep-2020","11-Sep-2020"
"SAMMAANCAP","Sammaan Capital Limited","EQ"," Annual General Meeting","2","03-Sep-2020","-","05-Sep-2020","07-Sep-2020"
"UJJIVAN","Ujjivan Financial Services Limited","EQ"," Dividend - Rs 0.80 Per Share","10","03-Sep-2020","-","05-Sep-2020","11-Sep-2020"
"OLECTRA","Olectra Greentech Limited","EQ"," Annual General Meeting","4","03-Sep-2020","-","06-Sep-2020","12-Sep-2020"
"GEEKAYWIRE","Geekay Wires Limited","EQ"," Interim Dividend - Rs  2 Per Share","1","03-Sep-2020","04-Sep-2020","-","-"
"GRSE","Garden Reach Shipbuilders & Engineers Limited","EQ"," Annual General Meeting/Dividend - Rs 1.40 Per Share","10","03-Sep-2020","-","05-Sep-2020","11-Sep-2020"
"PILANIINVS","Pilani Investment and Industries Corporation Limited","EQ"," Annual General Meeting/Dividend - Rs  25 Per Share","10","03-Sep-2020","-","05-Sep-2020","11-Sep-2020"
"BHARATWIRE","Bharat Wire Ropes Limited","EQ"," Annual General Meeting","10","03-Sep-2020","-","07-Sep-2020","15-Sep-2020"
"TTKHLTCARE","TTK Healthcare Limited","EQ"," Annual General Meeting/Dividend - Rs 3 Per Share","10","03-Sep-2020","-","07-Sep-2020","11-Sep-2020"
"SASTASUNDR","Sastasundar Ventures Limited","EQ"," Annual General Meeting","10","03-Sep-2020","-","05-Sep-2020","11-Sep-2020"
"ARIHANTSUP","Arihant Superstructures Limited","EQ"," Annual General Meeting","10","03-Sep-2020","-","05-Sep-2020","11-Sep-2020"
"697GS2026","GOVERNMENT OF INDIA","GS"," Interest Payment","100","03-Sep-2020","05-Sep-2020","-","-"
"SNOWMAN","Snowman Logistics Limited","EQ"," Annual General Meeting","10","03-Sep-2020","-","05-Sep-2020","15-Sep-2020"
"CREST","Crest Ventures Limited","EQ"," Annual General Meeting/Dividend - Rs 0.50 Per Share","10","03-Sep-2020","-","05-Sep-2020","12-Sep-2020"
"SOLARINDS","Solar Industries India Limited","EQ"," Annual General Meeting/Dividend - Rs 6 Per Share","2","03-Sep-2020","-","05-Sep-2020","16-Sep-2020"
"MANALIPETC","Manali Petrochemicals Limited","EQ"," Annual General Meeting/Dividend - Rs 0.75 Per Share","5","03-Sep-2020","-","07-Sep-2020","16-Sep-2020"
"DHANUKA","Dhanuka Agritech Limited","EQ"," Annual General Meeting","2","03-Sep-2020","-","05-Sep-2020","15-Sep-2020"
"CENTEXT","Century Extrusions Limited","EQ"," Annual General Meeting","1","03-Sep-2020","-","06-Sep-2020","12-Sep-2020"
"CHENNPETRO","Chennai Petroleum Corporation Limited","EQ"," Annual General Meeting","10","03-Sep-2020","-","05-Sep-2020","11-Sep-2020"
"EMMBI","Emmbi Industries Limited","EQ"," Annual General Meeting/Dividend - Rs 0.40 Per Share","10","03-Sep-2020","-","06-Sep-2020","12-Sep-2020"
"KOPRAN","Kopran Limited","EQ"," Annual General Meeting","10","03-Sep-2020","-","07-Sep-2020","09-Sep-2020"
"HINDALCO","Hindalco Industries Limited","EQ"," Annual General Meeting/Dividend - Re 1 Per Share","1","03-Sep-2020","-","05-Sep-2020","10-Sep-2020"
"PTL","PTL Enterprises Limited","EQ"," Interim Dividend - Rs 2.50 Per Share","1","03-Sep-2020","05-Sep-2020","-","-"
"SURYAROSNI","Surya Roshni Limited","EQ"," Dividend - Rs 2 Per Share","5","03-Sep-2020","04-Sep-2020","-","-"
"HEG","HEG Limited","EQ"," Annual General Meeting","2","03-Sep-2020","-","05-Sep-2020","11-Sep-2020"
"CENTUM","Centum Electronics Limited","EQ"," Dividend - Rs 2.50 Per Sh","10","03-Sep-2020","04-Sep-2020","-","-"
"PNBGILTS","PNB Gilts Limited","EQ"," Dividend - Rs 3 Per Share","10","03-Sep-2020","05-Sep-2020","-","-"
"MUNJALAU","Munjal Auto Industries Limited","EQ"," Annual General Meeting","2","03-Sep-2020","-","07-Sep-2020","12-Sep-2020"
"BANCOINDIA","Banco Products (I) Limited","EQ"," Annual General Meeting","2","03-Sep-2020","-","05-Sep-2020","22-Sep-2020"
"JOCIL","Jocil Limited","EQ"," Dividend - Rs 3 Per Share","10","03-Sep-2020","-","05-Sep-2020","12-Sep-2020"
"TATASTLLP","Tata Steel Long Products Limited","EQ"," Annual General Meeting","10","03-Sep-2020","-","05-Sep-2020","14-Sep-2020"
"OAL","Oriental Aromatics Limited","EQ"," Annual General Meeting","5","04-Sep-2020","-","08-Sep-2020","15-Sep-2020"
"ZUARIIND","ZUARI INDUSTRIES LIMITED","EQ"," Annual General Meeting/Dividend - Re 1  Per Sh","10","04-Sep-2020","-","08-Sep-2020","14-Sep-2020"
"TRANSWORLD","TRANSWORLD SHIPPING LINES LIMITED","EQ"," Annual General Meeting","10","04-Sep-2020","-","08-Sep-2020","15-Sep-2020"
"SHALBY","Shalby Limited","EQ"," Annual General Meeting/Dividend - Rs 0.50 Per Share","10","04-Sep-2020","-","08-Sep-2020","14-Sep-2020"
"MANGCHEFER","Mangalore Chemicals & Fertilizers Limited","EQ"," Annual General Meeting/Dividend - Rs 0.50 Per Share","10","04-Sep-2020","-","08-Sep-2020","15-Sep-2020"
"INGERRAND","Ingersoll Rand (India) Limited","EQ"," Annual General Meeting","10","04-Sep-2020","-","08-Sep-2020","11-Sep-2020"
"DIVISLAB","Divi's Laboratories Limited","EQ"," Annual General Meeting","2","04-Sep-2020","-","08-Sep-2020","14-Sep-2020"
"TIJARIA","Tijaria Polypipes Limited","EQ"," Annual General Meeting","10","04-Sep-2020","-","08-Sep-2020","14-Sep-2020"
"DBSTOCKBRO","DB (International) Stock Brokers Limited","EQ"," Annual General Meeting","2","04-Sep-2020","-","08-Sep-2020","14-Sep-2020"
"GNA","GNA Axles Limited","EQ"," Annual General Meeting","10","07-Sep-2020","-","09-Sep-2020","15-Sep-2020"
"CDSL","Central Depository Services (India) Limited","EQ"," Dividend - Rs 4.50 Per Share","10","07-Sep-2020","08-Sep-2020","-","-"
"74GS2035","GOVERNMENT OF INDIA","GS"," Interest Payment","100","07-Sep-2020","08-Sep-2020","-","-"
"HIKAL","Hikal Limited","EQ"," Annual General Meeting/Dividend - Rs 0.20 Per Share","2","07-Sep-2020","-","09-Sep-2020","15-Sep-2020"
"TEXINFRA","Texmaco Infrastructure & Holdings Limited","EQ"," Annual General Meeting/Dividend - Rs 0.20 Per Share","1","07-Sep-2020","-","09-Sep-2020","14-Sep-2020"
"NCC","NCC Limited","EQ"," Dividend - Rs 0.20 Per Share","2","07-Sep-2020","-","09-Sep-2020","11-Sep-2020"
"HIRECT","Hind Rectifiers Limited","EQ"," Annual General Meeting/Dividend - Rs 0.80 Per Share","2","07-Sep-2020","-","09-Sep-2020","15-Sep-2020"
"IVP","IVP Limited","EQ"," Annual General Meeting","10","07-Sep-2020","-","09-Sep-2020","15-Sep-2020"
"SUBROS","Subros Limited","EQ"," Dividend - Rs 0.80 Per Share","2","07-Sep-2020","-","09-Sep-2020","15-Sep-2020"
"KKCL","Kewal Kiran Clothing Limited","EQ"," Dividend - Re 1 Per Share","10","07-Sep-2020","-","09-Sep-2020","15-Sep-2020"
"KABRAEXTRU","Kabra Extrusion Technik Limited","EQ"," Annual General Meeting","5","07-Sep-2020","-","09-Sep-2020","15-Sep-2020"
"NRBBEARING","NRB Bearing Limited","EQ"," Annual General Meeting","2","07-Sep-2020","-","09-Sep-2020","15-Sep-2020"
"ELECTCAST","Electrosteel Castings Limited","EQ"," Dividend - Rs 0.30 Per Share","1","07-Sep-2020","-","09-Sep-2020","15-Sep-2020"
"SHRENIK","Shrenik Limited","EQ"," Dividend - Rs 0.20 Per Share","1","08-Sep-2020","09-Sep-2020","-","-"
"KRISHANA","Krishana Phoschem Limited","EQ"," Annual General Meeting/Dividend - Rs 0.50 Per Share","10","08-Sep-2020","09-Sep-2020","-","-"
"INSPIRISYS","Inspirisys Solutions Limited","EQ"," Annual General Meeting","10","08-Sep-2020","-","10-Sep-2020","16-Sep-2020"
"NITINSPIN","Nitin Spinners Limited","EQ"," Annual General Meeting/Dividend - Rs 0.60 Per Share","10","08-Sep-2020","-","10-Sep-2020","16-Sep-2020"
"TVSSRICHAK","TVS Srichakra Limited","EQ"," Annual General Meeting","10","08-Sep-2020","-","10-Sep-2020","16-Sep-2020"
"HERCULES","HERCULES INVESTMENTS LIMITED","EQ"," Annual General Meeting/Dividend - Rs 1.80 Per Share","1","08-Sep-2020","-","10-Sep-2020","16-Sep-2020"
"UMANGDAIRY","Umang Dairies Limited","EQ"," Dividend - Rs 0.50 Per Share","5","08-Sep-2020","-","10-Sep-2020","16-Sep-2020"
"AGI","AGI Greenpac Limited","EQ"," Annual General Meeting/Dividend - Rs 3 Per Share","2","09-Sep-2020","-","11-Sep-2020","19-Sep-2020"
"SIRCA","Sirca Paints India Limited","EQ"," Annual General Meeting","10","09-Sep-2020","-","11-Sep-2020","18-Sep-2020"
"RADIOCITY","Music Broadcast Limited","EQ"," Annual General Meeting","2","09-Sep-2020","-","11-Sep-2020","15-Sep-2020"
"GUJGASLTD","Gujarat Gas Limited","EQ"," Dividend - Rs 1.25 Per Share","2","09-Sep-2020","10-Sep-2020","-","-"
"1018GS2026","GOVERNMENT OF INDIA","GS"," Interest Payment","100","09-Sep-2020","10-Sep-2020","-","-"
"SALZERELEC","Salzer Electronics Limited","EQ"," Annual General Meeting","10","09-Sep-2020","-","11-Sep-2020","12-Sep-2020"
"LGBFORGE","LGB Forge Limited","EQ"," Annual General Meeting","1","09-Sep-2020","-","11-Sep-2020","17-Sep-2020"
"GSPL","Gujarat State Petronet Limited","EQ"," Dividend - Rs 2 Per Share","10","09-Sep-2020","10-Sep-2020","-","-"
"SUMEETINDS","Sumeet Industries Limited","EQ"," Annual General Meeting","2","09-Sep-2020","-","11-Sep-2020","17-Sep-2020"
"IGARASHI","Igarashi Motors India Limited","EQ"," Annual General Meeting/Dividend - Rs 1.20 Per Share","10","09-Sep-2020","-","11-Sep-2020","17-Sep-2020"
"SCI","Shipping Corporation Of India Limited","EQ"," Annual General Meeting/Dividend - Rs 0.75 Per Share","10","09-Sep-2020","-","11-Sep-2020","18-Sep-2020"
"SUPREMEIND","Supreme Industries Limited","EQ"," Annual General Meeting","2","09-Sep-2020","-","11-Sep-2020","17-Sep-2020"
"UFLEX","UFLEX Limited","EQ"," Annual General Meeting/Dividend - Rs 2 Per Share","10","09-Sep-2020","-","11-Sep-2020","17-Sep-2020"
"TNPL","Tamil Nadu Newsprint & Papers Limited","EQ"," Annual General Meeting/Dividend - Rs 6 Per Share","10","09-Sep-2020","-","11-Sep-2020","18-Sep-2020"
"GREENPANEL","Greenpanel Industries Limited","EQ"," Annual General Meeting","1","10-Sep-2020","-","14-Sep-2020","18-Sep-2020"
"EMAMILTD","Emami Limited","EQ"," Annual General Meeting","1","10-Sep-2020","-","12-Sep-2020","18-Sep-2020"
"GMRAIRPORT","GMR AIRPORTS LIMITED","EQ"," Annual General Meeting","1","10-Sep-2020","-","14-Sep-2020","21-Sep-2020"
"HUDCO","Housing & Urban Development Corporation Limited","EQ"," Dividend - Rs 2.35 Per Share","10","10-Sep-2020","12-Sep-2020","-","-"
"DFMFOODS","DFM Foods Limited","EQ"," Annual General Meeting","2","10-Sep-2020","-","14-Sep-2020","21-Sep-2020"
"BIGBLOC","Bigbloc Construction Limited","EQ"," Annual General Meeting/Dividend - Rs 0.25 Per Share","2","10-Sep-2020","-","12-Sep-2020","18-Sep-2020"
"FINEORG","Fine Organic Industries Limited","EQ"," Annual General Meeting/Dividend - Rs 3 Per Share","5","10-Sep-2020","-","12-Sep-2020","18-Sep-2020"
"TREJHARA","TREJHARA SOLUTIONS LIMITED","EQ"," Annual General Meeting","10","10-Sep-2020","-","12-Sep-2020","19-Sep-2020"
"GOCLCORP","GOCL Corporation Limited","EQ"," Annual General Meeting/Dividend - Rs 2 Per Sh","2","10-Sep-2020","-","14-Sep-2020","17-Sep-2020"
"UNOMINDA","UNO Minda Limited","EQ"," Annual General Meeting","2","10-Sep-2020","-","12-Sep-2020","19-Sep-2020"
"ZENTEC","Zen Technologies Limited","EQ"," Annual General Meeting/Dividend - Rs 0.40 Per Share","1","10-Sep-2020","11-Sep-2020","-","-"
"ORICONENT","Oricon Enterprises Limited","EQ"," Annual General Meeting","2","10-Sep-2020","-","13-Sep-2020","23-Sep-2020"
"DIAMONDYD","Prataap Snacks Limited","EQ"," Annual General Meeting/Dividend - Re 1 Per Share","5","10-Sep-2020","-","12-Sep-2020","18-Sep-2020"
"AARVI","Aarvi Encon Limited","EQ"," Dividend - Re 1 Per Share","10","10-Sep-2020","11-Sep-2020","-","-"
"LINDEINDIA","Linde India Limited","EQ"," Annual General Meeting/Dividend - Rs 2.50 Per Share And Special Dividend - Rs 7.50 Per Share","10","10-Sep-2020","-","12-Sep-2020","18-Sep-2020"
"GULFOILLUB","Gulf Oil Lubricants India Limited","EQ"," Dividend - Rs 7 Per Share","2","10-Sep-2020","-","12-Sep-2020","18-Sep-2020"
"APOLSINHOT","Apollo Sindoori Hotels Limited","EQ"," Annual General Meeting/Dividend - Rs 2 Per Share","5","10-Sep-2020","-","12-Sep-2020","17-Sep-2020"
"GULPOLY","Gulshan Polyols Limited","EQ"," Annual General Meeting","1","10-Sep-2020","-","12-Sep-2020","19-Sep-2020"
"RUPA","Rupa & Company Limited","EQ"," Annual General Meeting/Dividend - Rs 3 Per Sh","1","10-Sep-2020","-","12-Sep-2020","18-Sep-2020"
"RUSHIL","Rushil Decor Limited","EQ"," Rights 1:3 @ Premium Rs 40/-","1","10-Sep-2020","11-Sep-2020","-","-"
"AURIONPRO","Aurionpro Solutions Limited","EQ"," Annual General Meeting","10","10-Sep-2020","-","12-Sep-2020","19-Sep-2020"
"BANSWRAS","Banswara Syntex Limited","EQ"," Annual General Meeting","5","10-Sep-2020","-","12-Sep-2020","18-Sep-2020"
"MOIL","MOIL Limited","EQ"," Dividend - Rs 3 Per Share","10","10-Sep-2020","11-Sep-2020","-","-"
"ZEEL","Zee Entertainment Enterprises Limited","EQ"," Annual General Meeting/Dividend - Rs 0.30 Per Share","1","10-Sep-2020","11-Sep-2020","-","-"
"SUNFLAG","Sunflag Iron And Steel Company Limited","EQ"," Annual General Meeting","10","10-Sep-2020","-","12-Sep-2020","21-Sep-2020"
"GANDHITUBE","Gandhi Special Tubes Limited","EQ"," Annual General Meeting/Dividend - Rs 9 Per Share","5","10-Sep-2020","11-Sep-2020","-","-"
"UGARSUGAR","The Ugar Sugar Works Limited","EQ"," Dividend - Rs 0.10 Per Share","1","10-Sep-2020","-","12-Sep-2020","23-Sep-2020"
"PDPL","Parenteral Drugs (India) Limited","EQ"," Annual General Meeting","10","10-Sep-2020","-","14-Sep-2020","19-Sep-2020"
"GREENPOWER","Orient Green Power Company Limited","EQ"," Annual General Meeting","10","10-Sep-2020","-","14-Sep-2020","25-Sep-2020"
"DALMIASUG","Dalmia Bharat Sugar and Industries Limited","EQ"," Annual General Meeting","2","10-Sep-2020","-","12-Sep-2020","18-Sep-2020"
"SARDAEN","Sarda Energy & Minerals Limited","EQ"," Dividend - Rs 5 Per Share","1","10-Sep-2020","-","14-Sep-2020","17-Sep-2020"
"AARTIIND","Aarti Industries Limited","EQ"," Dividend - Re 1 Per Share","5","10-Sep-2020","11-Sep-2020","-","-"
"PRAJIND","Praj Industries Limited","EQ"," Annual General Meeting","2","10-Sep-2020","-","12-Sep-2020","18-Sep-2020"
"MRPL","Mangalore Refinery and Petrochemicals Limited","EQ"," Annual General Meeting","10","10-Sep-2020","-","14-Sep-2020","18-Sep-2020"
"RKFORGE","Ramkrishna Forgings Limited","EQ"," Annual General Meeting","2","10-Sep-2020","-","12-Sep-2020","19-Sep-2020"
"IPCALAB","IPCA Laboratories Limited","EQ"," Annual General Meeting","1","10-Sep-2020","-","12-Sep-2020","17-Sep-2020"
"JAGRAN","Jagran Prakashan Limited","EQ"," Annual General Meeting","2","10-Sep-2020","-","13-Sep-2020","23-Sep-2020"
"DLINKINDIA","D-Link (India) Limited","EQ"," Annual General Meeting/Dividend - Re 1 Per Share","2","10-Sep-2020","-","12-Sep-2020","18-Sep-2020"
"RIIL","Reliance Industrial Infrastructure Limited","EQ"," Dividend - Rs 3 Per Share","10","10-Sep-2020","11-Sep-2020","-","-"
"SPLIL","SPL Industries Limited","EQ"," Annual General Meeting","10","10-Sep-2020","-","13-Sep-2020","18-Sep-2020"
"NDTV","New Delhi Television Limited","EQ"," Annual General Meeting","4","10-Sep-2020","-","14-Sep-2020","16-Sep-2020"
"HEIDELBERG","HeidelbergCement India Limited","EQ"," Annual General Meeting/Dividend - Rs 6 Per Share","10","10-Sep-2020","11-Sep-2020","-","-"
"SICAGEN","Sicagen India Limited","EQ"," Dividend - Rs 0.50 Per Share","10","10-Sep-2020","-","12-Sep-2020","17-Sep-2020"
"SPIC","Southern Petrochemicals Industries Corporation  Limited","EQ"," Annual General Meeting","10","10-Sep-2020","-","12-Sep-2020","18-Sep-2020"
"HNDFDS","Hindustan Foods Limited","EQ"," Annual General Meeting","2","10-Sep-2020","-","12-Sep-2020","18-Sep-2020"
"EMAMIPAP","Emami Paper Mills Limited","EQ"," Annual General Meeting","2","11-Sep-2020","-","15-Sep-2020","21-Sep-2020"
"FIEMIND","Fiem Industries Limited","EQ"," Annual General Meeting/Dividend - Rs 3 Per Share","10","11-Sep-2020","-","15-Sep-2020","21-Sep-2020"
"762GS2039","GOVERNMENT OF INDIA","GS"," Interest Payment","100","11-Sep-2020","14-Sep-2020","-","-"
"SANCO","Sanco Industries Limited","EQ"," Annual General Meeting","10","11-Sep-2020","-","15-Sep-2020","21-Sep-2020"
"SALONA","Salona Cotspin Limited","EQ"," Annual General Meeting","10","11-Sep-2020","-","15-Sep-2020","21-Sep-2020"
"BLS","BLS International Services Limited","EQ"," Annual General Meeting/Dividend - Rs 0.50 Per Share","1","11-Sep-2020","-","15-Sep-2020","21-Sep-2020"
"AVADHSUGAR","Avadh Sugar & Energy Limited","EQ"," Dividend - Rs 4 Per Share","10","11-Sep-2020","-","15-Sep-2020","21-Sep-2020"
"BAJAJCON","Bajaj Consumer Care Limited","EQ"," Annual General Meeting/Dividend - Rs 2 Per Share","1","11-Sep-2020","-","15-Sep-2020","21-Sep-2020"
"WABAG","VA Tech Wabag Limited","EQ"," Annual General Meeting","2","11-Sep-2020","-","15-Sep-2020","23-Sep-2020"
"INDTERRAIN","Indian Terrain Fashions Limited","EQ"," Annual General Meeting","2","11-Sep-2020","-","15-Sep-2020","21-Sep-2020"
"UMESLTD","Usha Martin Education & Solutions Limited","EQ"," Annual General Meeting","1","11-Sep-2020","-","15-Sep-2020","21-Sep-2020"
"VSSL","Vardhman Special Steels Limited","EQ"," Annual General Meeting","10","11-Sep-2020","-","15-Sep-2020","25-Sep-2020"
"NECLIFE","Nectar Lifesciences Limited","EQ"," Annual General Meeting/Dividend - Rs 0.05 Per Share","1","11-Sep-2020","-","15-Sep-2020","21-Sep-2020"
"AKSHOPTFBR","Aksh Optifibre Limited","EQ"," Annual General Meeting","5","11-Sep-2020","-","15-Sep-2020","21-Sep-2020"
"CELEBRITY","Celebrity Fashions Limited","EQ"," Annual General Meeting","10","11-Sep-2020","-","15-Sep-2020","21-Sep-2020"
"FACT","Fertilizers and Chemicals Travancore Limited","EQ"," Annual General Meeting","10","11-Sep-2020","-","15-Sep-2020","23-Sep-2020"
"SUVEN","Suven Life Sciences Limited","EQ"," Annual General Meeting","1","11-Sep-2020","-","15-Sep-2020","17-Sep-2020"
"ENGINERSIN","Engineers India Limited","EQ"," Dividend - Rs 1.55 Per Share","5","11-Sep-2020","14-Sep-2020","-","-"
"HONDAPOWER","Honda India Power Products Limited","EQ"," Annual General Meeting/Dividend - Rs 12.50 Per Share","10","11-Sep-2020","-","15-Sep-2020","21-Sep-2020"
"INDNIPPON","India Nippon Electricals Limited","EQ"," Annual General Meeting","5","11-Sep-2020","-","15-Sep-2020","21-Sep-2020"
"THANGAMAYL","Thangamayil Jewellery Limited","EQ"," Annual General Meeting","10","11-Sep-2020","-","15-Sep-2020","21-Sep-2020"
"TATASTLBSL","Tata Steel Bsl Limited","EQ"," Annual General Meeting","2","11-Sep-2020","-","15-Sep-2020","21-Sep-2020"
"SIGMAADV","SIGMA ADVANCED SYSTEMS LIMITED","EQ"," Annual General Meeting","10","14-Sep-2020","-","16-Sep-2020","22-Sep-2020"
"BALRAMCHIN","Balrampur Chini Mills Limited","EQ"," Annual General Meeting","1","14-Sep-2020","-","16-Sep-2020","22-Sep-2020"
"ANTELOPUS","Antelopus Selan Energy Limited","EQ"," Annual General Meeting","10","14-Sep-2020","-","16-Sep-2020","23-Sep-2020"
"KDDL","KDDL Limited","EQ"," Annual General Meeting","10","14-Sep-2020","-","16-Sep-2020","23-Sep-2020"
"MAGADSUGAR","Magadh Sugar & Energy Limited","EQ"," Dividend - Rs 4 Per Share","10","14-Sep-2020","-","16-Sep-2020","22-Sep-2020"
"SPECIALITY","Speciality Restaurants Limited","EQ"," Annual General Meeting","10","14-Sep-2020","-","16-Sep-2020","22-Sep-2020"
"SUPERHOUSE","Superhouse Limited","EQ"," Annual General Meeting/Dividend - Rs 0.80 Per Sh","10","14-Sep-2020","-","16-Sep-2020","30-Sep-2020"
"GANECOS","Ganesha Ecosphere Limited","EQ"," Annual General Meeting/Dividend - Rs 2 Per Share","10","14-Sep-2020","-","16-Sep-2020","22-Sep-2020"
"COALINDIA","Coal India Limited","EQ"," Annual General Meeting","10","14-Sep-2020","-","16-Sep-2020","23-Sep-2020"
"HCLTECH","HCL Technologies Limited","EQ"," Dividend - Rs 2 Per Share","2","14-Sep-2020","-","16-Sep-2020","17-Sep-2020"
"PFS","PTC India Financial Services Limited","EQ"," Annual General Meeting/Dividend - Rs 0.45 Per Share","10","14-Sep-2020","-","16-Sep-2020","22-Sep-2020"
"MRF","MRF Limited","EQ"," Annual General Meeting/Dividend - Rs 94 Per Share","10","14-Sep-2020","-","16-Sep-2020","24-Sep-2020"
"SILINV","SIL Investments Limited","EQ"," Dividend - Rs 2.50 Per Share","10","14-Sep-2020","15-Sep-2020","-","-"
"MANUGRAPH","Manugraph India Limited","EQ"," Annual General Meeting","2","14-Sep-2020","-","16-Sep-2020","22-Sep-2020"
"GSFC","Gujarat State Fertilizers & Chemicals Limited","EQ"," Dividend - Rs 1.20 Per Share","2","14-Sep-2020","-","16-Sep-2020","30-Sep-2020"
"SUPPETRO","Supreme Petrochem Limited","EQ"," Annual General Meeting/Dividend - Rs 1.50 Per Share","10","14-Sep-2020","-","16-Sep-2020","18-Sep-2020"
"FMGOETZE","Federal-Mogul Goetze (India) Limited.","EQ"," Annual General Meeting","10","14-Sep-2020","-","16-Sep-2020","22-Sep-2020"
"JINDRILL","Jindal Drilling And Industries Limited","EQ"," Dividend - Rs 0.50 Per Share","5","14-Sep-2020","15-Sep-2020","-","-"
"PRIMESECU","Prime Securities Limited","EQ"," Annual General Meeting","5","14-Sep-2020","-","16-Sep-2020","22-Sep-2020"
"PTL","PTL Enterprises Limited","EQ"," Annual General Meeting","1","14-Sep-2020","-","16-Sep-2020","22-Sep-2020"
"ALPSINDUS","Alps Industries Limited","EQ"," Annual General Meeting","10","14-Sep-2020","-","16-Sep-2020","17-Sep-2020"
"SUTLEJTEX","Sutlej Textiles and Industries Limited","EQ"," Dividend - Rs 0.30 Per Share","1","14-Sep-2020","15-Sep-2020","-","-"
"NAUKRI","Info Edge (India) Limited","EQ"," Annual General Meeting","2","14-Sep-2020","-","16-Sep-2020","22-Sep-2020"
"MAHSEAMLES","Maharashtra Seamless Limited","EQ"," Dividend - Rs 2.50 Per Share","5","14-Sep-2020","15-Sep-2020","-","-"
"TAJGVK","Taj GVK Hotels & Resorts Limited","EQ"," Annual General Meeting","2","14-Sep-2020","-","16-Sep-2020","24-Sep-2020"
"JKTYRE","JK Tyre & Industries Limited","EQ"," Dividend - Rs 0 .70 Per Share","2","14-Sep-2020","-","16-Sep-2020","22-Sep-2020"
"PTC","PTC India Limited","EQ"," Dividend - Rs 5.50 Per Share","10","14-Sep-2020","15-Sep-2020","-","-"
"AEGISLOG","Aegis Logistics Limited","EQ"," Annual General Meeting/Dividend - Rs 1.20 Per Share","1","14-Sep-2020","-","16-Sep-2020","22-Sep-2020"
"CEMPRO","Cemindia Projects Limited","EQ"," Annual General Meeting/Dividend - Rs 0.30 Per Share","1","15-Sep-2020","-","17-Sep-2020","23-Sep-2020"
"USHAMART","Usha Martin Limited","EQ"," Annual General Meeting","1","15-Sep-2020","-","17-Sep-2020","23-Sep-2020"
"PRINCEPIPE","Prince Pipes And Fittings Limited","EQ"," Annual General Meeting","10","15-Sep-2020","-","17-Sep-2020","23-Sep-2020"
"WELSPUNLIV","Welspun Living Limited","EQ"," Annual General Meeting","1","15-Sep-2020","-","17-Sep-2020","18-Sep-2020"
"VIPCLOTHNG","VIP Clothing Limited","EQ"," Annual General Meeting","2","15-Sep-2020","-","17-Sep-2020","24-Sep-2020"
"PPL","Prakash Pipes Limited","EQ"," Annual General Meeting/Dividend - Rs 1.20 Per Share","10","15-Sep-2020","-","17-Sep-2020","19-Sep-2020"
"INOXWIND","Inox Wind Limited","EQ"," Annual General Meeting","10","15-Sep-2020","-","17-Sep-2020","23-Sep-2020"
"SANDHAR","Sandhar Technologies Limited","EQ"," Annual General Meeting/Dividend - Rs 0.75 Per Share","10","15-Sep-2020","-","17-Sep-2020","23-Sep-2020"
"DVL","Dhunseri Ventures Limited","EQ"," Annual General Meeting/Dividend - Rs 2.50 Per Share","10","15-Sep-2020","-","17-Sep-2020","23-Sep-2020"
"GANGESSECU","Ganges Securities Limited","EQ"," Annual General Meeting","10","15-Sep-2020","-","17-Sep-2020","23-Sep-2020"
"668GS2031","GOVERNMENT OF INDIA","GS"," Interest Payment","100","15-Sep-2020","16-Sep-2020","-","-"
"JTEKTINDIA","Jtekt India Limited","EQ"," Dividend - Rs 0.35 Per Share","1","15-Sep-2020","-","17-Sep-2020","23-Sep-2020"
"KHADIM","Khadim India Limited","EQ"," Annual General Meeting","10","15-Sep-2020","-","17-Sep-2020","23-Sep-2020"
"ENIL","Entertainment Network (India) Limited","EQ"," Annual General Meeting/Dividend - Re 1 Per Share","10","15-Sep-2020","-","17-Sep-2020","23-Sep-2020"
"TAINWALCHM","Tainwala Chemical and Plastic (I) Limited","EQ"," Annual General Meeting","10","15-Sep-2020","-","17-Sep-2020","23-Sep-2020"
"XCHANGING","Xchanging Solutions Limited","EQ"," Annual General Meeting","10","15-Sep-2020","-","17-Sep-2020","23-Sep-2020"
"ROSSELLIND","Rossell India Limited","EQ"," Annual General Meeting/Dividend - Rs 0.20 Per Share","2","15-Sep-2020","-","17-Sep-2020","23-Sep-2020"
"AMRUTANJAN","Amrutanjan Health Care Limited","EQ"," Annual General Meeting","1","15-Sep-2020","-","17-Sep-2020","23-Sep-2020"
"DENORA","De Nora India Limited","EQ"," Annual General Meeting","10","15-Sep-2020","-","17-Sep-2020","23-Sep-2020"
"DLF","DLF Limited","EQ"," Annual General Meeting/Dividend - Rs 0.80 Per Share","2","15-Sep-2020","16-Sep-2020","-","-"
"COMPUSOFT","Compucom Software Limited","EQ"," Annual General Meeting/Dividend - Rs 0.30 Per Share","2","15-Sep-2020","-","17-Sep-2020","23-Sep-2020"
"IMFA","Indian Metals & Ferro Alloys Limited","EQ"," Annual General Meeting","10","15-Sep-2020","-","17-Sep-2020","18-Sep-2020"
"BEL","Bharat Electronics Limited","EQ"," Annual General Meeting/Dividend - Rs 1.40 Per Share","1","15-Sep-2020","-","17-Sep-2020","20-Sep-2020"
"PRECWIRE","Precision Wires India Limited","EQ"," Annual General Meeting","1","15-Sep-2020","-","17-Sep-2020","23-Sep-2020"
"TALBROAUTO","Talbros Automotive Components Limited","EQ"," Annual General Meeting/Dividend - Rs 0.50 Per Share","2","15-Sep-2020","-","17-Sep-2020","25-Sep-2020"
"KCPSUGIND","KCP Sugar and Industries Corporation Limited","EQ"," Dividend - Rs 0.10  Per Share","1","15-Sep-2020","-","17-Sep-2020","25-Sep-2020"
"SUPERSPIN","Super Spinning Mills Limited","EQ"," Annual General Meeting","1","15-Sep-2020","-","17-Sep-2020","23-Sep-2020"
"SKMEGGPROD","SKM Egg Products Export (India) Limited","EQ"," Dividend - Rs 0.50 Per Share","5","15-Sep-2020","-","17-Sep-2020","23-Sep-2020"
"MALUPAPER","Malu Paper Mills Limited","EQ"," Annual General Meeting","10","15-Sep-2020","-","17-Sep-2020","24-Sep-2020"
"GKWLIMITED","GKW Limited","EQ"," Annual General Meeting","10","15-Sep-2020","-","17-Sep-2020","23-Sep-2020"
"KARURVYSYA","Karur Vysya Bank Limited","EQ"," Annual General Meeting","2","15-Sep-2020","-","17-Sep-2020","23-Sep-2020"
"AVTNPL","AVT Natural Products Limited","EQ"," Annual General Meeting/Dividend - Rs 0.35 Per Share","1","15-Sep-2020","-","17-Sep-2020","23-Sep-2020"
"ACE","Action Construction Equipment Limited","EQ"," Annual General Meeting","2","15-Sep-2020","-","17-Sep-2020","24-Sep-2020"
"GOACARBON","Goa Carbon Limited","EQ"," Annual General Meeting","10","15-Sep-2020","-","17-Sep-2020","23-Sep-2020"
"ARTEMISMED","Artemis Medicare Services Limited","EQ"," Annual General Meeting","1","15-Sep-2020","-","17-Sep-2020","23-Sep-2020"
"TEAMGTY","Team India Guaranty Limited","EQ"," Annual General Meeting","10","16-Sep-2020","-","18-Sep-2020","24-Sep-2020"
"LYKALABS","Lyka Labs Limited","EQ"," Annual General Meeting","10","16-Sep-2020","-","18-Sep-2020","25-Sep-2020"
"OSWALGREEN","Oswal Greentech Limited","EQ"," Annual General Meeting","10","16-Sep-2020","-","18-Sep-2020","24-Sep-2020"
"HBLENGINE","HBL Engineering Limited","EQ"," Annual General Meeting/Dividend - Rs 0.10 Per Share","1","16-Sep-2020","-","18-Sep-2020","24-Sep-2020"
"MAZDA","Mazda Limited","EQ"," Annual General Meeting/Dividend - Rs 2.50 Per Share","2","16-Sep-2020","-","18-Sep-2020","25-Sep-2020"
"MGL","Mahanagar Gas Limited","EQ"," Annual General Meeting/Dividend - Rs 10.50 Per Share And Special Dividend - Rs 15 Per Share","10","16-Sep-2020","-","18-Sep-2020","24-Sep-2020"
"VIPULLTD","Vipul Limited","EQ"," Annual General Meeting","1","16-Sep-2020","-","18-Sep-2020","25-Sep-2020"
"SAKAR","Sakar Healthcare Limited","EQ"," Annual General Meeting","10","16-Sep-2020","-","18-Sep-2020","24-Sep-2020"
"HLVLTD","HLV LIMITED","EQ"," Annual General Meeting","2","16-Sep-2020","-","18-Sep-2020","21-Sep-2020"
"CAPACITE","Capacit'e Infraprojects Limited","EQ"," Annual General Meeting","10","16-Sep-2020","-","18-Sep-2020","25-Sep-2020"
"BKMINDST","Bkm Industries Limited","EQ"," Annual General Meeting","1","16-Sep-2020","-","18-Sep-2020","24-Sep-2020"
"LUXIND","Lux Industries Limited","EQ"," Annual General Meeting/Dividend - Rs 2.50 Per Share","2","16-Sep-2020","-","18-Sep-2020","24-Sep-2020"
"MANAKALUCO","Manaksia Aluminium Company Limited","EQ"," Annual General Meeting","1","16-Sep-2020","-","18-Sep-2020","24-Sep-2020"
"MANAKCOAT","Manaksia Coated Metals & Industries Limited","EQ"," Annual General Meeting","1","16-Sep-2020","-","18-Sep-2020","24-Sep-2020"
"TCNSBRANDS","TCNS Clothing Co. Limited","EQ"," Annual General Meeting","2","16-Sep-2020","-","18-Sep-2020","24-Sep-2020"
"DVL","Dhunseri Ventures Limited","EQ"," Annual General Meeting/Dividend - Rs 0.50 Per Share","10","16-Sep-2020","-","18-Sep-2020","24-Sep-2020"
"MSTCLTD","Mstc Limited","EQ"," Annual General Meeting/Dividend - Rs 3.30 Per Share","10","16-Sep-2020","-","18-Sep-2020","25-Sep-2020"
"ALBERTDAVD","Albert David Limited","EQ"," Annual General Meeting","10","16-Sep-2020","-","18-Sep-2020","25-Sep-2020"
"PALASHSECU","Palash Securities Limited","EQ"," Annual General Meeting","10","16-Sep-2020","-","18-Sep-2020","24-Sep-2020"
"20MICRONS","20 Microns Limited","EQ"," Annual General Meeting","5","16-Sep-2020","-","18-Sep-2020","25-Sep-2020"
"DIGJAMLTD","Digjam Limited","EQ"," Annual General Meeting","10","16-Sep-2020","-","18-Sep-2020","26-Sep-2020"
"INDOSTAR","IndoStar Capital Finance Limited","EQ"," Annual General Meeting","10","16-Sep-2020","-","18-Sep-2020","24-Sep-2020"
"VSTTILLERS","V.S.T Tillers Tractors Limited","EQ"," Annual General Meeting","10","16-Sep-2020","-","18-Sep-2020","24-Sep-2020"
"PENIND","Pennar Industries Limited","EQ"," Annual General Meeting","5","16-Sep-2020","-","18-Sep-2020","19-Sep-2020"
"HARRMALAYA","Harrisons  Malayalam Limited","EQ"," Annual General Meeting","10","16-Sep-2020","-","18-Sep-2020","24-Sep-2020"
"VTL","Vardhman Textiles Limited","EQ"," Annual General Meeting","2","16-Sep-2020","-","18-Sep-2020","28-Sep-2020"
"INDIAGLYCO","India Glycols Limited","EQ"," Annual General Meeting","5","16-Sep-2020","-","18-Sep-2020","24-Sep-2020"
"RELAXO","Relaxo Footwears Limited","EQ"," Annual General Meeting","1","16-Sep-2020","-","18-Sep-2020","23-Sep-2020"
"DBCORP","D.B.Corp Limited","EQ"," Annual General Meeting","10","16-Sep-2020","-","18-Sep-2020","25-Sep-2020"
"GPIL","Godawari Power And Ispat limited","EQ"," Annual General Meeting","1","16-Sep-2020","-","18-Sep-2020","25-Sep-2020"
"OMAXAUTO","Omax Autos Limited","EQ"," Annual General Meeting","10","16-Sep-2020","-","18-Sep-2020","25-Sep-2020"
"DEEPAKFERT","Deepak Fertilizers and Petrochemicals Corporation Limited","EQ"," Annual General Meeting/Dividend - Rs  3 Per Share","10","16-Sep-2020","-","18-Sep-2020","21-Sep-2020"
"DEEPAKFERT","Deepak Fertilizers and Petrochemicals Corporation Limited","EQ"," Rights 3:20 @ Premium Rs 123/-","10","16-Sep-2020","17-Sep-2020","-","-"
"KREBSBIO","Krebs Biochemicals and Industries Limited","EQ"," Annual General Meeting","10","16-Sep-2020","-","18-Sep-2020","26-Sep-2020"
"KPRMILL","K.P.R. Mill Limited","EQ"," Annual General Meeting/Dividend - Rs 0.75 Per Share","1","16-Sep-2020","-","18-Sep-2020","24-Sep-2020"
"VHL","Vardhman Holdings Limited","EQ"," Annual General Meeting","10","16-Sep-2020","-","18-Sep-2020","28-Sep-2020"
"ELECON","Elecon Engineering Company Limited","EQ"," Annual General Meeting","1","16-Sep-2020","-","18-Sep-2020","24-Sep-2020"
"ASAHIINDIA","Asahi India Glass Limited","EQ"," Annual General Meeting","1","16-Sep-2020","-","18-Sep-2020","25-Sep-2020"
"SGFL","Shree Ganesh Forgings Limited","EQ"," Extra Ordinary General Meeting","10","16-Sep-2020","-","18-Sep-2020","22-Sep-2020"
"PUNJABCHEM","Punjab Chemicals & Crop Protection Limited","EQ"," Annual General Meeting/Dividend - Rs 1.50 Per Share","10","16-Sep-2020","-","18-Sep-2020","25-Sep-2020"
"NTPC","NTPC Limited","EQ"," Annual General Meeting","10","16-Sep-2020","-","18-Sep-2020","24-Sep-2020"
"BHARATRAS","Bharat Rasayan Limited","EQ"," Annual General Meeting/Dividend - Rs 1.50 Per Share","5","16-Sep-2020","-","18-Sep-2020","24-Sep-2020"
"INDIANCARD","Indian Card Clothing Company Limited","EQ"," Annual General Meeting","10","16-Sep-2020","-","18-Sep-2020","24-Sep-2020"
"MIRCELECTR","MIRC Electronics Limited","EQ"," Annual General Meeting","1","16-Sep-2020","-","18-Sep-2020","24-Sep-2020"
"PRECOT","Precot Limited","EQ"," Annual General Meeting","10","16-Sep-2020","-","18-Sep-2020","24-Sep-2020"
"RAMANEWS","Shree Rama Newsprint Limited","EQ"," Annual General Meeting","10","16-Sep-2020","-","18-Sep-2020","25-Sep-2020"
"ECLERX","eClerx Services Limited","EQ"," Dividend - Re 1 Per Share","10","16-Sep-2020","-","18-Sep-2020","29-Sep-2020"
"RSWM","RSWM Limited","EQ"," Annual General Meeting","10","16-Sep-2020","-","18-Sep-2020","24-Sep-2020"
"MANINFRA","Man Infraconstruction Limited","EQ"," Annual General Meeting","2","16-Sep-2020","-","18-Sep-2020","24-Sep-2020"
"ICRA","ICRA Limited","EQ"," Annual General Meeting/Dividend - Rs 27 Per Share","10","16-Sep-2020","-","18-Sep-2020","22-Sep-2020"
"SEPC","SEPC Limited","EQ"," Annual General Meeting","10","16-Sep-2020","-","18-Sep-2020","23-Sep-2020"
"LINC","Linc Limited","EQ"," Annual General Meeting/Dividend - Rs 1.50 Per Share","5","17-Sep-2020","-","19-Sep-2020","25-Sep-2020"
"JWL","Jupiter Wagons Limited","EQ"," Annual General Meeting","10","17-Sep-2020","-","21-Sep-2020","24-Sep-2020"
"DCMNVL","DCM Nouvelle Limited","EQ"," Annual General Meeting","10","17-Sep-2020","-","19-Sep-2020","25-Sep-2020"
"HGM","HandsOn Global Management (HGM) Limited","EQ"," Annual General Meeting","10","17-Sep-2020","-","19-Sep-2020","22-Sep-2020"
"TIPSMUSIC","Tips Music Limited","EQ"," Annual General Meeting/Dividend - Rs 1.50 Per Share","1","17-Sep-2020","-","19-Sep-2020","25-Sep-2020"
"CPCAP","CP Capital Limited","EQ"," Annual General Meeting","10","17-Sep-2020","-","21-Sep-2020","28-Sep-2020"
"SEMAC","Semac Construction Limited","EQ"," Annual General Meeting","10","17-Sep-2020","-","19-Sep-2020","25-Sep-2020"
"DHARAN","DHARAN INFRA-EPC LIMITED","EQ"," Annual General Meeting","1","17-Sep-2020","-","19-Sep-2020","26-Sep-2020"
"ALLDIGI","Alldigi Tech Limited","EQ"," Annual General Meeting","10","17-Sep-2020","-","19-Sep-2020","29-Sep-2020"
"LASA","Lasa Supergenerics Limited","EQ"," Annual General Meeting","10","17-Sep-2020","-","19-Sep-2020","25-Sep-2020"
"SIGIND","Signet Industries Limited","EQ"," Annual General Meeting/Dividend - Rs 0.50 Per Share","10","17-Sep-2020","-","19-Sep-2020","25-Sep-2020"
"ZOTA","Zota Health Care LImited","EQ"," Annual General Meeting/Dividend - Re 1 Per Share","10","17-Sep-2020","-","19-Sep-2020","26-Sep-2020"
"HISARMETAL","Hisar Metal Industries Limited","EQ"," Annual General Meeting/Dividend - Re 1 Per Share","10","17-Sep-2020","-","19-Sep-2020","29-Sep-2020"
"NILAINFRA","Nila Infrastructures Limited","EQ"," Annual General Meeting","1","17-Sep-2020","-","19-Sep-2020","25-Sep-2020"
"SALASAR","Salasar Techno Engineering Limited","EQ"," Annual General Meeting/Dividend - Re 1 Per Share","1","17-Sep-2020","-","19-Sep-2020","26-Sep-2020"
"CENTRUM","Centrum Capital Limited","EQ"," Annual General Meeting","1","17-Sep-2020","-","19-Sep-2020","25-Sep-2020"
"ANUP","The Anup Engineering Limited","EQ"," Annual General Meeting/Dividend - Rs 7 Per Share","10","17-Sep-2020","-","19-Sep-2020","26-Sep-2020"
"KELLTONTEC","Kellton Tech Solutions Limited","EQ"," Annual General Meeting","1","17-Sep-2020","-","21-Sep-2020","28-Sep-2020"
"AURUM","Aurum PropTech Limited","EQ"," Annual General Meeting","5","17-Sep-2020","-","19-Sep-2020","24-Sep-2020"
"PITTIENG","Pitti Engineering Limited","EQ"," Annual General Meeting","5","17-Sep-2020","-","19-Sep-2020","25-Sep-2020"
"MBAPL","Madhya Bharat Agro Products Limited","EQ"," Annual General Meeting/Dividend - Rs 0.50 Per Share","10","17-Sep-2020","18-Sep-2020","-","-"
"NACLIND","NACL Industries Limited","EQ"," Annual General Meeting","1","17-Sep-2020","-","19-Sep-2020","28-Sep-2020"
"APOLLO","Apollo Micro Systems Limited","EQ"," Annual General Meeting/Dividend - Rs 0.50 Per Share","1","17-Sep-2020","-","19-Sep-2020","25-Sep-2020"
"HITECH","Hi-Tech Pipes Limited","EQ"," Dividend - Rs 0.25 Per Share","1","17-Sep-2020","19-Sep-2020","-","-"
"HITECHCORP","Hitech Corporation Limited","EQ"," Annual General Meeting","10","17-Sep-2020","-","21-Sep-2020","26-Sep-2020"
"TIRUPATIFL","Tirupati Forge Limited","EQ"," Annual General Meeting","2","17-Sep-2020","-","19-Sep-2020","26-Sep-2020"
"NILASPACES","Nila Spaces Limited","EQ"," Annual General Meeting","1","17-Sep-2020","-","19-Sep-2020","25-Sep-2020"
"NEOGEN","Neogen Chemicals Limited","EQ"," Annual General Meeting/Dividend - Rs 2 Per Share","10","17-Sep-2020","-","19-Sep-2020","28-Sep-2020"
"NBIFIN","N. B. I. Industrial Finance Company Limited","EQ"," Annual General Meeting","5","17-Sep-2020","-","21-Sep-2020","28-Sep-2020"
"LINCOLN","Lincoln Pharmaceuticals Limited","EQ"," Annual General Meeting","10","17-Sep-2020","-","21-Sep-2020","30-Sep-2020"
"NIRAJISPAT","Niraj Ispat Industries Limited","EQ"," Annual General Meeting","10","17-Sep-2020","-","19-Sep-2020","30-Sep-2020"
"759GS2029","GOVERNMENT OF INDIA","GS"," Interest Payment","100","17-Sep-2020","18-Sep-2020","-","-"
"788GS2030","GOVERNMENT OF INDIA","GS"," Interest Payment","100","17-Sep-2020","18-Sep-2020","-","-"
"813GS2022","GOVERNMENT OF INDIA","GS"," Interest Payment","100","17-Sep-2020","19-Sep-2020","-","-"
"828GS2027","GOVERNMENT OF INDIA","GS"," Interest Payment","100","17-Sep-2020","19-Sep-2020","-","-"
"833GS2032","GOVERNMENT OF INDIA","GS"," Interest Payment","100","17-Sep-2020","19-Sep-2020","-","-"
"JITFINFRA","JITF Infralogistics Limited","EQ"," Annual General Meeting","2","17-Sep-2020","-","19-Sep-2020","25-Sep-2020"
"IFGLEXPOR","IFGL Refractories Limited","EQ"," Annual General Meeting","10","17-Sep-2020","-","21-Sep-2020","26-Sep-2020"
"GDL","Gateway Distriparks Limited","EQ"," Annual General Meeting","10","17-Sep-2020","-","19-Sep-2020","29-Sep-2020"
"SUBEX","Subex Limited","EQ"," Annual General Meeting","10","17-Sep-2020","-","19-Sep-2020","25-Sep-2020"
"COUNCODOS","Country Condo's Limited","EQ"," Annual General Meeting","1","17-Sep-2020","-","20-Sep-2020","28-Sep-2020"
"MORARJEE","Morarjee Textiles Limited","EQ"," Annual General Meeting","7","17-Sep-2020","-","19-Sep-2020","25-Sep-2020"
"GSCLCEMENT","Gujarat Sidhee Cement Limited","EQ"," Annual General Meeting","10","17-Sep-2020","-","19-Sep-2020","25-Sep-2020"
"ANDHRACEMT","Andhra Cements Limited","EQ"," Annual General Meeting","10","17-Sep-2020","-","21-Sep-2020","29-Sep-2020"
"TDPOWERSYS","TD Power Systems Limited","EQ"," Annual General Meeting/Dividend - Rs 0.75 Per Sh","2","17-Sep-2020","18-Sep-2020","-","-"
"VESUVIUS","Vesuvius India Limited","EQ"," Dividend - Rs 7 Per Share","1","17-Sep-2020","18-Sep-2020","-","-"
"SUPRAJIT","Suprajit Engineering Limited","EQ"," Annual General Meeting","1","17-Sep-2020","-","20-Sep-2020","26-Sep-2020"
"DCM","DCM  Limited","EQ"," Annual General Meeting","10","17-Sep-2020","-","19-Sep-2020","25-Sep-2020"
"WELINV","Welspun Investments and Commercials Limited","EQ"," Annual General Meeting","10","17-Sep-2020","-","19-Sep-2020","21-Sep-2020"
"BLISSGVS","Bliss GVS Pharma Limited","EQ"," Annual General Meeting/Dividend - Rs 0.50 Per Share","1","17-Sep-2020","-","19-Sep-2020","25-Sep-2020"
"BLUECOAST","Blue Coast Hotels Limited","EQ"," Annual General Meeting","10","17-Sep-2020","-","19-Sep-2020","25-Sep-2020"
"VICEROY","Viceroy Hotels Limited","EQ"," Annual General Meeting","10","17-Sep-2020","-","20-Sep-2020","28-Sep-2020"
"GLENMARK","Glenmark Pharmaceuticals Limited","EQ"," Annual General Meeting/Dividend - Rs 2.50 Per Share","1","17-Sep-2020","-","19-Sep-2020","29-Sep-2020"
"CANTABIL","Cantabil Retail India Limited","EQ"," Annual General Meeting/Dividend - Re 1 Per Share","2","17-Sep-2020","-","19-Sep-2020","25-Sep-2020"
"DHUNINV","Dhunseri Investments Limited","EQ"," Annual General Meeting/Dividend - Rs  1.50 Per Share","10","17-Sep-2020","-","19-Sep-2020","25-Sep-2020"
"SUMMITSEC","Summit Securities Limited","EQ"," Annual General Meeting","10","17-Sep-2020","-","19-Sep-2020","25-Sep-2020"
"KANANIIND","Kanani Industries Limited","EQ"," Annual General Meeting","1","17-Sep-2020","-","19-Sep-2020","26-Sep-2020"
"VADILALIND","Vadilal Industries Limited","EQ"," Annual General Meeting","10","17-Sep-2020","-","21-Sep-2020","30-Sep-2020"
"PIIND","PI Industries Limited","EQ"," Annual General Meeting/Dividend - Re 1 Per Share","1","17-Sep-2020","-","19-Sep-2020","25-Sep-2020"
"SYMPHONY","Symphony Limited","EQ"," Annual General Meeting","2","17-Sep-2020","-","19-Sep-2020","22-Sep-2020"
"IOLCP","IOL Chemicals and Pharmaceuticals Limited","EQ"," Annual General Meeting","2","17-Sep-2020","-","19-Sep-2020","26-Sep-2020"
"KIRIINDUS","Kiri Industries Limited","EQ"," Dividend - Rs 0.50 Per Share","10","17-Sep-2020","18-Sep-2020","-","-"
"NAHARPOLY","Nahar Poly Films Limited","EQ"," Dividend - Re 1 Per Share","5","17-Sep-2020","-","19-Sep-2020","21-Sep-2020"
"FILATEX","Filatex India Limited","EQ"," Annual General Meeting","1","17-Sep-2020","-","20-Sep-2020","30-Sep-2020"
"AROGRANITE","Aro Granite Industries Limited","EQ"," Annual General Meeting","10","17-Sep-2020","-","21-Sep-2020","25-Sep-2020"
"FINCABLES","Finolex Cables Limited","EQ"," Annual General Meeting/Dividend - Rs 5.50 Per Share","2","17-Sep-2020","-","19-Sep-2020","29-Sep-2020"
"BERGEPAINT","Berger Paints (I) Limited","EQ"," Annual General Meeting/Dividend - Rs 0.30 Per Share","1","17-Sep-2020","-","19-Sep-2020","25-Sep-2020"
"ALPHAGEO","Alphageo (India) Limited","EQ"," Annual General Meeting","10","17-Sep-2020","-","19-Sep-2020","27-Sep-2020"
"ANDHRSUGAR","The Andhra Sugars Limited","EQ"," Annual General Meeting","2","17-Sep-2020","-","19-Sep-2020","26-Sep-2020"
"ARSHIYA","Arshiya Limited","EQ"," Annual General Meeting","2","17-Sep-2020","-","19-Sep-2020","25-Sep-2020"
"GENUSPOWER","Genus Power Infrastructures Limited","EQ"," Annual General Meeting/Dividend - Rs  0.10 Per Share","1","17-Sep-2020","-","19-Sep-2020","25-Sep-2020"
"BALMLAWRIE","Balmer Lawrie & Company Limited","EQ"," Annual General Meeting/Dividend - Rs 7.50 Per Share","10","17-Sep-2020","-","19-Sep-2020","25-Sep-2020"
"BEPL","Bhansali Engineering Polymers Limited","EQ"," Annual General Meeting/Dividend - Rs 0.50 Per Share","1","17-Sep-2020","-","19-Sep-2020","26-Sep-2020"
"HEXATRADEX","Hexa Tradex Limited","EQ"," Annual General Meeting","2","17-Sep-2020","-","19-Sep-2020","25-Sep-2020"
"KIRLOSBROS","Kirloskar Brothers Limited","EQ"," Dividend - Rs 0.50 Per Sh","2","17-Sep-2020","18-Sep-2020","-","-"
"MURUDCERA","Murudeshwar Ceramics Limited","EQ"," Annual General Meeting","10","17-Sep-2020","-","19-Sep-2020","26-Sep-2020"
"NHPC","NHPC Limited","EQ"," Dividend - Rs 0.32 Per Share","10","17-Sep-2020","18-Sep-2020","-","-"
"NHPC","NHPC Limited","EQ"," Annual General Meeting","10","17-Sep-2020","-","19-Sep-2020","29-Sep-2020"
"PBAINFRA","PBA Infrastructure Limited","EQ"," Annual General Meeting","10","17-Sep-2020","-","21-Sep-2020","28-Sep-2020"
"ZODJRDMKJ","Zodiac JRD- MKJ Limited","EQ"," Annual General Meeting","10","17-Sep-2020","-","19-Sep-2020","25-Sep-2020"
"TRIGYN","Trigyn Technologies Limited","EQ"," Annual General Meeting/Dividend - Rs 0.25 Per Share","10","17-Sep-2020","-","19-Sep-2020","28-Sep-2020"
"MUKTAARTS","Mukta Arts Limited","EQ"," Annual General Meeting","5","17-Sep-2020","-","19-Sep-2020","26-Sep-2020"
"MAFATLAFIN","Mafatlal Finance Limited","EQ"," Annual General Meeting","10","17-Sep-2020","-","21-Sep-2020","25-Sep-2020"
"JPPOWER","Jaiprakash Power Ventures Limited","EQ"," Annual General Meeting","10","17-Sep-2020","-","19-Sep-2020","25-Sep-2020"
"PHOENIXLTD","The Phoenix Mills Limited","EQ"," Annual General Meeting","2","17-Sep-2020","-","19-Sep-2020","25-Sep-2020"
"SHIVAMAUTO","Shivam Autotech Limited","EQ"," Annual General Meeting","2","17-Sep-2020","-","21-Sep-2020","30-Sep-2020"
"SHREERAMA","Shree Rama Multi-Tech Limited","EQ"," Annual General Meeting","5","17-Sep-2020","-","19-Sep-2020","25-Sep-2020"
"THEMISMED","Themis Medicare Limited","EQ"," Annual General Meeting/Dividend - Rs 1.75 Per Share","1","17-Sep-2020","-","21-Sep-2020","28-Sep-2020"
"RECLTD","REC Limited","EQ"," Annual General Meeting","10","17-Sep-2020","-","19-Sep-2020","25-Sep-2020"
"PPAP","PPAP Automotive Limited","EQ"," Annual General Meeting","10","17-Sep-2020","-","19-Sep-2020","24-Sep-2020"
"NAGREEKCAP","Nagreeka Capital & Infrastructure Limited","EQ"," Annual General Meeting","5","17-Sep-2020","-","21-Sep-2020","28-Sep-2020"
"NAHARCAP","Nahar Capital and Financial Services Limited","EQ"," Dividend - Rs 0.50 Per Share","5","17-Sep-2020","-","19-Sep-2020","21-Sep-2020"
"SANGHVIMOV","Sanghvi Movers Limited","EQ"," Annual General Meeting","1","17-Sep-2020","-","19-Sep-2020","25-Sep-2020"
"SUZLON","Suzlon Energy Limited","EQ"," Annual General Meeting","2","17-Sep-2020","-","19-Sep-2020","25-Sep-2020"
"TANLA","Tanla Platforms Limited","EQ"," Annual General Meeting","1","17-Sep-2020","-","19-Sep-2020","25-Sep-2020"
"TANLA","Tanla Platforms Limited","EQ"," Interim Dividend - Re 1 Per Share","1","17-Sep-2020","18-Sep-2020","-","-"
"VINATIORGA","Vinati Organics Limited","EQ"," Annual General Meeting/Dividend - Rs 0.50 Per Share","1","17-Sep-2020","-","19-Sep-2020","26-Sep-2020"
"ALKALI","Alkali Metals Limited","EQ"," Annual General Meeting","10","17-Sep-2020","-","21-Sep-2020","26-Sep-2020"
"BLBLIMITED","BLB Limited","EQ"," Annual General Meeting","1","17-Sep-2020","-","21-Sep-2020","21-Sep-2020"
"APOLLOHOSP","Apollo Hospitals Enterprise Limited","EQ"," Annual General Meeting/Dividend - Rs 2.75 Per Share","5","17-Sep-2020","-","19-Sep-2020","25-Sep-2020"
"ARVIND","Arvind Limited","EQ"," Annual General Meeting","10","17-Sep-2020","-","19-Sep-2020","25-Sep-2020"
"GOKEX","Gokaldas Exports Limited","EQ"," Annual General Meeting","5","17-Sep-2020","-","19-Sep-2020","25-Sep-2020"
"GOLDIAM","Goldiam International Limited","EQ"," Annual General Meeting/Dividend - Rs 1.50 Per Share","2","17-Sep-2020","-","21-Sep-2020","25-Sep-2020"
"MANGLMCEM","Mangalam Cement Limited","EQ"," Annual General Meeting/Dividend - Re 1 Per Share","10","17-Sep-2020","-","19-Sep-2020","25-Sep-2020"
"TAKE","Take Solutions Limited","EQ"," Annual General Meeting","1","17-Sep-2020","-","19-Sep-2020","25-Sep-2020"
"BSELINFRA","BSEL Infrastructure Realty Limited","EQ"," Annual General Meeting","10","17-Sep-2020","-","21-Sep-2020","25-Sep-2020"
"BEML","BEML Limited","EQ"," Annual General Meeting/Dividend - Rs 3.50 Per Share","5","17-Sep-2020","-","19-Sep-2020","25-Sep-2020"
"JINDALSAW","Jindal Saw Limited","EQ"," Annual General Meeting/Dividend - Rs 2 Per Share","1","17-Sep-2020","-","19-Sep-2020","25-Sep-2020"
"KALYANIFRG","Kalyani Forge Limited","EQ"," Dividend - Re 1 Per Share","10","17-Sep-2020","-","19-Sep-2020","25-Sep-2020"
"UTTAMSTL","Uttam Galva Steels Limited","EQ"," Annual General Meeting","10","17-Sep-2020","-","19-Sep-2020","25-Sep-2020"
"MUKANDENGG","Mukand Engineers Limited","EQ"," Annual General Meeting","10","17-Sep-2020","-","19-Sep-2020","29-Sep-2020"
"NCLIND","NCL Industries Limited","EQ"," Annual General Meeting/Dividend - Re 1 Per Share","10","17-Sep-2020","-","21-Sep-2020","28-Sep-2020"
"LICHSGFIN","LIC Housing Finance Limited","EQ"," Annual General Meeting/Dividend - Rs 8 Per Share","2","17-Sep-2020","-","20-Sep-2020","28-Sep-2020"
"UTTAMSUGAR","Uttam Sugar Mills Limited","EQ"," Annual General Meeting","10","17-Sep-2020","-","19-Sep-2020","25-Sep-2020"
"DONEAR","Donear Industries Limited","EQ"," Annual General Meeting/Dividend - Rs  0.20 Per Share","2","17-Sep-2020","-","19-Sep-2020","25-Sep-2020"
"IGL","Indraprastha Gas Limited","EQ"," Annual General Meeting/Dividend - Rs 2.80 Per Share","2","17-Sep-2020","-","19-Sep-2020","28-Sep-2020"
"RUCHIRA","Ruchira Papers Limited","EQ"," Annual General Meeting","10","17-Sep-2020","-","19-Sep-2020","25-Sep-2020"
"STERTOOLS","Sterling Tools Limited","EQ"," Annual General Meeting","2","17-Sep-2020","-","19-Sep-2020","25-Sep-2020"
"GUJALKALI","Gujarat Alkalies and Chemicals Limited","EQ"," Dividend - Rs 8 Per Share","10","17-Sep-2020","-","19-Sep-2020","25-Sep-2020"
"AHLUCONT","Ahluwalia Contracts (India) Limited","EQ"," Annual General Meeting","2","17-Sep-2020","-","21-Sep-2020","30-Sep-2020"
"BRFL","Bombay Rayon Fashions Limited","EQ"," Annual General Meeting","10","17-Sep-2020","-","19-Sep-2020","30-Sep-2020"
"ARCHIES","Archies Limited","EQ"," Annual General Meeting","2","17-Sep-2020","-","19-Sep-2020","25-Sep-2020"
"ASHIMASYN","Ashima Limited","EQ"," Annual General Meeting","10","17-Sep-2020","-","21-Sep-2020","29-Sep-2020"
"BALPHARMA","Bal Pharma Limited","EQ"," Annual General Meeting","10","17-Sep-2020","-","21-Sep-2020","25-Sep-2020"
"NAGREEKEXP","Nagreeka Exports Limited","EQ"," Annual General Meeting","5","17-Sep-2020","-","21-Sep-2020","28-Sep-2020"
"INDRAMEDCO","Indraprastha Medical Corporation Limited","EQ"," Annual General Meeting","10","17-Sep-2020","-","19-Sep-2020","29-Sep-2020"
"NITCO","Nitco Limited","EQ"," Annual General Meeting","10","17-Sep-2020","-","19-Sep-2020","25-Sep-2020"
"SMSPHARMA","SMS Pharmaceuticals Limited","EQ"," Annual General Meeting","1","17-Sep-2020","-","19-Sep-2020","30-Sep-2020"
"STARPAPER","Star Paper Mills Limited","EQ"," Annual General Meeting/Dividend - Rs 2.50 Per Share","10","17-Sep-2020","-","21-Sep-2020","28-Sep-2020"
"VARDHACRLC","Vardhman Acrylics Limited","EQ"," Annual General Meeting","10","17-Sep-2020","-","19-Sep-2020","29-Sep-2020"
"NOIDATOLL","Noida Toll Bridge Company Limited","EQ"," Annual General Meeting","10","18-Sep-2020","-","22-Sep-2020","28-Sep-2020"
"ONMOBILE","OnMobile Global Limited","EQ"," Annual General Meeting/Dividend - Rs 1.50 Per Share","10","18-Sep-2020","-","22-Sep-2020","28-Sep-2020"
"GOLDTECH","AION-TECH SOLUTIONS LIMITED","EQ"," Annual General Meeting","10","18-Sep-2020","-","22-Sep-2020","28-Sep-2020"
"INDIACEM","The India Cements Limited","EQ"," Annual General Meeting/Dividend - Rs 0.60 Per Share","10","18-Sep-2020","-","22-Sep-2020","28-Sep-2020"
"GLOBUSSPR","Globus Spirits Limited","EQ"," Annual General Meeting/Dividend - Re 1 Per Share","10","18-Sep-2020","21-Sep-2020","-","-"
"SOTL","Savita Oil Technologies Limited","EQ"," Annual General Meeting","2","18-Sep-2020","-","22-Sep-2020","29-Sep-2020"
"EDELWEISS","Edelweiss Financial Services Limited","EQ"," Annual General Meeting","1","18-Sep-2020","-","22-Sep-2020","27-Sep-2020"
"INDOCO","Indoco Remedies Limited","EQ"," Annual General Meeting/Dividend - Re 0.30 Per Sh","2","18-Sep-2020","-","22-Sep-2020","24-Sep-2020"
"DELTAMAGNT","Delta Manufacturing Limited","EQ"," Annual General Meeting","10","18-Sep-2020","-","22-Sep-2020","27-Sep-2020"
"BBL","Bharat Bijlee Limited","EQ"," Annual General Meeting","5","18-Sep-2020","-","22-Sep-2020","29-Sep-2020"
"LOKESHMACH","Lokesh Machines Limited","EQ"," Annual General Meeting","10","18-Sep-2020","-","22-Sep-2020","28-Sep-2020"
"WAAREEINDO","Indosolar Limited","EQ"," Annual General Meeting","10","18-Sep-2020","-","22-Sep-2020","28-Sep-2020"
"BORORENEW","BOROSIL RENEWABLES LIMITED","EQ"," Annual General Meeting","1","18-Sep-2020","-","22-Sep-2020","28-Sep-2020"
"VIKASWSP","Vikas WSP Limited","EQ"," Annual General Meeting","1","18-Sep-2020","-","22-Sep-2020","28-Sep-2020"
"ESSENTIA","Integra Essentia Limited","EQ"," Annual General Meeting","1","18-Sep-2020","-","22-Sep-2020","28-Sep-2020"
"RTNINDIA","RattanIndia Enterprises Limited","EQ"," Annual General Meeting","2","18-Sep-2020","-","22-Sep-2020","30-Sep-2020"
"GVT&D","GE Vernova T&D India Limited","EQ"," Annual General Meeting","2","18-Sep-2020","-","22-Sep-2020","28-Sep-2020"
"TPHQ","Teamo Productions HQ Limited","EQ"," Annual General Meeting","1","18-Sep-2020","-","22-Sep-2020","28-Sep-2020"
"SWANCORP","SWAN CORP LIMITED","EQ"," Annual General Meeting/Dividend - Rs 0.10 Per Share","1","18-Sep-2020","-","22-Sep-2020","28-Sep-2020"
"ARVINDFASN","Arvind Fashions Limited","EQ"," Annual General Meeting","4","18-Sep-2020","-","22-Sep-2020","28-Sep-2020"
"SPTL","Sintex Plastics Technology Limited","EQ"," Annual General Meeting","1","18-Sep-2020","-","22-Sep-2020","28-Sep-2020"
"KAMDHENU","Kamdhenu Limited","EQ"," Annual General Meeting/Dividend - Rs 0.50 Per Share","1","18-Sep-2020","-","22-Sep-2020","28-Sep-2020"
"HSCL","Himadri Speciality Chemical Limited","EQ"," Annual General Meeting/Dividend - Rs 0.15 Per Sharee","1","18-Sep-2020","-","22-Sep-2020","28-Sep-2020"
"SKIPPER","Skipper Limited","EQ"," Annual General Meeting/Dividend - Rs  0.10 Per Share","1","18-Sep-2020","-","22-Sep-2020","28-Sep-2020"
"ERIS","Eris Lifesciences Limited","EQ"," Annual General Meeting","1","18-Sep-2020","-","22-Sep-2020","22-Sep-2020"
"GEEKAYWIRE","Geekay Wires Limited","EQ"," Annual General Meeting","1","18-Sep-2020","-","22-Sep-2020","28-Sep-2020"
"DELPHIFX","DELPHI WORLD MONEY LIMITED","EQ"," Annual General Meeting","2","18-Sep-2020","-","22-Sep-2020","28-Sep-2020"
"OMINFRAL","OM INFRA LIMITED","EQ"," Annual General Meeting/Dividend - Rs 0.20 Per Share","1","18-Sep-2020","-","22-Sep-2020","29-Sep-2020"
"BDL","Bharat Dynamics Limited","EQ"," Annual General Meeting/Dividend - Rs 2.55 Per Share","5","18-Sep-2020","-","22-Sep-2020","28-Sep-2020"
"PKTEA","The Peria Karamalai Tea & Produce Company Limited","EQ"," Dividend - Rs 0.50 Per Share","10","18-Sep-2020","-","22-Sep-2020","28-Sep-2020"
"JMA","Jullundur Motor Agency (Delhi) Limited","EQ"," Annual General Meeting/Dividend - Re 1 Per Share","2","18-Sep-2020","-","22-Sep-2020","28-Sep-2020"
"WIPL","The Western India Plywoods Limited","EQ"," Annual General Meeting","10","18-Sep-2020","-","22-Sep-2020","29-Sep-2020"
"SOUTHWEST","South West Pinnacle Exploration Limited","EQ"," Annual General Meeting/Dividend - Rs 0.50 Per Share","10","18-Sep-2020","-","22-Sep-2020","28-Sep-2020"
"DBL","Dilip Buildcon Limited","EQ"," Annual General Meeting/Dividend - Re 1 Per Share","10","18-Sep-2020","-","22-Sep-2020","28-Sep-2020"
"IZMO","IZMO Limited","EQ"," Annual General Meeting","10","18-Sep-2020","-","22-Sep-2020","28-Sep-2020"
"SABEVENTS","Sab Events & Governance Now Media Limited","EQ"," Annual General Meeting","10","18-Sep-2020","-","22-Sep-2020","28-Sep-2020"
"BHANDARI","Bhandari Hosiery Exports Limited","EQ"," Annual General Meeting/Dividend - Rs 0.01 Per Share","1","18-Sep-2020","-","22-Sep-2020","28-Sep-2020"
"NAVKARCORP","Navkar Corporation Limited","EQ"," Annual General Meeting","10","18-Sep-2020","-","22-Sep-2020","28-Sep-2020"
"ASTRON","Astron Paper & Board Mill Limited","EQ"," Annual General Meeting","10","18-Sep-2020","-","22-Sep-2020","28-Sep-2020"
"SPAL","S. P. Apparels Limited","EQ"," Annual General Meeting","10","18-Sep-2020","-","22-Sep-2020","28-Sep-2020"
"ORBTEXP","Orbit Exports Limited","EQ"," Annual General Meeting","10","18-Sep-2020","-","22-Sep-2020","28-Sep-2020"
"LAMBODHARA","Lambodhara Textiles Limited","EQ"," Annual General Meeting/Dividend - Rs 0.50 Per Share","5","18-Sep-2020","-","22-Sep-2020","28-Sep-2020"
"RTNPOWER","RattanIndia Power Limited","EQ"," Annual General Meeting","10","18-Sep-2020","-","22-Sep-2020","30-Sep-2020"
"MONTECARLO","Monte Carlo Fashions Limited","EQ"," Annual General Meeting/Dividend - Rs 5 Per Share","10","18-Sep-2020","-","22-Sep-2020","28-Sep-2020"
"TVVISION","TV Vision Limited","EQ"," Annual General Meeting","10","18-Sep-2020","-","22-Sep-2020","28-Sep-2020"
"SANGINITA","Sanginita Chemicals Limited","EQ"," Annual General Meeting","10","18-Sep-2020","-","22-Sep-2020","29-Sep-2020"
"V2RETAIL","V2 Retail Limited","EQ"," Annual General Meeting","1","18-Sep-2020","-","22-Sep-2020","28-Sep-2020"
"EASTSILK","Eastern Silk Industries Limited","EQ"," Annual General Meeting","2","18-Sep-2020","-","22-Sep-2020","28-Sep-2020"
"AHLEAST","Asian Hotels (East) Limited","EQ"," Annual General Meeting","10","18-Sep-2020","-","22-Sep-2020","28-Sep-2020"
"ANSALAPI","Ansal Properties & Infrastructure Limited","EQ"," Annual General Meeting","5","18-Sep-2020","-","22-Sep-2020","28-Sep-2020"
"MOTOGENFIN","The Motor & General Finance Limited","EQ"," Annual General Meeting","5","18-Sep-2020","-","22-Sep-2020","28-Sep-2020"
"BHEL","Bharat Heavy Electricals Limited","EQ"," Annual General Meeting","2","18-Sep-2020","21-Sep-2020","-","-"
"SEAMECLTD","Seamec Limited","EQ"," Dividend - Re 1 Per Share","10","18-Sep-2020","21-Sep-2020","-","-"
"KAUSHALYA","Kaushalya Infrastructure Development Corporation Limited","EQ"," Annual General Meeting","1000","18-Sep-2020","-","22-Sep-2020","28-Sep-2020"
"HINDMOTORS","Hindustan Motors Limited","EQ"," Annual General Meeting","5","18-Sep-2020","-","22-Sep-2020","29-Sep-2020"
"GLOBOFFS","Global Offshore Services Limited","EQ"," Annual General Meeting","10","18-Sep-2020","-","22-Sep-2020","25-Sep-2020"
"HFCL","HFCL Limited","EQ"," Annual General Meeting","1","18-Sep-2020","-","22-Sep-2020","28-Sep-2020"
"GAYAPROJ","Gayatri Projects Limited","EQ"," Annual General Meeting","2","18-Sep-2020","-","22-Sep-2020","29-Sep-2020"
"BROOKS","Brooks Laboratories Limited","EQ"," Annual General Meeting","10","18-Sep-2020","-","22-Sep-2020","28-Sep-2020"
"ANSALHSG","Ansal Housing Limited","EQ"," Annual General Meeting","10","18-Sep-2020","-","22-Sep-2020","28-Sep-2020"
"BPCL","Bharat Petroleum Corporation Limited","EQ"," Annual General Meeting","10","18-Sep-2020","-","22-Sep-2020","28-Sep-2020"
"ALPA","Alpa Laboratories Limited","EQ"," Annual General Meeting","10","18-Sep-2020","-","22-Sep-2020","29-Sep-2020"
"GANGOTRI","Gangotri Textiles Limited","EQ"," Annual General Meeting","5","18-Sep-2020","-","22-Sep-2020","28-Sep-2020"
"GENESYS","Genesys International Corporation Limited","EQ"," Annual General Meeting","5","18-Sep-2020","-","22-Sep-2020","28-Sep-2020"
"OSWALAGRO","Oswal Agro Mills Limited","EQ"," Annual General Meeting","10","18-Sep-2020","-","22-Sep-2020","28-Sep-2020"
"KAMATHOTEL","Kamat Hotels (I) Limited","EQ"," Annual General Meeting","10","18-Sep-2020","-","22-Sep-2020","29-Sep-2020"
"STEL","Stel Holdings Limited","EQ"," Annual General Meeting","10","18-Sep-2020","-","22-Sep-2020","28-Sep-2020"
"KAJARIACER","Kajaria Ceramics Limited","EQ"," Annual General Meeting","1","18-Sep-2020","-","22-Sep-2020","28-Sep-2020"
"SINTEX","Sintex Industries Limited","EQ"," Annual General Meeting","1","18-Sep-2020","-","22-Sep-2020","28-Sep-2020"
"KNRCON","KNR Constructions Limited","EQ"," Annual General Meeting","2","18-Sep-2020","-","22-Sep-2020","28-Sep-2020"
"NIPPOBATRY","Indo-National Limited","EQ"," Annual General Meeting/Dividend - Rs 5 Per Share","5","18-Sep-2020","-","22-Sep-2020","28-Sep-2020"
"XPROINDIA","Xpro India Limited","EQ"," Annual General Meeting","10","18-Sep-2020","-","22-Sep-2020","29-Sep-2020"
"WANBURY","Wanbury Limited","EQ"," Annual General Meeting","10","18-Sep-2020","-","22-Sep-2020","28-Sep-2020"
"ARSSINFRA","ARSS Infrastructure Projects Limited","EQ"," Annual General Meeting","10","18-Sep-2020","-","22-Sep-2020","29-Sep-2020"
"HIMATSEIDE","Himatsingka Seide Limited","EQ"," Annual General Meeting/Dividend - Rs 0.50 Per Share","5","18-Sep-2020","-","22-Sep-2020","29-Sep-2020"
"EVEREADY","Eveready Industries India Limited","EQ"," Annual General Meeting","5","21-Sep-2020","-","23-Sep-2020","29-Sep-2020"
"DHAMPURSUG","Dhampur Sugar Mills Limited","EQ"," Annual General Meeting","10","21-Sep-2020","-","23-Sep-2020","29-Sep-2020"
"PGEL","PG Electroplast Limited","EQ"," Annual General Meeting","1","21-Sep-2020","-","23-Sep-2020","29-Sep-2020"
"SJVN","SJVN Limited","EQ"," Annual General Meeting/Dividend - Rs 0.50 Per Share","10","21-Sep-2020","-","23-Sep-2020","29-Sep-2020"
"SHYAMTEL","Shyam Telecom Limited","EQ"," Annual General Meeting","10","21-Sep-2020","-","23-Sep-2020","29-Sep-2020"
"EKC","Everest Kanto Cylinder Limited","EQ"," Annual General Meeting","2","21-Sep-2020","-","23-Sep-2020","29-Sep-2020"
"CYBERTECH","Cybertech Systems And Software Limited","EQ"," Annual General Meeting/Dividend - Re 1 Per Share","10","21-Sep-2020","-","23-Sep-2020","29-Sep-2020"
"HINDCOPPER","Hindustan Copper Limited","EQ"," Annual General Meeting","5","21-Sep-2020","-","23-Sep-2020","29-Sep-2020"
"BAJAJHIND","Bajaj Hindusthan Sugar Limited","EQ"," Annual General Meeting","1","21-Sep-2020","-","23-Sep-2020","29-Sep-2020"
"TCIFINANCE","TCI Finance Limited","EQ"," Annual General Meeting","10","21-Sep-2020","-","23-Sep-2020","29-Sep-2020"
"SADBHAV","Sadbhav Engineering Limited","EQ"," Annual General Meeting","1","21-Sep-2020","-","23-Sep-2020","29-Sep-2020"
"IDEA","Vodafone Idea Limited","EQ"," Annual General Meeting","10","21-Sep-2020","-","23-Sep-2020","30-Sep-2020"
"LPDC","Landmark Property Development Company Limited","EQ"," Annual General Meeting","1","21-Sep-2020","-","23-Sep-2020","29-Sep-2020"
"PANACEABIO","Panacea Biotec Limited","EQ"," Demerger","1","21-Sep-2020","22-Sep-2020","-","-"
"INDOWIND","Indowind Energy Limited","EQ"," Annual General Meeting","10","21-Sep-2020","-","23-Sep-2020","29-Sep-2020"
"MARALOVER","Maral Overseas Limited","EQ"," Annual General Meeting","10","21-Sep-2020","-","23-Sep-2020","29-Sep-2020"
"JAMNAAUTO","Jamna Auto Industries Limited","EQ"," Annual General Meeting","1","21-Sep-2020","-","23-Sep-2020","29-Sep-2020"
"APLAPOLLO","APL Apollo Tubes Limited","EQ"," Annual General Meeting","2","21-Sep-2020","-","23-Sep-2020","29-Sep-2020"
"IL&FSENGG","IL&FS Engineering and Construction Company Limited","EQ"," Annual General Meeting","10","21-Sep-2020","-","23-Sep-2020","29-Sep-2020"
"MAANALU","Maan Aluminium Limited","EQ"," Annual General Meeting","5","21-Sep-2020","-","23-Sep-2020","29-Sep-2020"
"POLYMED","Poly Medicure Limited","EQ"," Annual General Meeting","5","21-Sep-2020","-","23-Sep-2020","29-Sep-2020"
"SHAKTIPUMP","Shakti Pumps (India) Limited","EQ"," Annual General Meeting","10","21-Sep-2020","-","23-Sep-2020","29-Sep-2020"
"21STCENMGM","21st Century Management Services Limited","EQ"," Annual General Meeting","10","21-Sep-2020","-","23-Sep-2020","29-Sep-2020"
"BIOFILCHEM","Biofil Chemicals & Pharmaceuticals Limited","EQ"," Annual General Meeting","10","21-Sep-2020","-","23-Sep-2020","29-Sep-2020"
"FCSSOFT","FCS Software Solutions Limited","EQ"," Annual General Meeting","1","21-Sep-2020","-","23-Sep-2020","24-Sep-2020"
"ARCHIDPLY","Archidply Industries Limited","EQ"," Annual General Meeting","10","21-Sep-2020","-","23-Sep-2020","29-Sep-2020"
"CONCOR","Container Corporation of India Limited","EQ"," Dividend - Rs 2.85 Per Sh","5","21-Sep-2020","-","23-Sep-2020","29-Sep-2020"
"CORDSCABLE","Cords Cable Industries Limited","EQ"," Annual General Meeting","10","21-Sep-2020","-","23-Sep-2020","29-Sep-2020"
"BALAJITELE","Balaji Telefilms Limited","EQ"," Annual General Meeting","2","21-Sep-2020","-","23-Sep-2020","30-Sep-2020"
"GINNIFILA","Ginni Filaments Limited","EQ"," Annual General Meeting","10","21-Sep-2020","-","23-Sep-2020","29-Sep-2020"
"JKIL","J.Kumar Infraprojects Limited","EQ"," Dividend - Rs 1.25 Per Share","5","21-Sep-2020","-","23-Sep-2020","29-Sep-2020"
"MCDHOLDING","McDowell Holdings Limited","EQ"," Annual General Meeting","10","21-Sep-2020","-","23-Sep-2020","29-Sep-2020"
"REMSONSIND","Remsons Industries Limited","EQ"," Annual General Meeting","2","21-Sep-2020","-","23-Sep-2020","30-Sep-2020"
"SARLAPOLY","Sarla Performance Fibers Limited","EQ"," Annual General Meeting","1","21-Sep-2020","-","23-Sep-2020","30-Sep-2020"
"CONSOFINVT","Consolidated Finvest & Holdings Limited","EQ"," Annual General Meeting","10","21-Sep-2020","-","23-Sep-2020","29-Sep-2020"
"BAGFILMS","B.A.G Films and Media Limited","EQ"," Annual General Meeting","2","21-Sep-2020","-","23-Sep-2020","29-Sep-2020"
"DHARSUGAR","Dharani Sugars & Chemicals Limited","EQ"," Annual General Meeting","10","21-Sep-2020","-","23-Sep-2020","29-Sep-2020"
"JMTAUTOLTD","JMT Auto Limited","EQ"," Annual General Meeting","1","21-Sep-2020","-","23-Sep-2020","29-Sep-2020"
"NORBTEAEXP","Norben Tea & Exports Limited","EQ"," Annual General Meeting","10","21-Sep-2020","-","23-Sep-2020","29-Sep-2020"
"BSL","BSL Limited","EQ"," Annual General Meeting","10","21-Sep-2020","-","23-Sep-2020","29-Sep-2020"
"PRAKASH","Prakash Industries Limited","EQ"," Annual General Meeting","10","21-Sep-2020","-","23-Sep-2020","25-Sep-2020"
"RAJTV","Raj Television Network Limited","EQ"," Annual General Meeting","5","21-Sep-2020","-","23-Sep-2020","30-Sep-2020"
"INDBANK","Indbank Merchant Banking Services Limited","EQ"," Annual General Meeting","10","21-Sep-2020","-","23-Sep-2020","29-Sep-2020"
"KRBL","KRBL Limited","EQ"," Annual General Meeting","1","21-Sep-2020","-","23-Sep-2020","30-Sep-2020"
"ORIENTLTD","Orient Press Limited","EQ"," Annual General Meeting","10","21-Sep-2020","-","23-Sep-2020","29-Sep-2020"
"MANAKSIA","Manaksia Limited","EQ"," Annual General Meeting","2","21-Sep-2020","-","23-Sep-2020","29-Sep-2020"
"SOUTHBANK","The South Indian Bank Limited","EQ"," Annual General Meeting","1","21-Sep-2020","-","23-Sep-2020","29-Sep-2020"
"BIL","Bhartiya International Limited","EQ"," Annual General Meeting","10","21-Sep-2020","-","23-Sep-2020","29-Sep-2020"
"SHALPAINTS","Shalimar Paints Limited","EQ"," Annual General Meeting","2","21-Sep-2020","-","23-Sep-2020","29-Sep-2020"
"MODIRUBBER","Modi Rubber Limited","EQ"," Annual General Meeting","10","21-Sep-2020","-","23-Sep-2020","29-Sep-2020"
"KOTHARIPRO","Kothari Products Limited","EQ"," Annual General Meeting","10","21-Sep-2020","-","23-Sep-2020","30-Sep-2020"
"SAMBHAAV","Sambhaav Media Limited","EQ"," Annual General Meeting","1","21-Sep-2020","-","23-Sep-2020","29-Sep-2020"
"DHFL","Dewan Housing Finance Corporation Limited","EQ"," Annual General Meeting","10","21-Sep-2020","-","23-Sep-2020","30-Sep-2020"
"FMNL","Future Market Networks Limited","EQ"," Annual General Meeting","10","21-Sep-2020","-","23-Sep-2020","29-Sep-2020"
"JINDALPHOT","Jindal Photo Limited","EQ"," Annual General Meeting","10","21-Sep-2020","-","23-Sep-2020","29-Sep-2020"
"ZENITHEXPO","Zenith Exports Limited","EQ"," Annual General Meeting","10","21-Sep-2020","-","23-Sep-2020","29-Sep-2020"
"HINDCOMPOS","Hindustan Composites Limited","EQ"," Annual General Meeting/Dividend - Rs 2 Per Share","5","21-Sep-2020","-","23-Sep-2020","29-Sep-2020"
"OILCOUNTUB","Oil Country Tubular Limited","EQ"," Annual General Meeting","10","21-Sep-2020","-","23-Sep-2020","29-Sep-2020"
"VALECHAENG","Valecha Engineering Limited","EQ"," Annual General Meeting","10","21-Sep-2020","-","23-Sep-2020","30-Sep-2020"
"SGL","STL Global Limited","EQ"," Annual General Meeting","10","21-Sep-2020","-","23-Sep-2020","29-Sep-2020"
"CTE","Cambridge Technology Enterprises Limited","EQ"," Annual General Meeting","10","21-Sep-2020","-","23-Sep-2020","29-Sep-2020"
"ABHISHEK","Abhishek Corporation Limited","EQ"," Annual General Meeting","10","21-Sep-2020","-","23-Sep-2020","29-Sep-2020"
"AMBIKCO","Ambika Cotton Mills Limited","EQ"," Annual General Meeting/Dividend - Rs 15 Per Share","10","21-Sep-2020","-","23-Sep-2020","29-Sep-2020"
"ANIKINDS","Anik Industries Limited","EQ"," Annual General Meeting","10","21-Sep-2020","-","23-Sep-2020","30-Sep-2020"
"MMFL","MM Forgings Limited","EQ"," Annual General Meeting","10","21-Sep-2020","-","23-Sep-2020","29-Sep-2020"
"OIL","Oil India Limited","EQ"," Annual General Meeting/Dividend - Rs 1.60 Per Share","10","21-Sep-2020","-","23-Sep-2020","29-Sep-2020"
"SUNTECK","Sunteck Realty Limited","EQ"," Annual General Meeting/Dividend - Rs 1.50 Per Share","1","21-Sep-2020","-","23-Sep-2020","29-Sep-2020"
"KUNDANMM","Kundan Minerals and Metals Limited","EQ"," Annual General Meeting","10","21-Sep-2020","-","23-Sep-2020","29-Sep-2020"
"CONFIPET","Confidence Petroleum India Limited","EQ"," Annual General Meeting","1","21-Sep-2020","-","23-Sep-2020","29-Sep-2020"
"DHANI","Dhani Services Limited","EQ"," Annual General Meeting","2","21-Sep-2020","-","23-Sep-2020","25-Sep-2020"
"APOLLOPIPE","Apollo Pipes Limited","EQ"," Annual General Meeting","10","21-Sep-2020","-","23-Sep-2020","29-Sep-2020"
"ZENITHSTL","Zenith Steel Pipes & Industries Limited","EQ"," Annual General Meeting","10","21-Sep-2020","-","23-Sep-2020","29-Sep-2020"
"FORCEMOT","FORCE MOTORS LTD","EQ"," Annual General Meeting/Dividend - Rs  10 Per Sh","10","21-Sep-2020","-","23-Sep-2020","29-Sep-2020"
"VIKASPROP","Vikas Proppant & Granite Limited","EQ"," Annual General Meeting","1","21-Sep-2020","-","23-Sep-2020","29-Sep-2020"
"BOROLTD","Borosil Limited","EQ"," Annual General Meeting","1","21-Sep-2020","-","23-Sep-2020","29-Sep-2020"
"INCREDIBLE","INCREDIBLE INDUSTRIES LIMITED","EQ"," Annual General Meeting","10","21-Sep-2020","-","23-Sep-2020","29-Sep-2020"
"UNIVAFOODS","Univa Foods Limited","EQ"," Annual General Meeting","10","21-Sep-2020","-","23-Sep-2020","29-Sep-2020"
"CCAVENUE","AvenuesAI Limited","EQ"," Annual General Meeting","1","21-Sep-2020","-","23-Sep-2020","30-Sep-2020"
"SAMPANN","Sampann Utpadan India Limited","EQ"," Annual General Meeting","10","21-Sep-2020","-","23-Sep-2020","29-Sep-2020"
"GANESHHOU","GANESH HOUSING LIMITED","EQ"," Annual General Meeting","10","21-Sep-2020","-","23-Sep-2020","29-Sep-2020"
"STARCEMENT","Star Cement Limited","EQ"," Annual General Meeting","1","21-Sep-2020","-","23-Sep-2020","29-Sep-2020"
"ORTEL","Ortel Communications Limited","EQ"," Annual General Meeting","10","21-Sep-2020","-","23-Sep-2020","30-Sep-2020"
"QUESS","Quess Corp Limited","EQ"," Annual General Meeting","10","21-Sep-2020","-","23-Sep-2020","29-Sep-2020"
"NLCINDIA","NLC India Limited","EQ"," Annual General Meeting","10","21-Sep-2020","-","23-Sep-2020","29-Sep-2020"
"SHARDAMOTR","Sharda Motor Industries Limited","EQ"," Annual General Meeting","2","21-Sep-2020","-","23-Sep-2020","29-Sep-2020"
"VIKASECO","Vikas EcoTech Limited","EQ"," Annual General Meeting","1","21-Sep-2020","-","23-Sep-2020","29-Sep-2020"
"MIDHANI","Mishra Dhatu Nigam Limited","EQ"," Annual General Meeting/Dividend - Rs 1.56 Per Share","10","21-Sep-2020","22-Sep-2020","-","-"
"UNIVASTU","Univastu India Limited","EQ"," Annual General Meeting","10","21-Sep-2020","-","23-Sep-2020","29-Sep-2020"
"NECCLTD","North Eastern Carrying Corporation Limited","EQ"," Annual General Meeting","10","21-Sep-2020","-","23-Sep-2020","29-Sep-2020"
"HBSL","HB Stockholdings Limited","EQ"," Annual General Meeting","10","21-Sep-2020","-","23-Sep-2020","29-Sep-2020"
"TPLPLASTEH","TPL Plastech Limited","EQ"," Annual General Meeting/Dividend - Rs 3.50 Per Share","2","21-Sep-2020","-","23-Sep-2020","29-Sep-2020"
"PODDARMENT","Poddar Pigments Limited","EQ"," Annual General Meeting","10","21-Sep-2020","-","23-Sep-2020","30-Sep-2020"
"KIOCL","KIOCL Limited","EQ"," Annual General Meeting/Dividend - Rs 0.70 Per Share","10","21-Sep-2020","-","23-Sep-2020","29-Sep-2020"
"SADBHIN","Sadbhav Infrastructure Project Limited","EQ"," Annual General Meeting","10","21-Sep-2020","-","23-Sep-2020","29-Sep-2020"
"ARVSMART","Arvind SmartSpaces Limited","EQ"," Annual General Meeting","10","21-Sep-2020","-","23-Sep-2020","29-Sep-2020"
"SUMIT","Sumit Woods Limited","EQ"," Annual General Meeting","10","21-Sep-2020","-","23-Sep-2020","29-Sep-2020"
"GULFPETRO","GP Petroleums Limited","EQ"," Annual General Meeting/Dividend - Rs 0.75 Per Share","5","21-Sep-2020","-","23-Sep-2020","29-Sep-2020"
"MANAKSTEEL","Manaksia Steels Limited","EQ"," Annual General Meeting","1","21-Sep-2020","-","23-Sep-2020","29-Sep-2020"
"IRCON","Ircon International Limited","EQ"," Annual General Meeting/Dividend - Rs  2.06 Per Share","2","21-Sep-2020","-","23-Sep-2020","29-Sep-2020"
"SHYAMCENT","Shyam Century Ferrous Limited","EQ"," Annual General Meeting","1","21-Sep-2020","-","23-Sep-2020","29-Sep-2020"
"ABMINTLTD","ABM International Limited","EQ"," Annual General Meeting","10","21-Sep-2020","-","23-Sep-2020","29-Sep-2020"
"RGL","Renaissance Global Limited","EQ"," Annual General Meeting","2","21-Sep-2020","-","23-Sep-2020","30-Sep-2020"
"KINGFA","Kingfa Science & Technology (India) Limited","EQ"," Annual General Meeting","10","21-Sep-2020","-","23-Sep-2020","29-Sep-2020"
"STEELXIND","STEEL EXCHANGE INDIA LIMITED","EQ"," Annual General Meeting","1","21-Sep-2020","-","23-Sep-2020","30-Sep-2020"
"MACPOWER","Macpower CNC Machines Limited","EQ"," Annual General Meeting","10","21-Sep-2020","-","23-Sep-2020","29-Sep-2020"
"COCHINSHIP","Cochin Shipyard Limited","EQ"," Annual General Meeting/Dividend - Rs 15 Per Share","5","21-Sep-2020","-","23-Sep-2020","29-Sep-2020"
"PANACHE","Panache Digilife Limited","EQ"," Annual General Meeting/Dividend - Rs 0.25 Per Share","10","21-Sep-2020","-","23-Sep-2020","29-Sep-2020"
"GAYAHWS","Gayatri Highways Limited","EQ"," Annual General Meeting","2","21-Sep-2020","-","23-Sep-2020","29-Sep-2020"
"ARMANFIN","Arman Financial Services Limited","EQ"," Annual General Meeting","10","21-Sep-2020","-","23-Sep-2020","29-Sep-2020"
"VIDHIING","Vidhi Specialty Food Ingredients Limited","EQ"," Annual General Meeting/Dividend - Rs 0.20 Per Share","1","21-Sep-2020","-","23-Sep-2020","29-Sep-2020"
"DIXON","Dixon Technologies (India) Limited","EQ"," Annual General Meeting","2","21-Sep-2020","-","23-Sep-2020","29-Sep-2020"
"VETO","Veto Switchgears And Cables Limited","EQ"," Annual General Meeting","10","21-Sep-2020","-","23-Sep-2020","29-Sep-2020"
"NRAIL","N R Agarwal Industries Limited","EQ"," Annual General Meeting","10","21-Sep-2020","-","23-Sep-2020","29-Sep-2020"
"NDGL","Naga Dhunseri Group Limited","EQ"," Annual General Meeting/Dividend - Rs 1.25 Per Share","10","21-Sep-2020","-","23-Sep-2020","29-Sep-2020"
"PARAGMILK","Parag Milk Foods Limited","EQ"," Annual General Meeting/Dividend - Rs 0.50 Per Share","10","21-Sep-2020","-","23-Sep-2020","29-Sep-2020"
"GROBTEA","The Grob Tea Company Limited","EQ"," Annual General Meeting/Dividend - Rs 2 Per Share","10","21-Sep-2020","-","23-Sep-2020","29-Sep-2020"
"JASH","Jash Engineering Limited","EQ"," Annual General Meeting/Dividend - Rs 0.90 Per Share","2","21-Sep-2020","-","23-Sep-2020","29-Sep-2020"
"PATINTLOG","Patel Integrated Logistics Limited","EQ"," Annual General Meeting/Dividend - Rs 0.10 Per Share","10","21-Sep-2020","-","23-Sep-2020","29-Sep-2020"
"TIMETECHNO","Time Technoplast Limited","EQ"," Annual General Meeting/Dividend - Rs 0.95 Per Share","1","21-Sep-2020","-","23-Sep-2020","29-Sep-2020"
"GTNIND","GTN Industries Limited","EQ"," Annual General Meeting","10","21-Sep-2020","-","23-Sep-2020","26-Sep-2020"
"ATULAUTO","Atul Auto Limited","EQ"," Annual General Meeting","5","21-Sep-2020","-","23-Sep-2020","29-Sep-2020"
"NAVNETEDUL","Navneet Education Limited","EQ"," Annual General Meeting","2","21-Sep-2020","-","23-Sep-2020","28-Sep-2020"
"SREEL","Sreeleathers Limited","EQ"," Annual General Meeting","10","21-Sep-2020","-","23-Sep-2020","29-Sep-2020"
"CAPLIPOINT","Caplin Point Laboratories Limited","EQ"," Annual General Meeting/Dividend - Rs 0.40 Per Share","2","21-Sep-2020","-","23-Sep-2020","28-Sep-2020"
"SHARDACROP","Sharda Cropchem Limited","EQ"," Annual General Meeting","10","21-Sep-2020","-","23-Sep-2020","23-Sep-2020"
"SHEMAROO","Shemaroo Entertainment Limited","EQ"," Annual General Meeting","10","21-Sep-2020","-","23-Sep-2020","29-Sep-2020"
"HATSUN","Hatsun Agro Product Limited","EQ"," Annual General Meeting","1","21-Sep-2020","-","23-Sep-2020","24-Sep-2020"
"FCL","Fineotex Chemical Limited","EQ"," Annual General Meeting","1","21-Sep-2020","-","23-Sep-2020","29-Sep-2020"
"POKARNA","Pokarna Limited","EQ"," Dividend - Rs 0.60 Per Share","2","21-Sep-2020","22-Sep-2020","-","-"
"CMICABLES","CMI Limited","EQ"," Annual General Meeting/Dividend - Rs 0.50 Per Share","10","21-Sep-2020","-","23-Sep-2020","29-Sep-2020"
"PODDARHOUS","Poddar Housing and Development Limited","EQ"," Annual General Meeting","10","21-Sep-2020","-","23-Sep-2020","30-Sep-2020"
"WINDMACHIN","Windsor Machines Limited","EQ"," Annual General Meeting","2","22-Sep-2020","-","24-Sep-2020","30-Sep-2020"
"SUNDARAM","Sundaram Multi Pap Limited","EQ"," Annual General Meeting","1","22-Sep-2020","-","24-Sep-2020","30-Sep-2020"
"ASAHISONG","Asahi Songwon Colors Limited","EQ"," Annual General Meeting","10","22-Sep-2020","-","24-Sep-2020","30-Sep-2020"
"HILTON","Hilton Metal Forging Limited","EQ"," Annual General Meeting","10","22-Sep-2020","-","24-Sep-2020","30-Sep-2020"
"DPSCLTD","DPSC Limited","EQ"," Annual General Meeting/Dividend - Rs 0.05 Per Share","1","22-Sep-2020","-","24-Sep-2020","30-Sep-2020"
"JAGSNPHARM","Jagsonpal Pharmaceuticals Limited","EQ"," Annual General Meeting/Dividend - Rs 0.50 Per Share","2","22-Sep-2020","-","24-Sep-2020","30-Sep-2020"
"PARSVNATH","Parsvnath Developers Limited","EQ"," Annual General Meeting","5","22-Sep-2020","-","24-Sep-2020","30-Sep-2020"
"TFL","Transwarranty Finance Limited","EQ"," Annual General Meeting","10","22-Sep-2020","-","24-Sep-2020","30-Sep-2020"
"BEARDSELL","Beardsell Limited","EQ"," Annual General Meeting/Dividend - Rs 0.10 Per Share","2","22-Sep-2020","-","24-Sep-2020","30-Sep-2020"
"MOREPENLAB","Morepen Laboratories Limited","EQ"," Annual General Meeting","2","22-Sep-2020","-","24-Sep-2020","30-Sep-2020"
"NAHARINDUS","Nahar Industrial Enterprises Limited","EQ"," Annual General Meeting","10","22-Sep-2020","-","24-Sep-2020","30-Sep-2020"
"RAJVIR","Rajvir Industries Limited","EQ"," Annual General Meeting","10","22-Sep-2020","-","24-Sep-2020","30-Sep-2020"
"JBCHEPHARM","JB Chemicals & Pharmaceuticals Limited","EQ"," Annual General Meeting/Dividend -  Re 1 Per Share","1","22-Sep-2020","23-Sep-2020","-","-"
"ESSARSHPNG","Essar Shipping Limited","EQ"," Annual General Meeting","10","22-Sep-2020","-","24-Sep-2020","30-Sep-2020"
"GUJAPOLLO","Gujarat Apollo Industries Limited","EQ"," Annual General Meeting/Dividend - Rs 3 Per Share","10","22-Sep-2020","-","24-Sep-2020","30-Sep-2020"
"JPASSOCIAT","Jaiprakash Associates Limited","EQ"," Annual General Meeting","2","22-Sep-2020","-","24-Sep-2020","30-Sep-2020"
"QUINTEGRA","Quintegra Solutions Limited","EQ"," Annual General Meeting","10","22-Sep-2020","-","24-Sep-2020","30-Sep-2020"
"NMDC","NMDC Limited","EQ"," Annual General Meeting","1","22-Sep-2020","-","24-Sep-2020","29-Sep-2020"
"SPARC","Sun Pharma Advanced Research Company Limited","EQ"," Annual General Meeting","1","22-Sep-2020","-","24-Sep-2020","30-Sep-2020"
"GUJRAFFIA","Gujarat Raffia Industries Limited","EQ"," Annual General Meeting","10","22-Sep-2020","-","24-Sep-2020","30-Sep-2020"
"BURNPUR","Burnpur Cement Limited","EQ"," Annual General Meeting","10","22-Sep-2020","-","24-Sep-2020","30-Sep-2020"
"KERNEX","Kernex Microsystems (India) Limited","EQ"," Annual General Meeting","10","22-Sep-2020","-","24-Sep-2020","30-Sep-2020"
"KHAITANLTD","Khaitan (India) Limited","EQ"," Annual General Meeting","10","22-Sep-2020","-","24-Sep-2020","30-Sep-2020"
"RAJOIL","Raj Oil Mills Limited","EQ"," Annual General Meeting","10","22-Sep-2020","-","24-Sep-2020","30-Sep-2020"
"NKIND","NK Industries Limited","EQ"," Annual General Meeting","10","22-Sep-2020","-","24-Sep-2020","30-Sep-2020"
"JINDALPOLY","Jindal Poly Films Limited","EQ"," Annual General Meeting/Dividend - Re 1 Per Share","10","22-Sep-2020","-","24-Sep-2020","30-Sep-2020"
"FDC","FDC Limited","EQ"," Annual General Meeting","1","22-Sep-2020","-","24-Sep-2020","30-Sep-2020"
"PARACABLES","Paramount Communications Limited","EQ"," Annual General Meeting","2","22-Sep-2020","-","24-Sep-2020","30-Sep-2020"
"WSI","W S Industries (I) Limited","EQ"," Annual General Meeting","10","22-Sep-2020","-","24-Sep-2020","30-Sep-2020"
"ASIL","Amit Spinning Industries Limited","EQ"," Annual General Meeting","5","22-Sep-2020","-","24-Sep-2020","30-Sep-2020"
"PFC","Power Finance Corporation Limited","EQ"," Annual General Meeting","10","22-Sep-2020","-","24-Sep-2020","29-Sep-2020"
"PLASTIBLEN","Plastiblends India Limited","EQ"," Annual General Meeting","5","22-Sep-2020","-","24-Sep-2020","30-Sep-2020"
"KECL","Kirloskar Electric Company Limited","EQ"," Annual General Meeting","10","22-Sep-2020","-","24-Sep-2020","30-Sep-2020"
"NATNLSTEEL","National Steel And Agro Industries Limited","EQ"," Annual General Meeting","10","22-Sep-2020","-","24-Sep-2020","30-Sep-2020"
"LCCINFOTEC","LCC Infotech Limited","EQ"," Annual General Meeting","2","22-Sep-2020","-","24-Sep-2020","30-Sep-2020"
"MAHAPEXLTD","Maha Rashtra Apex Corporation Limited","EQ"," Annual General Meeting","10","22-Sep-2020","-","24-Sep-2020","30-Sep-2020"
"SUBCAPCITY","International Constructions Limited","EQ"," Annual General Meeting","10","22-Sep-2020","-","24-Sep-2020","30-Sep-2020"
"SHREYANIND","Shreyans Industries Limited","EQ"," Annual General Meeting","10","22-Sep-2020","-","24-Sep-2020","30-Sep-2020"
"GARDENSILK","Garden Silk Mills Limited","EQ"," Annual General Meeting","10","22-Sep-2020","-","24-Sep-2020","29-Sep-2020"
"AMBICAAGAR","Ambica Agarbathies & Aroma industries Limited","EQ"," Annual General Meeting","10","22-Sep-2020","-","24-Sep-2020","30-Sep-2020"
"SSWL","Steel Strips Wheels Limited","EQ"," Annual General Meeting","1","22-Sep-2020","-","24-Sep-2020","30-Sep-2020"
"ORIENTALTL","Oriental Trimex Limited","EQ"," Annual General Meeting","10","22-Sep-2020","-","24-Sep-2020","30-Sep-2020"
"LTFOODS","LT Foods Limited","EQ"," Annual General Meeting","1","22-Sep-2020","-","24-Sep-2020","30-Sep-2020"
"KEEPLEARN","DSJ Keep Learning Limited","EQ"," Annual General Meeting","1","22-Sep-2020","-","24-Sep-2020","30-Sep-2020"
"VIKASLIFE","Vikas Lifecare Limited","EQ"," Annual General Meeting","1","22-Sep-2020","-","24-Sep-2020","30-Sep-2020"
"NDLVENTURE","NDL Ventures Limited","EQ"," Dividend - Rs 5 Per Share","10","22-Sep-2020","23-Sep-2020","-","-"
"NDLVENTURE","NDL Ventures Limited","EQ"," Annual General Meeting","10","22-Sep-2020","-","24-Sep-2020","30-Sep-2020"
"UNIVPHOTO","Universus Photo Imagings Limited","EQ"," Annual General Meeting","10","22-Sep-2020","-","24-Sep-2020","30-Sep-2020"
"WORTHPERI","Worth Peripherals Limited","EQ"," Annual General Meeting/Dividend - Rs 1.25 Per Share","10","22-Sep-2020","-","24-Sep-2020","30-Sep-2020"
"UMIYA-MRO","UMIYA BUILDCON LIMITED","EQ"," Annual General Meeting","5","22-Sep-2020","-","24-Sep-2020","30-Sep-2020"
"KALYANI","Kalyani Commercials Limited","EQ"," Annual General Meeting","10","22-Sep-2020","-","24-Sep-2020","30-Sep-2020"
"AGROPHOS","Agro Phos India Limited","EQ"," Annual General Meeting","10","22-Sep-2020","-","24-Sep-2020","30-Sep-2020"
"MITTAL","Mittal Life Style Limited","EQ"," Annual General Meeting","1","22-Sep-2020","-","24-Sep-2020","30-Sep-2020"
"MOLDTECH","Mold-Tek Technologies Limited","EQ"," Annual General Meeting","2","22-Sep-2020","-","24-Sep-2020","30-Sep-2020"
"VAISHALI","Vaishali Pharma Limited","EQ"," Annual General Meeting","2","22-Sep-2020","-","24-Sep-2020","30-Sep-2020"
"DUCON","Ducon Infratechnologies Limited","EQ"," Annual General Meeting","1","22-Sep-2020","-","24-Sep-2020","30-Sep-2020"
"SPCENET","Spacenet Enterprises India Limited","EQ"," Annual General Meeting","1","22-Sep-2020","-","24-Sep-2020","30-Sep-2020"
"SATIA","Satia Industries Limited","EQ"," Annual General Meeting","1","22-Sep-2020","-","24-Sep-2020","30-Sep-2020"
"EMAMIREAL","Emami Realty Limited","EQ"," Annual General Meeting","2","22-Sep-2020","-","24-Sep-2020","30-Sep-2020"
"PNCINFRA","PNC Infratech Limited","EQ"," Annual General Meeting","2","22-Sep-2020","-","24-Sep-2020","30-Sep-2020"
"DALBHARAT","Dalmia Bharat Limited","EQ"," Annual General Meeting","2","22-Sep-2020","-","24-Sep-2020","30-Sep-2020"
"HPL","HPL Electric & Power Limited","EQ"," Annual General Meeting/Dividend - Rs 0.15 Per Share","10","22-Sep-2020","-","24-Sep-2020","30-Sep-2020"
"AKSHARCHEM","AksharChem India Limited","EQ"," Annual General Meeting","10","22-Sep-2020","-","24-Sep-2020","30-Sep-2020"
"TECHNOE","Techno Electric & Engineering Company Limited","EQ"," Annual General Meeting","2","22-Sep-2020","-","24-Sep-2020","30-Sep-2020"
"CLEDUCATE","CL Educate Limited","EQ"," Annual General Meeting","5","22-Sep-2020","-","24-Sep-2020","30-Sep-2020"
"LIBAS","Libas Consumer Products Limited","EQ"," Annual General Meeting/Dividend - Rs 0.20 Per Share","10","22-Sep-2020","-","24-Sep-2020","30-Sep-2020"
"INTENTECH","Intense Technologies Limited","EQ"," Annual General Meeting/Dividend - Rs 0.20 Per Share","2","22-Sep-2020","-","24-Sep-2020","30-Sep-2020"
"SOMICONVEY","Somi Conveyor Beltings Limited","EQ"," Annual General Meeting","10","22-Sep-2020","-","24-Sep-2020","30-Sep-2020"
"URJA","Urja Global Limited","EQ"," Annual General Meeting","1","22-Sep-2020","-","24-Sep-2020","30-Sep-2020"
"APEX","Apex Frozen Foods Limited","EQ"," Annual General Meeting","10","22-Sep-2020","-","24-Sep-2020","28-Sep-2020"
"HAL","Hindustan Aeronautics Limited","EQ"," Annual General Meeting","5","22-Sep-2020","-","24-Sep-2020","30-Sep-2020"
"82GS2025","GOVERNMENT OF INDIA","GS"," Interest Payment","100","22-Sep-2020","23-Sep-2020","-","-"
"MARATHON","Marathon Nextgen Realty Limited","EQ"," Annual General Meeting","5","22-Sep-2020","-","24-Sep-2020","30-Sep-2020"
"HCL-INSYS","HCL Infosystems Limited","EQ"," Annual General Meeting","2","22-Sep-2020","-","24-Sep-2020","29-Sep-2020"
"TARMAT","Tarmat Limited","EQ"," Annual General Meeting","10","22-Sep-2020","-","24-Sep-2020","30-Sep-2020"
"MOHITIND","Mohit Industries Limited","EQ"," Annual General Meeting","10","22-Sep-2020","-","24-Sep-2020","28-Sep-2020"
"REPCOHOME","Repco Home Finance Limited","EQ"," Annual General Meeting/Dividend - Rs 2.50 Per Share","10","22-Sep-2020","-","24-Sep-2020","30-Sep-2020"
"KITEX","Kitex Garments Limited","EQ"," Annual General Meeting","1","22-Sep-2020","-","24-Sep-2020","30-Sep-2020"
"VMART","V-Mart Retail Limited","EQ"," Annual General Meeting","10","22-Sep-2020","-","24-Sep-2020","30-Sep-2020"
"SDBL","Som Distilleries & Breweries Limited","EQ"," Annual General Meeting","2","22-Sep-2020","-","24-Sep-2020","29-Sep-2020"
"AGARIND","Agarwal Industrial Corporation Limited","EQ"," Annual General Meeting/Dividend - Rs 1.50 Per Share","10","22-Sep-2020","-","24-Sep-2020","30-Sep-2020"
"GENUSPAPER","Genus Paper & Boards Limited","EQ"," Annual General Meeting","1","22-Sep-2020","-","24-Sep-2020","30-Sep-2020"
"A2ZINFRA","A2Z Infra Engineering Limited","EQ"," Annual General Meeting","10","22-Sep-2020","-","24-Sep-2020","30-Sep-2020"
"MOLDTKPAC","Mold-Tek Packaging Limited","EQ"," Annual General Meeting","5","22-Sep-2020","-","24-Sep-2020","30-Sep-2020"
"SURANASOL","Surana Solar Limited","EQ"," Annual General Meeting","5","22-Sep-2020","-","24-Sep-2020","29-Sep-2020"
"GOODLUCK","Goodluck India Limited","EQ"," Annual General Meeting","2","22-Sep-2020","-","24-Sep-2020","30-Sep-2020"
"BHAGYANGR","Bhagyanagar India Limited","EQ"," Annual General Meeting","2","22-Sep-2020","-","24-Sep-2020","29-Sep-2020"
"MASKINVEST","Mask Investments Limited","EQ"," Annual General Meeting","10","22-Sep-2020","-","24-Sep-2020","28-Sep-2020"
"OPTIEMUS","Optiemus Infracom Limited","EQ"," Annual General Meeting","10","22-Sep-2020","-","24-Sep-2020","30-Sep-2020"
"TBZ","Tribhovandas Bhimji Zaveri Limited","EQ"," Annual General Meeting","10","22-Sep-2020","-","24-Sep-2020","30-Sep-2020"
"MUTHOOTFIN","Muthoot Finance Limited","EQ"," Annual General Meeting","10","22-Sep-2020","-","24-Sep-2020","30-Sep-2020"
"HGS","Hinduja Global Solutions Limited","EQ"," Interim Dividend - Rs 6 Per Share","10","22-Sep-2020","23-Sep-2020","-","-"
"MBLINFRA","MBL Infrastructure Limited","EQ"," Annual General Meeting","10","22-Sep-2020","-","24-Sep-2020","30-Sep-2020"
"AHLWEST","Asian Hotels (West) Limited","EQ"," Annual General Meeting","10","22-Sep-2020","-","24-Sep-2020","30-Sep-2020"
"EIHOTEL","EIH Limited","EQ"," Rights 8:85 @ Premium Rs 63/-","2","22-Sep-2020","23-Sep-2020","-","-"
"MANINDS","Man Industries (India) Limited","EQ"," Annual General Meeting","5","22-Sep-2020","-","24-Sep-2020","30-Sep-2020"
"ALCHEM","Alchemist Limited","EQ"," Annual General Meeting","10","22-Sep-2020","-","24-Sep-2020","30-Sep-2020"
"BLKASHYAP","B. L. Kashyap and Sons Limited","EQ"," Annual General Meeting","1","22-Sep-2020","-","24-Sep-2020","30-Sep-2020"
"MARKSANS","Marksans Pharma Limited","EQ"," Annual General Meeting/Dividend - Rs 0.10 Per Share","1","22-Sep-2020","-","24-Sep-2020","29-Sep-2020"
"LIBERTSHOE","Liberty Shoes Limited","EQ"," Annual General Meeting","10","22-Sep-2020","-","24-Sep-2020","30-Sep-2020"
"HINDOILEXP","Hindustan Oil Exploration Company Limited","EQ"," Annual General Meeting","10","22-Sep-2020","-","24-Sep-2020","30-Sep-2020"
"PFOCUS","Prime Focus Limited","EQ"," Annual General Meeting","1","22-Sep-2020","-","24-Sep-2020","30-Sep-2020"
"DSSL","Dynacons Systems & Solutions Limited","EQ"," Interim Dividend - Rs 0.50 Per Share","10","22-Sep-2020","23-Sep-2020","-","-"
"DSSL","Dynacons Systems & Solutions Limited","EQ"," Annual General Meeting","10","22-Sep-2020","-","24-Sep-2020","30-Sep-2020"
"VASWANI","Vaswani Industries Limited","EQ"," Annual General Meeting","10","22-Sep-2020","-","24-Sep-2020","30-Sep-2020"
"KILITCH","Kilitch Drugs (India) Limited","EQ"," Annual General Meeting","10","22-Sep-2020","-","24-Sep-2020","30-Sep-2020"
"MOTHERSON","Samvardhana Motherson International Limited","EQ"," Annual General Meeting","1","23-Sep-2020","-","25-Sep-2020","28-Sep-2020"
"RANASUG","Rana Sugars Limited","EQ"," Annual General Meeting","10","23-Sep-2020","-","25-Sep-2020","30-Sep-2020"
"BHAGYAPROP","Bhagyanagar Properties Limited","EQ"," Annual General Meeting","2","23-Sep-2020","-","25-Sep-2020","30-Sep-2020"
"THEINVEST","The Investment Trust Of India Limited","EQ"," Annual General Meeting","10","23-Sep-2020","-","25-Sep-2020","30-Sep-2020"
"597GS2025","GOVERNMENT OF INDIA","GS"," Interest Payment","100","23-Sep-2020","24-Sep-2020","-","-"
"601GS2028","GOVERNMENT OF INDIA","GS"," Interest Payment","100","23-Sep-2020","24-Sep-2020","-","-"
"CHROMATIC","Chromatic India Limited","EQ"," Annual General Meeting","10","23-Sep-2020","-","25-Sep-2020","29-Sep-2020"
"JPOLYINVST","Jindal Poly Investment and Finance Company Limited","EQ"," Annual General Meeting","10","23-Sep-2020","-","25-Sep-2020","29-Sep-2020"
"ANTGRAPHIC","Antarctica Limited","EQ"," Annual General Meeting","1","23-Sep-2020","-","25-Sep-2020","29-Sep-2020"
"VARDMNPOLY","Vardhman Polytex Limited","EQ"," Annual General Meeting","1","23-Sep-2020","-","25-Sep-2020","29-Sep-2020"
"JINDALSTEL","JINDAL STEEL LIMITED","EQ"," Annual General Meeting","1","23-Sep-2020","-","25-Sep-2020","30-Sep-2020"
"TEXRAIL","Texmaco Rail & Engineering Limited","EQ"," Annual General Meeting/Dividend - Rs 0.10 Per Share","1","23-Sep-2020","-","25-Sep-2020","30-Sep-2020"
"ICDSLTD","ICDS Limited","EQ"," Annual General Meeting","10","23-Sep-2020","-","25-Sep-2020","28-Sep-2020"
"SURANAT&P","Surana Telecom and Power Limited","EQ"," Annual General Meeting","1","23-Sep-2020","-","25-Sep-2020","30-Sep-2020"
"AUSOMENT","Ausom Enterprise Limited","EQ"," Annual General Meeting","10","23-Sep-2020","-","25-Sep-2020","30-Sep-2020"
"INDSWFTLAB","Ind-Swift Laboratories Limited","EQ"," Annual General Meeting","10","23-Sep-2020","-","25-Sep-2020","29-Sep-2020"
"DHANBANK","Dhanlaxmi Bank Limited","EQ"," Annual General Meeting","10","23-Sep-2020","-","25-Sep-2020","30-Sep-2020"
"VEDL","Vedanta Limited","EQ"," Annual General Meeting","1","23-Sep-2020","-","25-Sep-2020","29-Sep-2020"
"BCP","B.C. Power Controls Ltd","EQ"," Annual General Meeting","2","24-Sep-2020","-","28-Sep-2020","30-Sep-2020"
"TIIL","Technocraft Industries (India) Limited","EQ"," Annual General Meeting","10","24-Sep-2020","-","26-Sep-2020","30-Sep-2020"
"CNL","Creative Newtech Limited","EQ"," Dividend - Rs 0.50 Per Share","10","24-Sep-2020","26-Sep-2020","-","-"
"TARIL","Transformers And Rectifiers (India) Limited","EQ"," Annual General Meeting","1","24-Sep-2020","-","26-Sep-2020","30-Sep-2020"
"KEYFINSERV","Keynote Financial Services Limited","EQ"," Annual General Meeting/Dividend - Re 1 Per Sh","10","24-Sep-2020","-","26-Sep-2020","30-Sep-2020"
"AYMSYNTEX","AYM Syntex Limited","EQ"," Annual General Meeting","10","24-Sep-2020","-","26-Sep-2020","29-Sep-2020"
"MCL","Madhav Copper Limited","EQ"," Annual General Meeting","5","24-Sep-2020","-","26-Sep-2020","30-Sep-2020"
"VIJIFIN","Viji Finance Limited","EQ"," Annual General Meeting","1","24-Sep-2020","-","26-Sep-2020","30-Sep-2020"
"ARROWGREEN","Arrow Greentech Limited","EQ"," Annual General Meeting","10","24-Sep-2020","-","26-Sep-2020","29-Sep-2020"
"SETUINFRA","Setubandhan Infrastructure Limited","EQ"," Annual General Meeting","1","24-Sep-2020","-","26-Sep-2020","30-Sep-2020"
"CEREBRAINT","Cerebra Integrated Technologies Limited","EQ"," Annual General Meeting","10","24-Sep-2020","-","28-Sep-2020","28-Sep-2020"
"VAKRANGEE","Vakrangee Limited","EQ"," Dividend - Rs 0.25 Per Share","1","24-Sep-2020","-","26-Sep-2020","28-Sep-2020"
"GODFRYPHLP","Godfrey Phillips India Limited","EQ"," Annual General Meeting","2","24-Sep-2020","-","28-Sep-2020","29-Sep-2020"
"MANINDS","Man Industries (India) Limited","EQ"," Demerger","5","24-Sep-2020","25-Sep-2020","-","-"
"GSS","GSS Infotech Limited","EQ"," Annual General Meeting","10","24-Sep-2020","-","26-Sep-2020","30-Sep-2020"
"TARAPUR","Tarapur Transformers Limited","EQ"," Annual General Meeting","10","24-Sep-2020","-","26-Sep-2020","30-Sep-2020"
"INDSWFTLTD","Ind-Swift Limited","EQ"," Annual General Meeting","2","24-Sep-2020","-","26-Sep-2020","30-Sep-2020"
"SABTN","Sri Adhikari Brothers Television Network Limited","EQ"," Annual General Meeting","10","24-Sep-2020","-","28-Sep-2020","30-Sep-2020"
"AJMERA","Ajmera Realty & Infra India Limited","EQ"," Annual General Meeting/Dividend - Rs 1.40 Per Share","2","24-Sep-2020","-","26-Sep-2020","30-Sep-2020"
"NATIONALUM","National Aluminium Company Limited","EQ"," Annual General Meeting","5","24-Sep-2020","-","28-Sep-2020","30-Sep-2020"
"KSCL","Kaveri Seed Company Limited","EQ"," Annual General Meeting","2","24-Sep-2020","-","28-Sep-2020","29-Sep-2020"
"ELGIEQUIP","Elgi Equipments Limited","EQ"," Bonus 1:1","1","24-Sep-2020","26-Sep-2020","-","-"
"EMBDL","Embassy Developments Limited","EQ"," Annual General Meeting","2","24-Sep-2020","-","26-Sep-2020","28-Sep-2020"
"COHANCE","Cohance Lifesciences Limited","EQ"," Bonus 1:1","1","25-Sep-2020","28-Sep-2020","-","-"
"CALSOFT","California Software Company Limited","EQ"," Annual General Meeting","10","25-Sep-2020","-","29-Sep-2020","30-Sep-2020"
"DHANUKA","Dhanuka Agritech Limited","EQ"," Buyback","2","25-Sep-2020","28-Sep-2020","-","-"
"HGS","Hinduja Global Solutions Limited","EQ"," Annual General Meeting","10","25-Sep-2020","-","29-Sep-2020","30-Sep-2020"
"BFINVEST","BF Investment Limited","EQ"," Annual General Meeting","5","28-Sep-2020","-","30-Sep-2020","30-Sep-2020"
"92GS2030","GOVERNMENT OF INDIA","GS"," Interest Payment","100","28-Sep-2020","29-Sep-2020","-","-"
"LAURUSLABS","Laurus Labs Limited","EQ"," Face Value Split (Sub-Division) - From Rs 10/- Per Share To Rs 2/- Per Share","2","29-Sep-2020","30-Sep-2020","-","-"
"RITES","RITES Limited","EQ"," Buyback","10","29-Sep-2020","30-Sep-2020","-","-"
"AARTIDRUGS","Aarti Drugs Limited","EQ"," Bonus 3:1","10","30-Sep-2020","01-Oct-2020","-","-"
"PALREDTEC","Palred Technologies Limited","EQ"," Annual General Meeting","10","30-Sep-2020","-","04-Oct-2020","10-Oct-2020"
"GAEL","Gujarat Ambuja Exports Limited","EQ"," Face Value Split (Sub-Division) - From Rs 2/- Per Share To Re 1/- Per Share","1","01-Oct-2020","05-Oct-2020","-","-"
"SAGARDEEP","Sagardeep Alloys Limited","EQ"," Bonus 1:2","10","05-Oct-2020","06-Oct-2020","-","-"
"645GS2029","Government of India","GS"," Interest Payment","100","05-Oct-2020","06-Oct-2020","-","-"
"TEXMOPIPES","Texmo Pipes and Products Limited","EQ"," Annual General Meeting","10","06-Oct-2020","-","08-Oct-2020","14-Oct-2020"
"727GS2026","GOVERNMENT OF INDIA","GS"," Interest Payment","100","06-Oct-2020","07-Oct-2020","-","-"
"ANANTRAJ","Anant Raj Limited","EQ"," Demerger","2","06-Oct-2020","07-Oct-2020","-","-"
"GDL","Gateway Distriparks Limited","EQ"," Interim Dividend - Rs 2 Per Share","10","07-Oct-2020","08-Oct-2020","-","-"
"63GS2023","GOVERNMENT OF INDIA","GS"," Interest Payment","100","07-Oct-2020","08-Oct-2020","-","-"
"INDOTECH","Indo Tech Transformers Limited","EQ"," Annual General Meeting","10","08-Oct-2020","-","10-Oct-2020","16-Oct-2020"
"706GS2046","GOVERNMENT OF INDIA","GS"," Interest Payment","100","08-Oct-2020","09-Oct-2020","-","-"
"78GS2021","GOVERNMENT OF INDIA","GS"," Interest Payment","100","08-Oct-2020","09-Oct-2020","-","-"
"SHRENIK","Shrenik Limited","EQ"," Bonus 2:1","1","08-Oct-2020","10-Oct-2020","-","-"
"SHRENIK","Shrenik Limited","EQ"," Face Value Split (Sub-Division) - From Rs 2/- Per Share To Re 1/- Per Share","1","08-Oct-2020","10-Oct-2020","-","-"
"NATCOPHARM","Natco Pharma Limited","EQ"," Annual General Meeting","2","09-Oct-2020","-","13-Oct-2020","15-Oct-2020"
"CNOVAPETRO","CIL Nova Petrochemicals Limited","EQ"," Annual General Meeting","10","09-Oct-2020","-","13-Oct-2020","17-Oct-2020"
"719GS2060","Government of India","GS"," Interest Payment","100","09-Oct-2020","12-Oct-2020","-","-"
"509GS2022","Government of India","GS"," Interest Payment","100","09-Oct-2020","12-Oct-2020","-","-"
"PRADIP","Pradip Overseas Limited","EQ"," Annual General Meeting","10","09-Oct-2020","-","13-Oct-2020","20-Oct-2020"
"PENINLAND","Peninsula Land Limited","EQ"," Annual General Meeting","2","12-Oct-2020","-","14-Oct-2020","20-Oct-2020"
"POWERMECH","Power Mech Projects Limited","EQ"," Annual General Meeting/Dividend - Re 1 Per Share","10","12-Oct-2020","-","14-Oct-2020","20-Oct-2020"
"MAHESHWARI","Maheshwari Logistics Limited","EQ"," Bonus 1:1","10","13-Oct-2020","14-Oct-2020","-","-"
"SAIL","Steel Authority of India Limited","EQ"," Annual General Meeting","10","14-Oct-2020","-","16-Oct-2020","22-Oct-2020"
"TCS","Tata Consultancy Services Limited","EQ"," Interim Dividend - Rs 12 Per Share","1","14-Oct-2020","15-Oct-2020","-","-"
"737GS2023","GOVERNMENT OF INDIA","GS"," Interest Payment","100","14-Oct-2020","15-Oct-2020","-","-"
"MEP","MEP Infrastructure Developers Limited","EQ"," Annual General Meeting","10","14-Oct-2020","-","16-Oct-2020","22-Oct-2020"
"SDBL","Som Distilleries & Breweries Limited","EQ"," Face Value Split (Sub-Division) - From Rs 10/- Per Share To Rs 5/- Per Share","2","15-Oct-2020","16-Oct-2020","-","-"
"PDSL","PDS Limited","EQ"," Annual General Meeting","2","15-Oct-2020","-","17-Oct-2020","28-Oct-2020"
"TOUCHWOOD","Touchwood Entertainment Limited","EQ"," Annual General Meeting","10","16-Oct-2020","-","20-Oct-2020","26-Oct-2020"
"716GS2050","Government of India","GS"," Interest Payment","100","16-Oct-2020","19-Oct-2020","-","-"
"AMDIND","AMD Industries Limited","EQ"," Annual General Meeting","10","19-Oct-2020","-","21-Oct-2020","26-Oct-2020"
"IRCTC","Indian Railway Catering And Tourism Corporation Limited","EQ"," Annual General Meeting","2","19-Oct-2020","-","21-Oct-2020","27-Oct-2020"
"IRCTC","Indian Railway Catering And Tourism Corporation Limited","EQ"," Dividend - Rs 2.50 Per Share","2","19-Oct-2020","20-Oct-2020","-","-"
"VERTOZ","Vertoz Limited","EQ"," Annual General Meeting/Dividend - Rs 0.10 Per Share","10","19-Oct-2020","20-Oct-2020","-","-"
"EUROTEXIND","Eurotex Industries and Exports Limited","EQ"," Annual General Meeting","10","20-Oct-2020","-","22-Oct-2020","31-Oct-2020"
"JAIBALAJI","Jai Balaji Industries Limited","EQ"," Annual General Meeting","2","21-Oct-2020","-","23-Oct-2020","29-Oct-2020"
"ISFT","Intrasoft Technologies Limited","EQ"," Annual General Meeting/Dividend - Re 1 Per Sh","10","21-Oct-2020","-","23-Oct-2020","29-Oct-2020"
"PATSPINLTD","Patspin India Limited","EQ"," Annual General Meeting","10","21-Oct-2020","-","23-Oct-2020","30-Oct-2020"
"MOLDTKPAC","Mold-Tek Packaging Limited","EQ"," Rights 1:50 @ Premium Rs 175  With 6 Warrants For 50 Equity Shares","5","21-Oct-2020","22-Oct-2020","-","-"
"GTNTEX","GTN Textiles Limited","EQ"," Annual General Meeting","10","21-Oct-2020","-","23-Oct-2020","30-Oct-2020"
"RPPINFRA","R.P.P. Infra Projects Limited","EQ"," Annual General Meeting","10","21-Oct-2020","-","23-Oct-2020","29-Oct-2020"
"SURYALAXMI","Suryalakshmi Cotton Mills Limited","EQ"," Annual General Meeting","10","22-Oct-2020","-","24-Oct-2020","31-Oct-2020"
"TERASOFT","Tera Software Limited","EQ"," Annual General Meeting","10","22-Oct-2020","-","24-Oct-2020","30-Oct-2020"
"SHREEPUSHK","Shree Pushkar Chemicals & Fertilisers Limited","EQ"," Annual General Meeting","10","22-Oct-2020","-","25-Oct-2020","31-Oct-2020"
"MASTEK","Mastek Limited","EQ"," Annual General Meeting","5","22-Oct-2020","-","26-Oct-2020","29-Oct-2020"
"HCLTECH","HCL Technologies Limited","EQ"," Interim Dividend - Rs 4 Per Share","2","22-Oct-2020","24-Oct-2020","-","-"
"772GS2055","GOVERNMENT OF INDIA","GS"," Interest Payment","100","22-Oct-2020","23-Oct-2020","-","-"
"BYKE","The Byke Hospitality Ltd","EQ"," Annual General Meeting","10","23-Oct-2020","-","27-Oct-2020","02-Nov-2020"
"INFY","Infosys Limited","EQ"," Interim Dividend - Rs 12 Per Share","5","23-Oct-2020","26-Oct-2020","-","-"
"LTTS","L&T Technology Services Limited","EQ"," Interim Dividend - Rs 7.50 Per Share","2","26-Oct-2020","27-Oct-2020","-","-"
"PRIVISCL","Privi Speciality Chemicals Limited","EQ"," Annual General Meeting/Dividend - Rs 1.50 Per Share","10","26-Oct-2020","-","28-Oct-2020","02-Nov-2020"
"MINDTREE","MindTree Limited","EQ"," Interim Dividend - Rs 7.50 Per Share","10","26-Oct-2020","27-Oct-2020","-","-"
"LTM","LTIMindtree Limited","EQ"," Interim Dividend -Rs 15 Per Share","1","27-Oct-2020","28-Oct-2020","-","-"
"HINDZINC","Hindustan Zinc Limited","EQ"," Interim Dividend - Rs  21.30 Per Share","2","27-Oct-2020","28-Oct-2020","-","-"
"CCL","CCL Products (India) Limited","EQ"," Interim Dividend - Rs 2 Per Share","2","28-Oct-2020","30-Oct-2020","-","-"
"SASKEN","Sasken Technologies Limited","EQ"," Interim Dividend - Rs 10 Per Share","10","28-Oct-2020","29-Oct-2020","-","-"
"GRANULES","Granules India Limited","EQ"," Interim Dividend - Rs 0.25 Per Share","1","28-Oct-2020","30-Oct-2020","-","-"
"HINDUNILVR","Hindustan Unilever Limited","EQ"," Interim Dividend - Rs 14 Per Share","1","28-Oct-2020","29-Oct-2020","-","-"
"REPRO","Repro India Limited","EQ"," Annual General Meeting","10","28-Oct-2020","-","01-Nov-2020","07-Nov-2020"
"ROHITFERRO","Rohit Ferro-Tech Limited","EQ"," Annual General Meeting","10","28-Oct-2020","-","31-Oct-2020","06-Nov-2020"
"ALMONDZ","Almondz Global Securities Limited","EQ"," Annual General Meeting","1","28-Oct-2020","-","31-Oct-2020","06-Nov-2020"
"ASIANPAINT","Asian Paints Limited","EQ"," Interim Dividend - Rs 3.35 Per Share","1","28-Oct-2020","30-Oct-2020","-","-"
"FOSECOIND","Foseco India Limited","EQ"," Interim Dividend - Rs 5 Per Share","10","28-Oct-2020","30-Oct-2020","-","-"
"IITL","Industrial Investment Trust Limited","EQ"," Annual General Meeting","10","28-Oct-2020","-","31-Oct-2020","07-Nov-2020"
"KIOCL","KIOCL Limited","EQ"," Buyback","10","28-Oct-2020","30-Oct-2020","-","-"
"VEDL","Vedanta Limited","EQ"," Interim Dividend - Rs 9.50 Per Share","1","28-Oct-2020","31-Oct-2020","-","-"
"GMMPFAUDLR","GMM Pfaudler Limited","EQ"," Interim Dividend - Re 1  Per Share","2","28-Oct-2020","29-Oct-2020","-","-"
"CONFIPET","Confidence Petroleum India Limited","EQ"," Annual General Meeting/Dividend - Rs 0.075  Per Share","1","28-Oct-2020","-","31-Oct-2020","06-Nov-2020"
"NESTLEIND","Nestle India Limited","EQ"," Interim Dividned - Rs 135 Per Share","1","29-Oct-2020","02-Nov-2020","-","-"
"COLPAL","Colgate Palmolive (India) Limited","EQ"," Interim Dividend - Rs 18 Per Share","1","29-Oct-2020","02-Nov-2020","-","-"
"TECHM","Tech Mahindra Limited","EQ"," Special Dividend - Rs 15 Per Share","5","29-Oct-2020","02-Nov-2020","-","-"
"CRISIL","CRISIL Limited","EQ"," Interim Dividend - Rs 7 Per Share","1","02-Nov-2020","03-Nov-2020","-","-"
"IVC","IL&FS Investment Managers Limited","EQ"," Annual General Meeting/Dividend - Rs 0.60 Per Sh","2","02-Nov-2020","-","04-Nov-2020","10-Nov-2020"
"ANGELONE","Angel One Limited","EQ"," Interim Dividend - Rs 4.15 Per Share","1","02-Nov-2020","03-Nov-2020","-","-"
"ESTER","Ester Industries Limited","EQ"," Interim Dividend - Rs 1.50 Per Share","5","02-Nov-2020","03-Nov-2020","-","-"
"KENNAMET","Kennametal India Limited","EQ"," Annual General Meeting","10","02-Nov-2020","-","04-Nov-2020","11-Nov-2020"
"618GS2024","Government of India","GS"," Interest Payment","100","02-Nov-2020","03-Nov-2020","-","-"
"DEEPENR","DEEP ENERGY RESOURCES LIMITED","EQ"," Annual General Meeting","10","02-Nov-2020","-","04-Nov-2020","10-Nov-2020"
"MAGNUM","Magnum Ventures Limited","EQ"," Annual General Meeting","10","02-Nov-2020","-","04-Nov-2020","10-Nov-2020"
"IMAGICAA","Imagicaaworld Entertainment Limited","EQ"," Annual General Meeting","10","03-Nov-2020","-","05-Nov-2020","10-Nov-2020"
"IRBINVIT","IRB InvIT Fund","IV"," Distribution - Rs 2 Per Unit","102","03-Nov-2020","04-Nov-2020","-","-"
"GUFICBIO","Gufic Biosciences Limited","EQ"," Annual General Meeting/Dividend - Rs 0.05 Per Share","1","03-Nov-2020","-","05-Nov-2020","11-Nov-2020"
"AARTIDRUGS","Aarti Drugs Limited","EQ"," Interim Dividend - Rs  2.5 Per Share","10","03-Nov-2020","04-Nov-2020","-","-"
"MANINDS","Man Industries (India) Limited","EQ"," Interim Dividend - Rs 2 Per Share","5","03-Nov-2020","04-Nov-2020","-","-"
"CROMPTON","Crompton Greaves Consumer Electricals Limited","EQ"," Interim Dividend-Rs 3 Per Sh","2","03-Nov-2020","04-Nov-2020","-","-"
"SAGCEM","Sagar Cements Limited","EQ"," Interim Dividend - Rs 2 Per Share","2","03-Nov-2020","04-Nov-2020","-","-"
"KKCL","Kewal Kiran Clothing Limited","EQ"," Interim Dividend-Rs 15 Per Share","10","03-Nov-2020","04-Nov-2020","-","-"
"RICOAUTO","Rico Auto Industries Limited","EQ"," Annual General Meeting/Dividend - Rs 0.30 Per Share","1","04-Nov-2020","-","06-Nov-2020","12-Nov-2020"
"KOHINOOR","Kohinoor Foods Limited","EQ"," Annual General Meeting","10","04-Nov-2020","-","06-Nov-2020","12-Nov-2020"
"LT","Larsen & Toubro Limited","EQ"," Special Dividend - Rs 18 Per Share","2","04-Nov-2020","05-Nov-2020","-","-"
"CASTROLIND","Castrol India Limited","EQ"," Interim Dividend - Rs 2.50 Per Share","5","05-Nov-2020","06-Nov-2020","-","-"
"AMBUJACEM","Ambuja Cements Limited","EQ"," Interim Dividend-Rs 17 Per Share","2","05-Nov-2020","06-Nov-2020","-","-"
"879GS2021","GOVERNMENT OF INDIA","GS"," Interest Payment","100","05-Nov-2020","07-Nov-2020","-","-"
"761GS2030","GOVERNMENT OF INDIA","GS"," Interest Payment","100","05-Nov-2020","07-Nov-2020","-","-"
"ISEC","ICICI Securities Limited","EQ"," Interim Dividend - Rs 8 Per Share","5","05-Nov-2020","06-Nov-2020","-","-"
"SUPPETRO","Supreme Petrochem Limited","EQ"," Interim Dividend - Rs 2.50 Per Share","10","05-Nov-2020","06-Nov-2020","-","-"
"MARICO","Marico Limited","EQ"," Interim Dividend - Rs 3 Per Share","1","05-Nov-2020","06-Nov-2020","-","-"
"VAIBHAVGBL","Vaibhav Global Limited","EQ"," Interim Dividend - Rs 5 Per Share","2","05-Nov-2020","07-Nov-2020","-","-"
"KOPRAN","Kopran Limited","EQ"," Interim Dividend - Rs 1.50 Per Share","10","05-Nov-2020","07-Nov-2020","-","-"
"SUPREMEIND","Supreme Industries Limited","EQ"," Interim Dividend - Rs 5 Per Share","2","05-Nov-2020","06-Nov-2020","-","-"
"824GS2033","GOVERNMENT OF INDIA","GS"," Interest Payment","100","06-Nov-2020","09-Nov-2020","-","-"
"LTFOODS","LT Foods Limited","EQ"," Interim Dividend - Rs 0.50 Per Share","1","06-Nov-2020","09-Nov-2020","-","-"
"SORILINFRA","SORIL Infra Resources Limited","EQ"," Annual General Meeting","10","06-Nov-2020","-","10-Nov-2020","12-Nov-2020"
"SURYAROSNI","Surya Roshni Limited","EQ"," Interim Dividend - Rs 1.50 Per Share","5","06-Nov-2020","09-Nov-2020","-","-"
"COSMOFIRST","COSMO FIRST LIMITED","EQ"," Buyback","10","06-Nov-2020","09-Nov-2020","-","-"
"ASIANTILES","Asian Granito India Limited","EQ"," Annual General Meeting/Dividend - Rs 0.70 Per Share","10","09-Nov-2020","-","11-Nov-2020","20-Nov-2020"
"CINEVISTA","Cinevista Limited","EQ"," Annual General Meeting","2","09-Nov-2020","-","11-Nov-2020","18-Nov-2020"
"EMBASSY","Embassy Office Parks REIT","RR"," Interest - Rs 1.90/Return On Capital - Rs 3.18/Dividend - Rs 0.42 Per Unit","300","09-Nov-2020","10-Nov-2020","-","-"
"SHARDACROP","Sharda Cropchem Limited","EQ"," Interim Dividend - Rs  2 Per Share","10","09-Nov-2020","10-Nov-2020","-","-"
"IBULLSLTD","Indiabulls Limited","EQ"," Annual General Meeting","2","09-Nov-2020","-","11-Nov-2020","13-Nov-2020"
"579GS2030","Government of India","GS"," Interest Payment","100","09-Nov-2020","10-Nov-2020","-","-"
"SHRIRAMFIN","Shriram Finance Limited","EQ"," Interim Dividend - Rs 6 Per Share","2","09-Nov-2020","10-Nov-2020","-","-"
"KHAICHEM","Khaitan Chemicals & Fertilizers Limited","EQ"," Interim Dividend - Rs 0.10 Per Share","1","09-Nov-2020","10-Nov-2020","-","-"
"INDIGRID","IndiGrid Infrastructure Trust","IV"," Distribution - Rs 3.00 Per Unit","100","09-Nov-2020","10-Nov-2020","-","-"
"MASTEK","Mastek Limited","EQ"," Interim Dividend - Rs 5.50 Per Share","5","09-Nov-2020","10-Nov-2020","-","-"
"BBOX","Black Box Limited","EQ"," Annual General Meeting","2","10-Nov-2020","-","12-Nov-2020","18-Nov-2020"
"NEULANDLAB","Neuland Laboratories Limited","EQ"," Interim Dividend - Rs 2 Per Share","10","10-Nov-2020","11-Nov-2020","-","-"
"OCCL","Oriental Carbon & Chemicals Limited","EQ"," Interim Dividend - Rs 4 Per Share","10","10-Nov-2020","11-Nov-2020","-","-"
"DEEPENR","DEEP ENERGY RESOURCES LIMITED","EQ"," Demerger","10","10-Nov-2020","11-Nov-2020","-","-"
"LAURUSLABS","Laurus Labs Limited","EQ"," Interim Dividend - Rs  0.80 Per Share","2","10-Nov-2020","11-Nov-2020","-","-"
"RAIN","Rain Industries Limited","EQ"," Interim Dividend - Re 1 Per Share","2","10-Nov-2020","11-Nov-2020","-","-"
"MOTOGENFIN","The Motor & General Finance Limited","EQ"," Annual General Meeting","5","10-Nov-2020","-","12-Nov-2020","19-Nov-2020"
"NAVINFLUOR","Navin Fluorine International Limited","EQ"," Interim Dividend - Rs  5 Per Share","2","10-Nov-2020","11-Nov-2020","-","-"
"SHRIRAMCIT","Shriram City Union Finance Limited","EQ"," Interim Dividend - Rs 10 Per Share","10","11-Nov-2020","12-Nov-2020","-","-"
"DABUR","Dabur India Limited","EQ"," Interim Dividend - Rs 1.75 Per Share","1","11-Nov-2020","12-Nov-2020","-","-"
"PREMEXPLN","Premier Explosives Limited","EQ"," Annual General Meeting","2","11-Nov-2020","-","13-Nov-2020","19-Nov-2020"
"BUTTERFLY","Butterfly Gandhimathi Appliances Limited","EQ"," Interim Dividend - Rs 1.50 Per Share","10","11-Nov-2020","12-Nov-2020","-","-"
"RAMASTEEL","Rama Steel Tubes Limited","EQ"," Annual General Meeting","1","11-Nov-2020","-","13-Nov-2020","20-Nov-2020"
"BSOFT","BIRLASOFT LIMITED","EQ"," Interim Dividend - Re 1 Per Share","2","12-Nov-2020","13-Nov-2020","-","-"
"AURUM","Aurum PropTech Limited","EQ"," Buyback","5","12-Nov-2020","13-Nov-2020","-","-"
"GRAVITA","Gravita India Limited","EQ"," Annual General Meeting","2","12-Nov-2020","-","14-Nov-2020","21-Nov-2020"
"TREEHOUSE","Tree House Education & Accessories Limited","EQ"," Annual General Meeting","10","12-Nov-2020","-","16-Nov-2020","21-Nov-2020"
"ASTRAL","Astral Limited","EQ"," Interim Dividend - Re 1 Per Share","1","12-Nov-2020","14-Nov-2020","-","-"
"679GS2027","GOVERNMENT OF INDIA","GS"," Interest Payment","100","12-Nov-2020","13-Nov-2020","-","-"
"835GS2022","GOVERNMENT OF INDIA","GS"," Interest Payment","100","12-Nov-2020","13-Nov-2020","-","-"
"915GS2024","GOVERNMENT OF INDIA","GS"," Interest Payment","100","12-Nov-2020","13-Nov-2020","-","-"
"NACLIND","NACL Industries Limited","EQ"," Interim Dividend - Rs 0.10 Per Share","1","12-Nov-2020","13-Nov-2020","-","-"
"SUULD","Suumaya Industries Limited","EQ"," Interim Dividend - Rs 0.25 Per Share","10","12-Nov-2020","13-Nov-2020","-","-"
"GEOJITFSL","Geojit Financial Services Limited","EQ"," Interim Dividend - Rs. 1.50 Per Share","1","12-Nov-2020","13-Nov-2020","-","-"
"THYROCARE","Thyrocare Technologies Limited","EQ"," Interim Dividend - Rs 10 Per Share","10","12-Nov-2020","13-Nov-2020","-","-"
"EMAMILTD","Emami Limited","EQ"," Interim Dividend - Rs 4 Per Share","1","12-Nov-2020","13-Nov-2020","-","-"
"KANSAINER","Kansai Nerolac Paints Limited","EQ"," Interim Dividend - Rs 1.25 Per Share","1","12-Nov-2020","13-Nov-2020","-","-"
"KHANDSE","Khandwala Securities Limited","EQ"," Annual General Meeting","10","12-Nov-2020","-","16-Nov-2020","23-Nov-2020"
"CHAMBLFERT","Chambal Fertilizers & Chemicals Limited","EQ"," Interim Dividend - Rs 3 Per Share","10","12-Nov-2020","13-Nov-2020","-","-"
"NTPC","NTPC Limited","EQ"," Buy-Back","10","12-Nov-2020","13-Nov-2020","-","-"
"AJANTPHARM","Ajanta Pharma Limited","EQ"," Interim Dividend - Rs 9.50 Per Share","2","12-Nov-2020","13-Nov-2020","-","-"
"AJANTPHARM","Ajanta Pharma Limited","EQ"," Buyback","2","12-Nov-2020","13-Nov-2020","-","-"
"SUNDRMFAST","Sundram Fasteners Limited","EQ"," Interim Dividend - Rs 1.30 Per Share","1","12-Nov-2020","14-Nov-2020","-","-"
"HMT","HMT Limited","EQ"," Annual General Meeting","10","12-Nov-2020","-","14-Nov-2020","20-Nov-2020"
"BALKRISIND","Balkrishna Industries Limited","EQ"," Interim Dividend - Rs 4 Per Share","2","12-Nov-2020","14-Nov-2020","-","-"
"PRINCEPIPE","Prince Pipes And Fittings Limited","EQ"," Interim Dividend - Rs 1.50 Per Share","10","13-Nov-2020","17-Nov-2020","-","-"
"IPCALAB","IPCA Laboratories Limited","EQ"," Interim Dividend - Rs 8 Per Share","1","13-Nov-2020","17-Nov-2020","-","-"
"RECLTD","REC Limited","EQ"," Interim Dividend - Rs 6 Per Share","10","13-Nov-2020","17-Nov-2020","-","-"
"PGHH","Procter & Gamble Hygiene and Health Care Limited","EQ"," Annual General Meeting/Dividend - Rs 105 Per Share","10","13-Nov-2020","-","18-Nov-2020","24-Nov-2020"
"KAPSTON","Kapston Services Limited","EQ"," Interim Dividend - Re 1 Per Share","5","17-Nov-2020","18-Nov-2020","-","-"
"OSEINTRUST","Oriental InfraTrust","IV"," Interest -Rs 1.2/Return On Capital -Rs 0.41/Interim Dividend -Rs 0.92","100","17-Nov-2020","18-Nov-2020","-","-"
"S&SPOWER","S&S Power Switchgears Limited","EQ"," Annual General Meeting","10","17-Nov-2020","-","19-Nov-2020","25-Nov-2020"
"EUROMULTI","Euro Multivision Limited","EQ"," Annual General Meeting","10","17-Nov-2020","-","19-Nov-2020","25-Nov-2020"
"GILLETTE","Gillette India Limited","EQ"," Annual General Meeting/Dividend - Rs 49 Per Sh","10","17-Nov-2020","-","19-Nov-2020","25-Nov-2020"
"GULPOLY","Gulshan Polyols Limited","EQ"," Interim Dividend - Rs 0.60 Per Share","1","17-Nov-2020","18-Nov-2020","-","-"
"IOLCP","IOL Chemicals and Pharmaceuticals Limited","EQ"," Interim Dividend - Rs 4 Per Share","2","17-Nov-2020","18-Nov-2020","-","-"
"PGHL","Procter & Gamble Health Limited","EQ"," Annual General Meeting/Dividend - Rs 42 Per Share Special Dividend - Rs 188 Per Share","10","18-Nov-2020","-","20-Nov-2020","26-Nov-2020"
"SONATSOFTW","Sonata Software Limited","EQ"," Interim Dividend - Rs  4 Per Share","1","18-Nov-2020","19-Nov-2020","-","-"
"MANAPPURAM","Manappuram Finance Limited","EQ"," Interim Dividend - Rs 0.60 Per Share","2","18-Nov-2020","19-Nov-2020","-","-"
"PGIL","Pearl Global Industries Limited","EQ"," Annual General Meeting","5","18-Nov-2020","-","20-Nov-2020","26-Nov-2020"
"CARERATING","CARE Ratings Limited","EQ"," Interim Dividend - Rs 8 Per Share","10","18-Nov-2020","19-Nov-2020","-","-"
"LALPATHLAB","Dr. Lal Path Labs Ltd.","EQ"," Interim Dividend - Rs  6 Per Share","10","18-Nov-2020","19-Nov-2020","-","-"
"MRF","MRF Limited","EQ"," Interim Dividend - Rs 3 Per Share","10","18-Nov-2020","19-Nov-2020","-","-"
"PNBGILTS","PNB Gilts Limited","EQ"," Interim Dividend - Rs 3 Per Share","10","18-Nov-2020","19-Nov-2020","-","-"
"KSCL","Kaveri Seed Company Limited","EQ"," Interim Dividend - Rs 4 Per Share","2","18-Nov-2020","19-Nov-2020","-","-"
"CCCL","Consolidated Construction Consortium Limited","EQ"," Annual General Meeting","2","18-Nov-2020","-","20-Nov-2020","26-Nov-2020"
"SAKSOFT","Saksoft Limited","EQ"," Interim Dividend - Rs 2.50 Per Share","1","18-Nov-2020","19-Nov-2020","-","-"
"CONCOR","Container Corporation of India Limited","EQ"," Interim Dividend - Rs 3 Per Share","5","18-Nov-2020","19-Nov-2020","-","-"
"716GS2023","GOVERNMENT OF INDIA","GS"," Interest Payment","100","18-Nov-2020","19-Nov-2020","-","-"
"SOLARA","Solara Active Pharma Sciences Limited","EQ"," Interim Dividend - Rs  4 Per Share","10","19-Nov-2020","20-Nov-2020","-","-"
"LOTUSEYE","Lotus Eye Hospital and Institute Limited","EQ"," Annual General Meeting","10","19-Nov-2020","-","23-Nov-2020","28-Nov-2020"
"CAMS","Computer Age Management Services Limited","EQ"," Interim Dividend - Rs 6.75  Per Share","2","19-Nov-2020","20-Nov-2020","-","-"
"UTIAMC","UTI Asset Management Company Limited","EQ"," Dividend - Rs 7  Per Share","10","19-Nov-2020","-","21-Nov-2020","27-Nov-2020"
"HEADSUP","Heads UP Ventures Limited","EQ"," Annual General Meeting","10","19-Nov-2020","-","22-Nov-2020","28-Nov-2020"
"INSECTICID","Insecticides (India) Limited","EQ"," Interim Dividend - Rs 2  Per Share","10","19-Nov-2020","20-Nov-2020","-","-"
"SANGAMIND","Sangam (India) Limited","EQ"," Annual General Meeting/Dividend - Re 1 Per Share","10","19-Nov-2020","-","21-Nov-2020","28-Nov-2020"
"MAANALU","Maan Aluminium Limited","EQ"," Interim Dividend - Re 1 Per Share","5","19-Nov-2020","20-Nov-2020","-","-"
"ASAHISONG","Asahi Songwon Colors Limited","EQ"," Buyback","10","19-Nov-2020","20-Nov-2020","-","-"
"HGS","Hinduja Global Solutions Limited","EQ"," Interim Dividend - Rs 6 Per Share","10","19-Nov-2020","20-Nov-2020","-","-"
"COALINDIA","Coal India Limited","EQ"," Interim Dividend - Rs 7.50 Per Share","10","19-Nov-2020","20-Nov-2020","-","-"
"AMRUTANJAN","Amrutanjan Health Care Limited","EQ"," Interim Dividend - Rs 0.80 Per Share","1","19-Nov-2020","20-Nov-2020","-","-"
"CUPID","Cupid Limited","EQ"," Interim Dividend - Re 1 Per Share","1","19-Nov-2020","20-Nov-2020","-","-"
"VIDHIING","Vidhi Specialty Food Ingredients Limited","EQ"," Interim Dividend - Rs 0.20 Per Share","1","19-Nov-2020","21-Nov-2020","-","-"
"PTC","PTC India Limited","EQ"," Interim Dividend - Rs 2 Per Share","10","19-Nov-2020","20-Nov-2020","-","-"
"TTKPRESTIG","TTK Prestige Limited","EQ"," Interim Dividend - Rs 20  Per Share","1","19-Nov-2020","20-Nov-2020","-","-"
"NCLIND","NCL Industries Limited","EQ"," Interim Dividend - Rs 1.50 Per Share","10","19-Nov-2020","20-Nov-2020","-","-"
"PAGEIND","Page Industries Limited","EQ"," Interim Dividend - Rs 100  Per Share","10","19-Nov-2020","21-Nov-2020","-","-"
"SHOPERSTOP","Shoppers Stop Limited","EQ"," Rights 17:70 @ Premium Rs 135/-","5","19-Nov-2020","20-Nov-2020","-","-"
"POLYPLEX","Polyplex Corporation Limited","EQ"," Interim Dividend - Rs 15 Per Share","10","19-Nov-2020","20-Nov-2020","-","-"
"GOLDIAM","Goldiam International Limited","EQ"," Interim Dividend - Rs  3 Per Share","2","19-Nov-2020","21-Nov-2020","-","-"
"AUSOMENT","Ausom Enterprise Limited","EQ"," Interim Dividend - Rs 0.50 Per Share","10","19-Nov-2020","21-Nov-2020","-","-"
"AARTIIND","Aarti Industries Limited","EQ"," Interim Dividend - Rs 1.50 Per Share","5","19-Nov-2020","20-Nov-2020","-","-"
"SHK","S H Kelkar and Company Limited","EQ"," Interim Dividend - Re 1  Per Share","10","19-Nov-2020","20-Nov-2020","-","-"
"EPL","EPL Limited","EQ"," Interim Dividend - Rs 2.05 Per Share","2","20-Nov-2020","23-Nov-2020","-","-"
"WORTHPERI","Worth Peripherals Limited","EQ"," Interim Dividend - Re 1 Per Share","10","20-Nov-2020","23-Nov-2020","-","-"
"JINDWORLD","Jindal Worldwide Limited","EQ"," Annual General Meeting","1","20-Nov-2020","-","24-Nov-2020","30-Nov-2020"
"CREATIVEYE","Creative Eye Limited","EQ"," Annual General Meeting","5","20-Nov-2020","-","24-Nov-2020","30-Nov-2020"
"GABRIEL","Gabriel India Limited","EQ"," Interim Dividend - Rs 0.20  Per Share","1","20-Nov-2020","23-Nov-2020","-","-"
"815GS2026","GOVERNMENT OF INDIA","GS"," Interest Payment","100","20-Nov-2020","23-Nov-2020","-","-"
"SRHHYPOLTD","Sree Rayalaseema Hi-Strength Hypo Limited","EQ"," Annual General Meeting/Dividend - Rs 2.50 Per Share","10","20-Nov-2020","-","24-Nov-2020","30-Nov-2020"
"PREMIERPOL","Premier Polyfilm Limited","EQ"," Annual General Meeting","1","20-Nov-2020","-","24-Nov-2020","01-Dec-2020"
"NMDC","NMDC Limited","EQ"," Buy Back","1","20-Nov-2020","23-Nov-2020","-","-"
"794GS2021","GOVERNMENT OF INDIA","GS"," Interest Payment","100","20-Nov-2020","23-Nov-2020","-","-"
"VEEDOL","Veedol Corporation Limited","EQ"," Interim Dividend - Rs 100 Per Share","2","23-Nov-2020","24-Nov-2020","-","-"
"772GS2025","GOVERNMENT OF INDIA","GS"," Interest Payment","100","23-Nov-2020","24-Nov-2020","-","-"
"PRECWIRE","Precision Wires India Limited","EQ"," Interim Dividend - Re 1 Per Share","1","23-Nov-2020","24-Nov-2020","-","-"
"AUROPHARMA","Aurobindo Pharma Limited","EQ"," Interim Dividend - Rs  1.25 Per Share","1","23-Nov-2020","24-Nov-2020","-","-"
"PETRONET","Petronet LNG Limited","EQ"," Interim Dividend - Rs 8 Per Share","10","23-Nov-2020","24-Nov-2020","-","-"
"883GS2023","GOVERNMENT OF INDIA","GS"," Interest Payment","100","23-Nov-2020","24-Nov-2020","-","-"
"VALIANTORG","Valiant Organics Limited","EQ"," Interim Dividend - Rs  5 Per Share","10","24-Nov-2020","25-Nov-2020","-","-"
"GPPL","Gujarat Pipavav Port Limited","EQ"," Interim Dividend - Rs 2.1 Per Share","10","24-Nov-2020","25-Nov-2020","-","-"
"MAYURUNIQ","Mayur Uniquoters Ltd","EQ"," Buy Back","5","24-Nov-2020","25-Nov-2020","-","-"
"VENUSREM","Venus Remedies Limited","EQ"," Annual General Meeting","10","24-Nov-2020","-","26-Nov-2020","02-Dec-2020"
"TECHNOE","Techno Electric & Engineering Company Limited","EQ"," Interim Dividend - Rs  3 Per Share","2","24-Nov-2020","25-Nov-2020","-","-"
"NATCOPHARM","Natco Pharma Limited","EQ"," Interim Dividend - Rs  3 Per Share","2","24-Nov-2020","25-Nov-2020","-","-"
"PRICOLLTD","Pricol Limited","EQ"," Rights 2:7 @ Premium Rs 29/-","1","24-Nov-2020","25-Nov-2020","-","-"
"GOCLCORP","GOCL Corporation Limited","EQ"," Interim Dividend - Rs 4 Per Share","2","25-Nov-2020","26-Nov-2020","-","-"
"ORIENTCER","ORIENT CERATECH LIMITED","EQ"," Dividend - Rs 0.15 Per Share","1","25-Nov-2020","26-Nov-2020","-","-"
"ORIENTCER","ORIENT CERATECH LIMITED","EQ"," Annual General Meeting","1","25-Nov-2020","-","27-Nov-2020","03-Dec-2020"
"MADHUCON","Madhucon Projects Limited","EQ"," Annual General Meeting","1","25-Nov-2020","-","27-Nov-2020","05-Dec-2020"
"KALYANI","Kalyani Commercials Limited","EQ"," Extra Ordinary General Meeting","10","25-Nov-2020","-","27-Nov-2020","03-Dec-2020"
"SMARTLINK","Smartlink Holdings Limited","EQ"," Annual General Meeting","2","25-Nov-2020","-","27-Nov-2020","04-Dec-2020"
"STEELCITY","Steel City Securities Limited","EQ"," Interim Dividend - Re 1  Per Share","10","25-Nov-2020","26-Nov-2020","-","-"
"662GS2051","GOVERNMENT OF INDIA","GS"," Interest Payment","100","26-Nov-2020","27-Nov-2020","-","-"
"817GS2044","GOVERNMENT OF INDIA","GS"," Interest Payment","100","26-Nov-2020","27-Nov-2020","-","-"
"NBCC","NBCC (India) Limited","EQ"," Dividend - Rs 0.135  Per Share","1","26-Nov-2020","27-Nov-2020","-","-"
"ITI","ITI Limited","EQ"," Annual General Meeting","10","26-Nov-2020","-","28-Nov-2020","04-Dec-2020"
"TCS","Tata Consultancy Services Limited","EQ"," Buyback","1","26-Nov-2020","28-Nov-2020","-","-"
"1025GS2021","GOVERNMENT OF INDIA","GS"," Interest Payment","100","26-Nov-2020","27-Nov-2020","-","-"
"86GS2028","GOVERNMENT OF INDIA","GS"," Interest Payment","100","27-Nov-2020","01-Dec-2020","-","-"
"TOTAL","Total Transport Systems Limited","EQ"," Annual General Meeting","10","27-Nov-2020","-","02-Dec-2020","08-Dec-2020"
"WINPRO","WinPro Industries Limited","EQ"," Dividend - Rs 0.20 Per Share","5","01-Dec-2020","02-Dec-2020","-","-"
"WINPRO","WinPro Industries Limited","EQ"," Annual General Meeting","5","01-Dec-2020","-","03-Dec-2020","09-Dec-2020"
"INTERISE","Interise Trust","IV"," Interest Payment Rs 1.23 Per Unit/ Return Of Capital Rs 0.8799 Per Unit/ Other Income On Surplus - Rs 0.0479 Per Unit","100","01-Dec-2020","02-Dec-2020","-","-"
"NATIONALUM","National Aluminium Company Limited","EQ"," Interim Dividend - Rs 0.50 Per Share","5","01-Dec-2020","02-Dec-2020","-","-"
"MASFIN","MAS Financial Services Limited","EQ"," Annual General Meeting","10","01-Dec-2020","-","03-Dec-2020","09-Dec-2020"
"SAKUMA","Sakuma Exports Limited","EQ"," Annual General Meeting/ Dividend - Re 0.1 Per Share","1","01-Dec-2020","-","03-Dec-2020","10-Dec-2020"
"63MOONS","63 moons technologies limited","EQ"," Annual General Meeting/Dividend - Rs 2 Per Share","2","01-Dec-2020","-","03-Dec-2020","09-Dec-2020"
"VLSFINANCE","VLS Finance Limited","EQ"," Annual General Meeting/Dividend - Rs 1.50 Per Share","10","02-Dec-2020","-","04-Dec-2020","10-Dec-2020"
"613GS2028","GOVERNMENT OF INDIA","GS"," Interest Payment","100","02-Dec-2020","03-Dec-2020","-","-"
"657GS2033","GOVERNMENT OF INDIA","GS"," Interest Payment","100","03-Dec-2020","04-Dec-2020","-","-"
"833GS2036","GOVERNMENT OF INDIA","GS"," Interest Payment","100","03-Dec-2020","05-Dec-2020","-","-"
"897GS2030","GOVERNMENT OF INDIA","GS"," Interest Payment","100","03-Dec-2020","04-Dec-2020","-","-"
"OAL","Oriental Aromatics Limited","EQ"," Interim Dividend - Rs 2.50 Per Share","5","03-Dec-2020","04-Dec-2020","-","-"
"GIPCL","Gujarat Industries Power Company Limited","EQ"," Dividend - Rs 2.90 Per Share","10","03-Dec-2020","-","05-Dec-2020","15-Dec-2020"
"PVP","PVP Ventures Limited","EQ"," Annual General Meeting","10","03-Dec-2020","-","07-Dec-2020","11-Dec-2020"
"JBMA","JBM Auto Limited","EQ"," Annual General Meeting/Dividend - Rs 1.75 Per Share","1","03-Dec-2020","04-Dec-2020","-","-"
"WINSOME","Winsome Yarns Limited","EQ"," Annual General Meeting","10","03-Dec-2020","-","05-Dec-2020","11-Dec-2020"
"GICHSGFIN","GIC Housing Finance Limited","EQ"," Annual General Meeting/Dividend - Rs 2 Per Share","10","03-Dec-2020","-","05-Dec-2020","18-Dec-2020"
"EROSMEDIA","Eros International Media Limited","EQ"," Annual General Meeting","10","04-Dec-2020","-","08-Dec-2020","15-Dec-2020"
"BEDMUTHA","Bedmutha Industries Limited","EQ"," Annual General Meeting","10","04-Dec-2020","-","08-Dec-2020","14-Dec-2020"
"ATNINTER","ATN International Limited","EQ"," Annual General Meeting","4","07-Dec-2020","-","09-Dec-2020","15-Dec-2020"
"DIGISPICE","DiGiSPICE Technologies Limited","EQ"," Annual General Meeting","3","07-Dec-2020","-","09-Dec-2020","15-Dec-2020"
"RVNL","Rail Vikas Nigam Limited","EQ"," Dividend - Rs 1.14 Per Share","10","08-Dec-2020","09-Dec-2020","-","-"
"RUBYMILLS","The Ruby Mills Limited","EQ"," Annual General Meeting","5","08-Dec-2020","-","10-Dec-2020","17-Dec-2020"
"STCINDIA","The State Trading Corporation of India Limited","EQ"," Annual General Meeting","10","08-Dec-2020","-","10-Dec-2020","17-Dec-2020"
"ORISSAMINE","The Orissa Minerals Development Company Limited","EQ"," Annual General Meeting","1","08-Dec-2020","-","10-Dec-2020","16-Dec-2020"
"HATSUN","Hatsun Agro Product Limited","EQ"," Bonus 1:3","1","09-Dec-2020","10-Dec-2020","-","-"
"815GS2022A","GOVERNMENT OF INDIA","GS"," Interest Payment","100","09-Dec-2020","10-Dec-2020","-","-"
"EXCEL","Excel Realty N Infra Limited","EQ"," Annual General Meeting","1","09-Dec-2020","-","11-Dec-2020","17-Dec-2020"
"JIKIND","JIK Industries Limited","EQ"," Annual General Meeting","10","09-Dec-2020","-","11-Dec-2020","18-Dec-2020"
"BLUECHIP","Blue Chip India Limited","EQ"," Annual General Meeting","2","09-Dec-2020","-","11-Dec-2020","17-Dec-2020"
"SALSTEEL","S.A.L. Steel Limited","EQ"," Annual General Meeting","10","09-Dec-2020","-","11-Dec-2020","23-Dec-2020"
"TNTELE","Tamilnadu Telecommunication Limited","EQ"," Annual General Meeting","10","09-Dec-2020","-","11-Dec-2020","18-Dec-2020"
"PNC","Pritish Nandy Communications Limited","EQ"," Annual General Meeting","10","09-Dec-2020","-","11-Dec-2020","17-Dec-2020"
"NFL","National Fertilizers Limited","EQ"," Annual General Meeting","10","09-Dec-2020","-","11-Dec-2020","17-Dec-2020"
"RELIGARE","Religare Enterprises Limited","EQ"," Annual General Meeting","10","09-Dec-2020","-","11-Dec-2020","17-Dec-2020"
"SHAHALLOYS","Shah Alloys Limited","EQ"," Annual General Meeting","10","09-Dec-2020","-","11-Dec-2020","23-Dec-2020"
"SPMLINFRA","SPML Infra Limited","EQ"," Annual General Meeting","2","09-Dec-2020","-","11-Dec-2020","17-Dec-2020"
"CCAVENUE","AvenuesAI Limited","EQ"," Demerger","1","10-Dec-2020","11-Dec-2020","-","-"
"617GS2023","GOVERNMENT OF INDIA","GS"," Interest Payment","100","10-Dec-2020","11-Dec-2020","-","-"
"883GS2041","GOVERNMENT OF INDIA","GS"," Interest Payment","100","10-Dec-2020","11-Dec-2020","-","-"
"GARFIBRES","Garware Technical Fibres Limited","EQ"," Buyback","10","10-Dec-2020","11-Dec-2020","-","-"
"PROSEED","Proseed India Limited","EQ"," Annual General Meeting","1","10-Dec-2020","-","13-Dec-2020","19-Dec-2020"
"DCMFINSERV","DCM Financial Services Limited","EQ"," Annual General Meeting","10","10-Dec-2020","-","12-Dec-2020","18-Dec-2020"
"WIPRO","Wipro Limited","EQ"," Buyback","2","10-Dec-2020","11-Dec-2020","-","-"
"GOENKA","Goenka Diamond and Jewels Limited","EQ"," Annual General Meeting","1","10-Dec-2020","-","14-Dec-2020","17-Dec-2020"
"PARASPETRO","Paras Petrofils Limited","EQ"," Annual General Meeting","1","10-Dec-2020","-","12-Dec-2020","17-Dec-2020"
"ADVANIHOTR","Advani Hotels & Resorts (India) Limited","EQ"," Annual General Meeting","2","10-Dec-2020","-","12-Dec-2020","22-Dec-2020"
"RUSHIL","Rushil Decor Limited","EQ"," Annual General Meeting/Dividend - Rs 0.50 Per Share","1","10-Dec-2020","-","12-Dec-2020","18-Dec-2020"
"522GS2025","Government of India","GS"," Interest Payment","100","11-Dec-2020","14-Dec-2020","-","-"
"768GS2023","GOVERNMENT OF INDIA","GS"," Interest Payment","100","11-Dec-2020","14-Dec-2020","-","-"
"VISASTEEL","Visa Steel Limited","EQ"," Annual General Meeting","10","11-Dec-2020","-","15-Dec-2020","22-Dec-2020"
"772GS2049","GOVERNMENT OF INDIA","GS"," Interest Payment","100","11-Dec-2020","14-Dec-2020","-","-"
"SANGHVIFOR","Sanghvi Forging and Engineering Limited","EQ"," Annual General Meeting","10","11-Dec-2020","-","15-Dec-2020","24-Dec-2020"
"SIMBHALS","Simbhaoli Sugars Limited","EQ"," Annual General Meeting","10","11-Dec-2020","-","15-Dec-2020","21-Dec-2020"
"ATLANTAA","ATLANTAA LIMITED","EQ"," Annual General Meeting","2","14-Dec-2020","-","16-Dec-2020","23-Dec-2020"
"DREDGECORP","Dredging Corporation of India Limited","EQ"," Annual General Meeting","10","14-Dec-2020","-","16-Dec-2020","22-Dec-2020"
"IFCI","IFCI Limited","EQ"," Annual General Meeting","10","14-Dec-2020","-","16-Dec-2020","22-Dec-2020"
"RKDL","Ravi Kumar Distilleries Limited","EQ"," Annual General Meeting","10","14-Dec-2020","-","16-Dec-2020","23-Dec-2020"
"GARDENSILK","Garden Silk Mills Limited","EQ"," Annual General Meeting","10","14-Dec-2020","-","16-Dec-2020","21-Dec-2020"
"3IINFOTECH","3i Infotech Limited","EQ"," Annual General Meeting","10","14-Dec-2020","-","16-Dec-2020","23-Dec-2020"
"WEIZMANIND","Weizmann Limited","EQ"," Annual General Meeting","10","14-Dec-2020","-","16-Dec-2020","22-Dec-2020"
"DBREALTY","Valor Estate Limited","EQ"," Annual General Meeting","10","14-Dec-2020","-","16-Dec-2020","22-Dec-2020"
"MBECL","Mcnally Bharat Engineering Company Limited","EQ"," Annual General Meeting","10","14-Dec-2020","-","16-Dec-2020","22-Dec-2020"
"KARMAENG","Karma Energy Limited","EQ"," Annual General Meeting","10","14-Dec-2020","15-Dec-2020","-","-"
"MAHASTEEL","Mahamaya Steel Industries Limited","EQ"," Annual General Meeting","10","15-Dec-2020","-","17-Dec-2020","23-Dec-2020"
"763GS2059","GOVERNMENT OF INDIA","GS"," Interest Payment","100","15-Dec-2020","16-Dec-2020","-","-"
"769GS2043","GOVERNMENT OF INDIA","GS"," Interest Payment","100","15-Dec-2020","16-Dec-2020","-","-"
"MOHOTAIND","Mohota Industries Limited","EQ"," Annual General Meeting","10","15-Dec-2020","-","17-Dec-2020","24-Dec-2020"
"757GS2033","GOVERNMENT OF INDIA","GS"," Interest Payment","100","15-Dec-2020","16-Dec-2020","-","-"
"GFSTEELS","Grand Foundry Limited","EQ"," Annual General Meeting","4","15-Dec-2020","-","17-Dec-2020","23-Dec-2020"
"RADAAN","Radaan Mediaworks India Limited","EQ"," Annual General Meeting","2","15-Dec-2020","-","17-Dec-2020","24-Dec-2020"
"PRAKASHSTL","Prakash Steelage Limited","EQ"," Annual General Meeting","1","15-Dec-2020","-","17-Dec-2020","23-Dec-2020"
"APLAPOLLO","APL Apollo Tubes Limited","EQ"," Face Value Split (Sub-Division) - From Rs 10/- Per Share To Rs 2/- Per Share","2","15-Dec-2020","16-Dec-2020","-","-"
"PANACEABIO","Panacea Biotec Limited","EQ"," Annual General Meeting","1","15-Dec-2020","-","17-Dec-2020","24-Dec-2020"
"ARIHANT","Arihant Foundations & Housing Limited","EQ"," Annual General Meeting","10","15-Dec-2020","-","17-Dec-2020","23-Dec-2020"
"SANWARIA","Sanwaria Consumer Limited","EQ"," Annual General Meeting","1","15-Dec-2020","-","17-Dec-2020","24-Dec-2020"
"MMTC","MMTC Limited","EQ"," Annual General Meeting","1","15-Dec-2020","-","17-Dec-2020","24-Dec-2020"
"CUBEXTUB","Cubex Tubings Limited","EQ"," Annual General Meeting","10","15-Dec-2020","-","17-Dec-2020","23-Dec-2020"
"SPICEJET","SPICEJET LTD","EQ"," Annual General Meeting","10","16-Dec-2020","-","18-Dec-2020","24-Dec-2020"
"VISHAL","Vishal Fabrics Limited","EQ"," Bonus 1:2","5","16-Dec-2020","17-Dec-2020","-","-"
"GBGLOBAL","GB Global Limited","EQ"," Annual General Meeting","10","16-Dec-2020","-","18-Dec-2020","24-Dec-2020"
"TGBHOTELS","TGB Banquets And Hotels Limited","EQ"," Annual General Meeting","10","16-Dec-2020","-","18-Dec-2020","24-Dec-2020"
"DYNPRO","Dynemic Products Limited","EQ"," Annual General Meeting","10","16-Dec-2020","17-Dec-2020","-","-"
"KWALITY","kwality limited","EQ"," Annual General Meeting","1","16-Dec-2020","-","18-Dec-2020","24-Dec-2020"
"MTEDUCARE","MT Educare Limited","EQ"," Annual General Meeting","10","16-Dec-2020","-","18-Dec-2020","24-Dec-2020"
"RESPONIND","Responsive Industries Limited","EQ"," Annual General Meeting/Dividend - Rs 0.07 Per Share","1","16-Dec-2020","-","18-Dec-2020","24-Dec-2020"
"INVENTURE","Inventure Growth & Securities Limited","EQ"," Annual General Meeting","1","16-Dec-2020","-","18-Dec-2020","26-Dec-2020"
"HUBTOWN","Hubtown Limited","EQ"," Annual General Meeting","10","16-Dec-2020","-","18-Dec-2020","24-Dec-2020"
"HCC","Hindustan Construction Company Limited","EQ"," Annual General Meeting","1","16-Dec-2020","-","18-Dec-2020","24-Dec-2020"
"SANDESH","The Sandesh Limited","EQ"," Annual General Meeting","10","16-Dec-2020","-","18-Dec-2020","30-Dec-2020"
"JAYNECOIND","Jayaswal Neco Industries Limited","EQ"," Annual General Meeting","10","16-Dec-2020","-","18-Dec-2020","24-Dec-2020"
"JPINFRATEC","Jaypee Infratech Limited","EQ"," Annual General Meeting","10","16-Dec-2020","-","18-Dec-2020","24-Dec-2020"
"SEYAIND","Seya Industries Limited","EQ"," Annual General Meeting","10","17-Dec-2020","-","20-Dec-2020","26-Dec-2020"
"CUPID","Cupid Limited","EQ"," Annual General Meeting","1","17-Dec-2020","-","21-Dec-2020","22-Dec-2020"
"HAL","Hindustan Aeronautics Limited","EQ"," Interim Dividend - Rs 15 Per Share","5","17-Dec-2020","19-Dec-2020","-","-"
"684GS2022","GOVERNMENT OF INDIA","GS"," Interest Payment","100","17-Dec-2020","18-Dec-2020","-","-"
"773GS2034","GOVERNMENT OF INDIA","GS"," Interest Payment","100","17-Dec-2020","18-Dec-2020","-","-"
"IDFCFIRSTB","IDFC First Bank Limited","H9"," Interest Payment","5000","17-Dec-2020","19-Dec-2020","-","-"
"PRABHAT","Prabhat Dairy Limited","EQ"," Annual General Meeting","10","17-Dec-2020","-","21-Dec-2020","26-Dec-2020"
"DATAMATICS","Datamatics Global Services Limited","EQ"," Annual General Meeting","5","17-Dec-2020","-","20-Dec-2020","26-Dec-2020"
"ARENTERP","Rajdarshan Industries Limited","EQ"," Annual General Meeting","10","17-Dec-2020","-","19-Dec-2020","26-Dec-2020"
"POWERGRID","Power Grid Corporation of India Limited","EQ"," Interim Dividend - Rs 5 Per Share","10","17-Dec-2020","19-Dec-2020","-","-"
"JISLDVREQS","Jain Irrigation Systems Limited","EQ"," Annual General Meeting","2","17-Dec-2020","-","21-Dec-2020","30-Dec-2020"
"ZODIACLOTH","Zodiac Clothing Company Limited","EQ"," Annual General Meeting","10","17-Dec-2020","-","19-Dec-2020","28-Dec-2020"
"JISLJALEQS","Jain Irrigation Systems Limited","EQ"," Annual General Meeting","2","17-Dec-2020","-","21-Dec-2020","30-Dec-2020"
"POCHIRAJU","Pochiraju Industries Limited","EQ"," Annual General Meeting","10","17-Dec-2020","-","20-Dec-2020","26-Dec-2020"
"HITECHGEAR","The Hi-Tech Gears Limited","EQ"," Annual General Meeting","10","17-Dec-2020","-","20-Dec-2020","26-Dec-2020"
"TECILCHEM","TECIL Chemicals and Hydro Power Limited","EQ"," Annual General Meeting","10","17-Dec-2020","-","21-Dec-2020","28-Dec-2020"
"OMAXE","Omaxe Limited","EQ"," Annual General Meeting","10","17-Dec-2020","-","19-Dec-2020","24-Dec-2020"
"ASIANHOTNR","Asian Hotels (North) Limited","EQ"," Annual General Meeting","10","17-Dec-2020","-","19-Dec-2020","24-Dec-2020"
"MADHAV","Madhav Marbles and Granites Limited","EQ"," Annual General Meeting","10","17-Dec-2020","-","19-Dec-2020","26-Dec-2020"
"MODTHREAD","Modern Threads (India) Limited","EQ"," Annual General Meeting","10","17-Dec-2020","-","21-Dec-2020","28-Dec-2020"
"NSIL","Nalwa Sons Investments Limited","EQ"," Annual General Meeting","10","17-Dec-2020","-","21-Dec-2020","24-Dec-2020"
"GATECH","GACM Technologies Limited","EQ"," Annual General Meeting","1","18-Dec-2020","-","22-Dec-2020","29-Dec-2020"
"BILVYAPAR","BIL VYAPAR LIMITED","EQ"," Annual General Meeting","10","18-Dec-2020","-","22-Dec-2020","29-Dec-2020"
"ACLGATI","Allcargo Gati Limited","EQ"," Annual General Meeting","2","18-Dec-2020","-","22-Dec-2020","28-Dec-2020"
"GATECHDVR","GACM Technologies Limited","EQ"," Annual General Meeting","1","18-Dec-2020","-","22-Dec-2020","29-Dec-2020"
"JAICORPLTD","Jai Corp Limited","EQ"," Dividend - Rs 0.50 Per Share","1","18-Dec-2020","-","22-Dec-2020","28-Dec-2020"
"735GS2024","GOVERNMENT OF INDIA","GS"," Interest Payment","100","18-Dec-2020","21-Dec-2020","-","-"
"SIMPLEXINF","Simplex Infrastructures Limited","EQ"," Annual General Meeting","2","18-Dec-2020","-","22-Dec-2020","30-Dec-2020"
"SETCO","Setco Automotive Limited","EQ"," Annual General Meeting","2","18-Dec-2020","-","22-Dec-2020","28-Dec-2020"
"BCG","Brightcom Group Limited","EQ"," Annual General Meeting/Dividend - Rs 0.05 Per Share","2","18-Dec-2020","-","22-Dec-2020","28-Dec-2020"
"ENERGYDEV","Energy Development Company Limited","EQ"," Annual General Meeting/Dividend - Rs 0.50 Per Share","10","18-Dec-2020","-","22-Dec-2020","28-Dec-2020"
"ONELIFECAP","Onelife Capital Advisors Limited","EQ"," Annual General Meeting","10","18-Dec-2020","-","22-Dec-2020","29-Dec-2020"
"GAMMONIND","Gammon India Limited","EQ"," Annual General Meeting","2","18-Dec-2020","-","22-Dec-2020","29-Dec-2020"
"RAJSREESUG","Rajshree Sugars & Chemicals Limited","EQ"," Annual General Meeting","10","18-Dec-2020","-","22-Dec-2020","28-Dec-2020"
"813GS2045","GOVERNMENT OF INDIA","GS"," Interest Payment","100","18-Dec-2020","21-Dec-2020","-","-"
"ORCHPHARMA","Orchid Pharma Limited","EQ"," Annual General Meeting","10","21-Dec-2020","-","23-Dec-2020","30-Dec-2020"
"DCW","DCW Limited","EQ"," Annual General Meeting","2","21-Dec-2020","-","23-Dec-2020","29-Dec-2020"
"VIVIDHA","Visagar Polytex Limited","EQ"," Annual General Meeting","1","21-Dec-2020","-","23-Dec-2020","29-Dec-2020"
"LYPSAGEMS","Lypsa Gems & Jewellery Limited","EQ"," Annual General Meeting","10","21-Dec-2020","-","23-Dec-2020","30-Dec-2020"
"NAGAFERT","Nagarjuna Fertilizers and Chemicals Limited","EQ"," Annual General Meeting","1","21-Dec-2020","-","23-Dec-2020","30-Dec-2020"
"923GS2043","GOVERNMENT OF INDIA","GS"," Interest Payment","100","21-Dec-2020","22-Dec-2020","-","-"
"DPWIRES","D P Wires Limited","EQ"," Annual General Meeting","10","21-Dec-2020","-","23-Dec-2020","31-Dec-2020"
"ORTINLABSS","Ortin Laboratories Limited","EQ"," Annual General Meeting","10","21-Dec-2020","-","23-Dec-2020","29-Dec-2020"
"KRIDHANINF","Kridhan Infra Limited","EQ"," Annual General Meeting","2","21-Dec-2020","-","23-Dec-2020","29-Dec-2020"
"HDIL","Housing Development and Infrastructure Limited","EQ"," Annual General Meeting","10","21-Dec-2020","-","23-Dec-2020","23-Dec-2020"
"PREMIER","Premier Limited","EQ"," Annual General Meeting","10","21-Dec-2020","-","23-Dec-2020","30-Dec-2020"
"JBFIND","JBF Industries Limited","EQ"," Annual General Meeting","10","21-Dec-2020","-","23-Dec-2020","30-Dec-2020"
"TI","Tilaknagar Industries Limited","EQ"," Annual General Meeting","10","21-Dec-2020","-","23-Dec-2020","29-Dec-2020"
"SATHAISPAT","Sathavahana Ispat Limited","EQ"," Annual General Meeting","10","21-Dec-2020","-","23-Dec-2020","29-Dec-2020"
"ATCOM","Atcom Technologies Limited","EQ"," Annual General Meeting","10","21-Dec-2020","-","23-Dec-2020","30-Dec-2020"
"KOHINOOR","Kohinoor Foods Limited","EQ"," Annual General Meeting","10","21-Dec-2020","-","23-Dec-2020","29-Dec-2020"
"MADRASFERT","Madras Fertilizers Limited","EQ"," Annual General Meeting","10","21-Dec-2020","-","23-Dec-2020","29-Dec-2020"
"SICAL","Sical Logistics Limited","EQ"," Annual General Meeting","10","21-Dec-2020","-","23-Dec-2020","29-Dec-2020"
"PAEL","PAE Limited","EQ"," Annual General Meeting","10","21-Dec-2020","-","23-Dec-2020","30-Dec-2020"
"TOKYOPLAST","Tokyo Plast International Limited","EQ"," Annual General Meeting","10","21-Dec-2020","-","23-Dec-2020","30-Dec-2020"
"HEMIPROP","Hemisphere Properties India Limited","EQ"," Annual General Meeting","10","21-Dec-2020","-","23-Dec-2020","29-Dec-2020"
"KAVDEFENCE","Kavveri Defence & Wireless Technologies Limited","EQ"," Annual General Meeting","10","22-Dec-2020","-","24-Dec-2020","31-Dec-2020"
"GOLDENTOBC","Golden Tobacco Limited","EQ"," Annual General Meeting","10","22-Dec-2020","-","24-Dec-2020","30-Dec-2020"
"SHIRPUR-G","Shirpur Gold Refinery Limited","EQ"," Annual General Meeting","10","22-Dec-2020","-","24-Dec-2020","31-Dec-2020"
"UJAAS","Ujaas Energy Limited","EQ"," Annual General Meeting","1","22-Dec-2020","-","24-Dec-2020","30-Dec-2020"
"SKIL","SKIL Infrastructure Limited","EQ"," Annual General Meeting","10","22-Dec-2020","-","24-Dec-2020","30-Dec-2020"
"ARCOTECH","Arcotech Limited","EQ"," Annual General Meeting","2","22-Dec-2020","-","24-Dec-2020","30-Dec-2020"
"HAVISHA","Sri Havisha Hospitality and Infrastructure Limited","EQ"," Annual General Meeting","2","22-Dec-2020","-","24-Dec-2020","30-Dec-2020"
"MAXVIL","Max Ventures and Industries Limited","EQ"," Annual General Meeting","10","22-Dec-2020","-","24-Dec-2020","30-Dec-2020"
"MFSL","Max Financial Services Limited","EQ"," Annual General Meeting","2","22-Dec-2020","-","24-Dec-2020","30-Dec-2020"
"TITAGARH","TITAGARH RAIL SYSTEMS LIMITED","EQ"," Annual General Meeting","2","22-Dec-2020","-","24-Dec-2020","30-Dec-2020"
"DSKULKARNI","DS Kulkarni Developers Limited","EQ"," Annual General Meeting","10","22-Dec-2020","-","24-Dec-2020","31-Dec-2020"
"ANANTRAJ","Anant Raj Limited","EQ"," Annual General Meeting/Dividend - Re 0.08  Per Share","2","22-Dec-2020","-","24-Dec-2020","30-Dec-2020"
"ASHAPURMIN","Ashapura Minechem Limited","EQ"," Annual General Meeting","2","22-Dec-2020","-","24-Dec-2020","30-Dec-2020"
"BGLOBAL","Bharatiya Global Infomedia Limited","EQ"," Annual General Meeting","10","22-Dec-2020","-","24-Dec-2020","30-Dec-2020"
"ZEELEARN","Zee Learn Limited","EQ"," Annual General Meeting","1","22-Dec-2020","-","24-Dec-2020","30-Dec-2020"
"BANG","Bang Overseas Limited","EQ"," Annual General Meeting","10","22-Dec-2020","-","24-Dec-2020","30-Dec-2020"
"GMDCLTD","Gujarat Mineral Development Corporation Limited","EQ"," Annual General Meeting/Dividend - Rs 2 Per Share","2","22-Dec-2020","-","24-Dec-2020","31-Dec-2020"
"SYNCOM","Syncom Healthcare Limited","EQ"," Annual General Meeting","10","22-Dec-2020","-","24-Dec-2020","30-Dec-2020"
"VISESHINFO","Visesh Infotecnics Limited","EQ"," Annual General Meeting","1","22-Dec-2020","-","24-Dec-2020","30-Dec-2020"
"REGENCERAM","Regency Ceramics Limited","EQ"," Annual General Meeting","10","22-Dec-2020","-","24-Dec-2020","30-Dec-2020"
"MELSTAR","Melstar Information Technologies Limited","EQ"," Annual General Meeting","10","22-Dec-2020","-","24-Dec-2020","31-Dec-2020"
"PRAENG","Prajay Engineers Syndicate Limited","EQ"," Annual General Meeting","10","22-Dec-2020","-","24-Dec-2020","30-Dec-2020"
"AUTORIDFIN","Autoriders Finance Limited","EQ"," Annual General Meeting","10","22-Dec-2020","-","24-Dec-2020","31-Dec-2020"
"RCF","Rashtriya Chemicals and Fertilizers Limited","EQ"," Annual General Meeting/Dividend - Rs 2.84 Per Share","10","22-Dec-2020","23-Dec-2020","-","-"
"MANGTIMBER","Mangalam Timber Products Limited","EQ"," Annual General Meeting","10","22-Dec-2020","-","24-Dec-2020","30-Dec-2020"
"CYBERMEDIA","Cyber Media (India) Limited","EQ"," Annual General Meeting","10","22-Dec-2020","-","24-Dec-2020","30-Dec-2020"
"BVCL","Barak Valley Cements Limited","EQ"," Annual General Meeting","10","22-Dec-2020","-","24-Dec-2020","30-Dec-2020"
"THOMASCOTT","Thomas Scott (India) Limited","EQ"," Annual General Meeting","10","22-Dec-2020","-","24-Dec-2020","30-Dec-2020"
"PEARLPOLY","Pearl Polymers Limited","EQ"," Annual General Meeting","10","22-Dec-2020","-","24-Dec-2020","30-Dec-2020"
"NEUEON","Neueon Corporation Limited","EQ"," Annual General Meeting","1","23-Dec-2020","-","28-Dec-2020","28-Dec-2020"
"RAJESHEXPO","Rajesh Exports Limited","EQ"," Dividend - Re 1 Per Share","1","23-Dec-2020","-","25-Dec-2020","31-Dec-2020"
"CCHHL","Country Club Hospitality & Holidays Limited","EQ"," Annual General Meeting","2","23-Dec-2020","-","25-Dec-2020","31-Dec-2020"
"ITDC","India Tourism Development Corporation Limited","EQ"," Annual General Meeting","10","23-Dec-2020","-","28-Dec-2020","30-Dec-2020"
"679GS2029","GOVERNMENT OF INDIA","GS"," Interest Payment","100","23-Dec-2020","24-Dec-2020","-","-"
"MANPASAND","Manpasand Beverages Limited","EQ"," Annual General Meeting","10","23-Dec-2020","-","28-Dec-2020","31-Dec-2020"
"JMA","Jullundur Motor Agency (Delhi) Limited","EQ"," Buy Back","2","23-Dec-2020","24-Dec-2020","-","-"
"SEJAL","SEJAL GLASS LIMITED","EQ"," Annual General Meeting","10","23-Dec-2020","-","26-Dec-2020","29-Dec-2020"
"AURUM","Aurum PropTech Limited","EQ"," Interim Dividend - Rs 974 Per Share","5","23-Dec-2020","25-Dec-2020","-","-"
"MTNL","Mahanagar Telephone Nigam Limited","EQ"," Annual General Meeting","10","23-Dec-2020","-","25-Dec-2020","31-Dec-2020"
"IL&FSTRANS","IL&FS Transportation Networks Limited","EQ"," Annual General Meeting","10","23-Dec-2020","-","25-Dec-2020","31-Dec-2020"
"BLUEBLENDS","Blue Blends (I) Limited","EQ"," Annual General Meeting","10","23-Dec-2020","-","26-Dec-2020","29-Dec-2020"
"GLOBALVECT","Global Vectra Helicorp Limited","EQ"," Annual General Meeting","10","23-Dec-2020","-","28-Dec-2020","29-Dec-2020"
"WEBELSOLAR","Websol Energy System Limited","EQ"," Annual General Meeting","1","23-Dec-2020","-","25-Dec-2020","31-Dec-2020"
"KSERASERA","KSS Limited","EQ"," Annual General Meeting","1","23-Dec-2020","-","25-Dec-2020","31-Dec-2020"
"SMPL","Splendid Metal Products Limited","EQ"," Annual General Meeting","5","23-Dec-2020","-","28-Dec-2020","28-Dec-2020"
"SUJANAUNI","Sujana Universal Industries Limited","EQ"," Annual General Meeting","10","23-Dec-2020","-","28-Dec-2020","28-Dec-2020"
"JINDCOT","Jindal Cotex Limited","EQ"," Annual General Meeting","10","23-Dec-2020","-","25-Dec-2020","30-Dec-2020"
"MIC","MIC Electronics Limited","EQ"," Annual General Meeting","2","23-Dec-2020","-","25-Dec-2020","31-Dec-2020"
"REFEX","Refex Industries Limited","EQ"," Annual General Meeting","2","23-Dec-2020","-","25-Dec-2020","29-Dec-2020"
"VISUINTL","Visu International Limited","EQ"," Annual General Meeting","10","23-Dec-2020","-","25-Dec-2020","31-Dec-2020"
"VIVIMEDLAB","Vivimed Labs Limited","EQ"," Annual General Meeting","2","23-Dec-2020","-","25-Dec-2020","30-Dec-2020"
"BARTRONICS","Bartronics India Limited","EQ"," Annual General Meeting","10","23-Dec-2020","-","28-Dec-2020","29-Dec-2020"
"PSL","PSL Limited","EQ"," Annual General Meeting","10","23-Dec-2020","-","25-Dec-2020","30-Dec-2020"
"NDL","Nandan Denim Limited","EQ"," Annual General Meeting","1","23-Dec-2020","-","26-Dec-2020","31-Dec-2020"
"VALIANTORG","Valiant Organics Limited","EQ"," Bonus 1:1","10","24-Dec-2020","28-Dec-2020","-","-"
"OPTOCIRCUI","Opto Circuits (India) Limited","EQ"," Annual General Meeting","10","24-Dec-2020","-","29-Dec-2020","31-Dec-2020"
"IVRCLINFRA","IVRCL Limited","EQ"," Annual General Meeting","2","24-Dec-2020","-","29-Dec-2020","31-Dec-2020"
"GUJRAFFIA","Gujarat Raffia Industries Limited","EQ"," Extra Ordinary General Meeting","10","24-Dec-2020","-","29-Dec-2020","04-Jan-2021"
"BFUTILITIE","BF Utilities Limited","EQ"," Annual General Meeting","5","28-Dec-2020","-","30-Dec-2020","30-Dec-2020"
"83GS2042","GOVERNMENT OF INDIA","GS"," Interest Payment","100","28-Dec-2020","29-Dec-2020","-","-"
"83GS2040","GOVERNMENT OF INDIA","GS"," Interest Payment","100","31-Dec-2020","01-Jan-2021","-","-"
"ENGINERSIN","Engineers India Limited","EQ"," Buyback","5","31-Dec-2020","01-Jan-2021","-","-"
"PILANIINVS","Pilani Investment and Industries Corporation Limited","EQ"," Bonus 2:5","10","31-Dec-2020","02-Jan-2021","-","-"